avatarThumbnail,cid,createTime,createTimeISO,diggCount,input,likedByAuthor,pinnedByAuthor,repliesToId,replyCommentTotal,submittedVideoUrl,text,uid,uniqueId,videoWebUrl
https://p19-common-sign-va.tiktokcdn-us.com/tos-maliva-avt-0068/c1f35c479f1d63ec17d7f9305f21c871~tplv-tiktokx-cropcenter:100:100.jpg?dr=9640&refresh_token=3f606cf5&x-expires=1746172800&x-signature=7Xd9RiG52mrwGpdOp1FoU6IOaHQ%3D&t=4d5b0474&ps=13740610&shp=30310797&shcp=ff37627b&idc=useast5,7.49075E+18,1744077157,2025-04-08T01:52:37.000Z,0,https://vt.tiktok.com/ZSh8FQbqo/,FALSE,FALSE,,0,https://vt.tiktok.com/ZSh8FQbqo/,Pay pay pay😂😂😂😂😂,7.40974E+18,ewl.hasan,https://www.tiktok.com/@hai_online/video/7473394493971074311
https://p16-common-sign-sg.tiktokcdn-us.com/tos-alisg-avt-0068/2f379305e194faaf526a5e0a9e846333~tplv-tiktokx-cropcenter:100:100.jpg?dr=9640&refresh_token=93abe0c8&x-expires=1746172800&x-signature=RBroIFcScaNdi1HZ9RcTDkDT4SU%3D&t=4d5b0474&ps=13740610&shp=30310797&shcp=ff37627b&idc=useast5,7.4734E+18,1740035565,2025-02-20T07:12:45.000Z,232,https://vt.tiktok.com/ZSh8FQbqo/,FALSE,FALSE,,1,https://vt.tiktok.com/ZSh8FQbqo/,what a joke,6.9042E+18,alanscout_,https://www.tiktok.com/@hai_online/video/7473394493971074311
https://p16-common-sign-sg.tiktokcdn-us.com/tos-alisg-avt-0068/169c354b4721909140d39231f17d961b~tplv-tiktokx-cropcenter:100:100.jpg?dr=9640&refresh_token=4540e17b&x-expires=1746172800&x-signature=KZnRVMOBm47DMp0KI8C8vTZ%2B0us%3D&t=4d5b0474&ps=13740610&shp=30310797&shcp=ff37627b&idc=useast5,7.47345E+18,1740047314,2025-02-20T10:28:34.000Z,4734,https://vt.tiktok.com/ZSh8FQbqo/,FALSE,FALSE,,31,https://vt.tiktok.com/ZSh8FQbqo/,"SUKATANI TIDAK KLARIFIKASI, TAPI TERINTIMIDASI
#KamiBersamaSUKATANI",6.94065E+18,bukanpahlawan432,https://www.tiktok.com/@hai_online/video/7473394493971074311
https://p16-common-sign-va.tiktokcdn-us.com/tos-maliva-avt-0068/115091eada97c2739864fbbea30b53cd~tplv-tiktokx-cropcenter:100:100.jpg?dr=9640&refresh_token=b2c732f6&x-expires=1746172800&x-signature=nDlzcVugAWkH7NzLxu5L%2FmWaqhY%3D&t=4d5b0474&ps=13740610&shp=30310797&shcp=ff37627b&idc=useast5,7.4734E+18,1740035625,2025-02-20T07:13:45.000Z,6300,https://vt.tiktok.com/ZSh8FQbqo/,FALSE,FALSE,,8,https://vt.tiktok.com/ZSh8FQbqo/,Kami bersama sukatani,6.95899E+18,arishamim_,https://www.tiktok.com/@hai_online/video/7473394493971074311
https://p16-common-sign-sg.tiktokcdn-us.com/tos-alisg-avt-0068/5ac2264c2a845aaea2f7049fa2aca906~tplv-tiktokx-cropcenter:100:100.jpg?dr=9640&refresh_token=5c302ca2&x-expires=1746172800&x-signature=WSCokqYqSYSo%2BSlHV1vnSUlThqs%3D&t=4d5b0474&ps=13740610&shp=30310797&shcp=ff37627b&idc=useast5,7.47354E+18,1740068176,2025-02-20T16:16:16.000Z,4927,https://vt.tiktok.com/ZSh8FQbqo/,FALSE,FALSE,,36,https://vt.tiktok.com/ZSh8FQbqo/,"YOK KALIAN YG BISA MAIN MUSIK, MULAI SEKARANG COVER LAGU MEREKA YG BAYAR BAYAR BAYAR!!!!",6.89635E+18,mrxxx0073,https://www.tiktok.com/@hai_online/video/7473394493971074311
https://p16-common-sign-va.tiktokcdn-us.com/tos-maliva-avt-0068/529448dbfcc3d03df007d301af25b022~tplv-tiktokx-cropcenter:100:100.jpg?dr=9640&refresh_token=462fe6c0&x-expires=1746172800&x-signature=0jqfhV0jS8iH9tUtr1i4vE8iSm4%3D&t=4d5b0474&ps=13740610&shp=30310797&shcp=ff37627b&idc=useast5,7.47346E+18,1740049863,2025-02-20T11:11:03.000Z,1621,https://vt.tiktok.com/ZSh8FQbqo/,FALSE,FALSE,,16,https://vt.tiktok.com/ZSh8FQbqo/,"kok isok 😂
padahal kenyataane ngono.
bayar bayar bayar 😂",6.86977E+18,kakao_6790,https://www.tiktok.com/@hai_online/video/7473394493971074311
https://p16-common-sign-va.tiktokcdn-us.com/musically-maliva-obj/1594805258216454~tplv-tiktokx-cropcenter:100:100.jpg?dr=9640&refresh_token=8a29684a&x-expires=1746172800&x-signature=7DZto9hg0aqFDqq0kULxMSzQbEQ%3D&t=4d5b0474&ps=13740610&shp=30310797&shcp=ff37627b&idc=useast5,7.4734E+18,1740035625,2025-02-20T07:13:45.000Z,5228,https://vt.tiktok.com/ZSh8FQbqo/,FALSE,FALSE,,21,https://vt.tiktok.com/ZSh8FQbqo/,"wah parah, padahal liriknya fakta semua",7.11036E+18,addamn666,https://www.tiktok.com/@hai_online/video/7473394493971074311
https://p16-common-sign-useast2a.tiktokcdn-us.com/tos-useast2a-avt-0068-giso/8fbedd063a05bdda647c613e9b2ff1fa~tplv-tiktokx-cropcenter:100:100.jpg?dr=9640&refresh_token=41495f5d&x-expires=1746172800&x-signature=zwYu7Gg0ILngaflmRdoYnhGJ%2B7s%3D&t=4d5b0474&ps=13740610&shp=30310797&shcp=ff37627b&idc=useast5,7.4734E+18,1740035925,2025-02-20T07:18:45.000Z,3737,https://vt.tiktok.com/ZSh8FQbqo/,FALSE,FALSE,,50,https://vt.tiktok.com/ZSh8FQbqo/,sukatani ga salah ini knpa pada minta naaf,6.93092E+18,just.nopall5,https://www.tiktok.com/@hai_online/video/7473394493971074311
https://p16-common-sign-va.tiktokcdn-us.com/tos-maliva-avt-0068/28db0483692d771e505cbf7a55d917d4~tplv-tiktokx-cropcenter:100:100.jpg?dr=9640&refresh_token=3425b0f7&x-expires=1746172800&x-signature=SWkWZApauMa9VQh5gfNiQVuUSIQ%3D&t=4d5b0474&ps=13740610&shp=30310797&shcp=ff37627b&idc=useast5,7.47342E+18,1740040846,2025-02-20T08:40:46.000Z,19992,https://vt.tiktok.com/ZSh8FQbqo/,FALSE,FALSE,,191,https://vt.tiktok.com/ZSh8FQbqo/,"mereka bukan KLARIFIKASI, mereka DIINTIMIDASI",6.92503E+18,wztrippiee,https://www.tiktok.com/@hai_online/video/7473394493971074311
https://p16-common-sign-sg.tiktokcdn-us.com/tos-alisg-avt-0068/8ce6c2871a5023229e148d56adab1d67~tplv-tiktokx-cropcenter:100:100.jpg?dr=9640&refresh_token=881af7f5&x-expires=1746172800&x-signature=Jk7exnFZJnzt9oNbQs7qNerOTfI%3D&t=4d5b0474&ps=13740610&shp=30310797&shcp=ff37627b&idc=useast5,7.47343E+18,1740043621,2025-02-20T09:27:01.000Z,250,https://vt.tiktok.com/ZSh8FQbqo/,FALSE,FALSE,,1,https://vt.tiktok.com/ZSh8FQbqo/,Berarti apa yg di nyanyikan oleh sukatani adalah nyata adanya😂,7.00946E+18,apriweah,https://www.tiktok.com/@hai_online/video/7473394493971074311
https://p16-common-sign-sg.tiktokcdn-us.com/tos-alisg-avt-0068/e760b3484b09d2659b44c4f0c6e55163~tplv-tiktokx-cropcenter:100:100.jpg?dr=9640&refresh_token=ba854f9a&x-expires=1746172800&x-signature=LEbkYX2%2BD5zYofKyjntcH8kbLck%3D&t=4d5b0474&ps=13740610&shp=30310797&shcp=ff37627b&idc=useast5,7.47347E+18,1740051859,2025-02-20T11:44:19.000Z,4189,https://vt.tiktok.com/ZSh8FQbqo/,FALSE,FALSE,,28,https://vt.tiktok.com/ZSh8FQbqo/,ndk ush di cabut lagu bayar bayar bayar soal enak lagu ny,7.45765E+18,jalurselatan13,https://www.tiktok.com/@hai_online/video/7473394493971074311
https://p16-common-sign-va.tiktokcdn-us.com/tos-maliva-avt-0068/9c47009d1bd0e3dddee992793f8936d0~tplv-tiktokx-cropcenter:100:100.jpg?dr=9640&refresh_token=de92bd54&x-expires=1746172800&x-signature=acJUPvMvF5BV1Xqlwkf2uHaOdFM%3D&t=4d5b0474&ps=13740610&shp=30310797&shcp=ff37627b&idc=useast5,7.4734E+18,1740037195,2025-02-20T07:39:55.000Z,5923,https://vt.tiktok.com/ZSh8FQbqo/,FALSE,FALSE,,53,https://vt.tiktok.com/ZSh8FQbqo/,Berarti bayar polisi adalah fakta?,6.87171E+18,briannnnn012,https://www.tiktok.com/@hai_online/video/7473394493971074311
https://p16-common-sign-sg.tiktokcdn-us.com/tos-alisg-avt-0068/230c544d9a75514b32b5b9315a7c96ea~tplv-tiktokx-cropcenter:100:100.jpg?dr=9640&refresh_token=7b3cbfad&x-expires=1746172800&x-signature=rtDTQOYhrlGyl4%2FRZEPZyVnMoAk%3D&t=4d5b0474&ps=13740610&shp=30310797&shcp=ff37627b&idc=useast5,7.47351E+18,1740062869,2025-02-20T14:47:49.000Z,3013,https://vt.tiktok.com/ZSh8FQbqo/,FALSE,FALSE,,21,https://vt.tiktok.com/ZSh8FQbqo/,tersinggung artinya?🤡,6.80869E+18,aiueotan_,https://www.tiktok.com/@hai_online/video/7473394493971074311
https://p16-common-sign-sg.tiktokcdn-us.com/tos-alisg-avt-0068/2063d847053f89027b2e983ff609eff0~tplv-tiktokx-cropcenter:100:100.jpg?dr=9640&refresh_token=0faa68fe&x-expires=1746172800&x-signature=I6Q6VpnFrN%2BLV93S69S6c1slazU%3D&t=4d5b0474&ps=13740610&shp=30310797&shcp=ff37627b&idc=useast5,7.47376E+18,1740121123,2025-02-21T06:58:43.000Z,2816,https://vt.tiktok.com/ZSh8FQbqo/,FALSE,FALSE,,7,https://vt.tiktok.com/ZSh8FQbqo/,dukung penuh band sukatani 💯👍,6.9097E+18,yudijo_819,https://www.tiktok.com/@hai_online/video/7473394493971074311
https://p19-common-sign-useast2a.tiktokcdn-us.com/tos-useast2a-avt-0068-aiso/3f9ce3c76b9af00451d5a70dc57f63e9~tplv-tiktokx-cropcenter:100:100.jpg?dr=9640&refresh_token=3520feed&x-expires=1746172800&x-signature=QJ09BLXowu1%2BtTi9piDVraOViRI%3D&t=4d5b0474&ps=13740610&shp=30310797&shcp=ff37627b&idc=useast5,7.4734E+18,1740035922,2025-02-20T07:18:42.000Z,686,https://vt.tiktok.com/ZSh8FQbqo/,FALSE,FALSE,,5,https://vt.tiktok.com/ZSh8FQbqo/,ngapain minta maaf?kan fakta. kalian ga salah!,6.70803E+18,moonbbybby,https://www.tiktok.com/@hai_online/video/7473394493971074311
https://p16-common-sign-va.tiktokcdn-us.com/tos-maliva-avt-0068/8559ebffc9ad031b153ec2ae05470acc~tplv-tiktokx-cropcenter:100:100.jpg?dr=9640&refresh_token=defd2bfd&x-expires=1746172800&x-signature=%2Fhnm5iXhFX6u3i4Y5uyk7KlWyyM%3D&t=4d5b0474&ps=13740610&shp=30310797&shcp=ff37627b&idc=useast5,7.4734E+18,1740035602,2025-02-20T07:13:22.000Z,2153,https://vt.tiktok.com/ZSh8FQbqo/,FALSE,FALSE,,18,https://vt.tiktok.com/ZSh8FQbqo/,Besok bikin lagu pake bahasa inggris aja biar mereka gk tau artinya,6.96041E+18,die4u404,https://www.tiktok.com/@hai_online/video/7473394493971074311
https://p16-common-sign-sg.tiktokcdn-us.com/tos-alisg-avt-0068/6ec311f8ddbdbe3bbea2f95036a2752d~tplv-tiktokx-cropcenter:100:100.jpg?dr=9640&refresh_token=0fe12087&x-expires=1746172800&x-signature=fBu7iFTW2f3hoOmphmH7H5GcikE%3D&t=4d5b0474&ps=13740610&shp=30310797&shcp=ff37627b&idc=useast5,7.47351E+18,1740062385,2025-02-20T14:39:45.000Z,35,https://vt.tiktok.com/ZSh8FQbqo/,FALSE,FALSE,,0,https://vt.tiktok.com/ZSh8FQbqo/,ngapain klarifikasi... itu realita bro,7.35594E+18,alfarish499,https://www.tiktok.com/@hai_online/video/7473394493971074311
https://p16-common-sign-sg.tiktokcdn-us.com/tos-alisg-avt-0068/27a4b09efdeedba49752407a71d0313c~tplv-tiktokx-cropcenter:100:100.jpg?dr=9640&refresh_token=d79f7653&x-expires=1746172800&x-signature=o9YRUlsKkwrl1oM7%2FYe2tn8FcH8%3D&t=4d5b0474&ps=13740610&shp=30310797&shcp=ff37627b&idc=useast5,7.4734E+18,1740036638,2025-02-20T07:30:38.000Z,2018,https://vt.tiktok.com/ZSh8FQbqo/,FALSE,FALSE,,34,https://vt.tiktok.com/ZSh8FQbqo/,POLISI : HAMA,6.83668E+18,emerico_,https://www.tiktok.com/@hai_online/video/7473394493971074311
https://p16-common-sign-va.tiktokcdn-us.com/tos-maliva-avt-0068/25fa343de3e7fc59577fd6436a1181f6~tplv-tiktokx-cropcenter:100:100.jpg?dr=9640&refresh_token=8576ab31&x-expires=1746172800&x-signature=aU6Ou%2FSeOOP128fVYFInNP5vVRA%3D&t=4d5b0474&ps=13740610&shp=30310797&shcp=ff37627b&idc=useast5,7.4734E+18,1740036719,2025-02-20T07:31:59.000Z,618,https://vt.tiktok.com/ZSh8FQbqo/,FALSE,FALSE,,13,https://vt.tiktok.com/ZSh8FQbqo/,negara demokrasi model apa ini? 😂😂😂😂😂😂😂😂😂😂😂😂😂😂😂,6.92893E+18,eunkyo_shin,https://www.tiktok.com/@hai_online/video/7473394493971074311
https://p16-common-sign-sg.tiktokcdn-us.com/tos-alisg-avt-0068/16eb26de6a6720b636df9bbb836fabeb~tplv-tiktokx-cropcenter:100:100.jpg?dr=9640&refresh_token=bba5f2ab&x-expires=1746172800&x-signature=GleT5MuF%2F1cPwrRmhl9kH4Ufq3s%3D&t=4d5b0474&ps=13740610&shp=30310797&shcp=ff37627b&idc=useast5,7.47344E+18,1740045914,2025-02-20T10:05:14.000Z,317,https://vt.tiktok.com/ZSh8FQbqo/,FALSE,FALSE,,4,https://vt.tiktok.com/ZSh8FQbqo/,KARYA SENI DIBUNGKAM = LAWAN🔥,6.95813E+18,tweetbyyy,https://www.tiktok.com/@hai_online/video/7473394493971074311
https://p16-common-sign-sg.tiktokcdn-us.com/tos-alisg-avt-0068/18c7a8165af58b285fa8e417b3c275ef~tplv-tiktokx-cropcenter:100:100.jpg?dr=9640&refresh_token=bb873506&x-expires=1746172800&x-signature=NPtoOZqgLM7x%2BSNpfO%2BHd9KUXmY%3D&t=4d5b0474&ps=13740610&shp=30310797&shcp=ff37627b&idc=useast5,7.47379E+18,1740126911,2025-02-21T08:35:11.000Z,25,https://vt.tiktok.com/ZSh8FQbqo/,FALSE,FALSE,,0,https://vt.tiktok.com/ZSh8FQbqo/,ngapain minta maaf... emang fakta,6.95505E+18,mimpi_mu_99,https://www.tiktok.com/@hai_online/video/7473394493971074311
https://p16-common-sign-va.tiktokcdn-us.com/tos-maliva-avt-0068/7570383bf87845ff947f86c19376c12d~tplv-tiktokx-cropcenter:100:100.jpg?dr=9640&refresh_token=61b096e5&x-expires=1746172800&x-signature=ngky%2FaQkq2Klu3TX%2FhDC5hftP7I%3D&t=4d5b0474&ps=13740610&shp=30310797&shcp=ff37627b&idc=useast5,7.47342E+18,1740041035,2025-02-20T08:43:55.000Z,95,https://vt.tiktok.com/ZSh8FQbqo/,FALSE,FALSE,,0,https://vt.tiktok.com/ZSh8FQbqo/,pasti sukatani melakukan ini TANPA paksaan dan Tanpa intimidasi. hidup damkar,6.82004E+18,bristleback___,https://www.tiktok.com/@hai_online/video/7473394493971074311
https://p16-common-sign-sg.tiktokcdn-us.com/tos-alisg-avt-0068/660c11d8c05b8db360d1023859afbaa0~tplv-tiktokx-cropcenter:100:100.jpg?dr=9640&refresh_token=fd1c3c53&x-expires=1746172800&x-signature=j0FreXLoZbjGv%2BAC5zSg4vXpT0E%3D&t=4d5b0474&ps=13740610&shp=30310797&shcp=ff37627b&idc=useast5,7.47446E+18,1740282653,2025-02-23T03:50:53.000Z,29,https://vt.tiktok.com/ZSh8FQbqo/,FALSE,FALSE,,2,https://vt.tiktok.com/ZSh8FQbqo/,"bpk presiden menghimbau lagu ""bayar bayar bayar"" dari band sukatani untuk diputar setiap jam 6 pagi di tv nasional.",6.96947E+18,aldy.firman,https://www.tiktok.com/@hai_online/video/7473394493971074311
https://p16-common-sign-useast2a.tiktokcdn-us.com/tos-useast2a-avt-0068-giso/e2fad9c5bb020de0ba266496e3ea0212~tplv-tiktokx-cropcenter:100:100.jpg?dr=9640&refresh_token=92b9925e&x-expires=1746172800&x-signature=gdpoFXwdGl0uhLlptyuOT17WReg%3D&t=4d5b0474&ps=13740610&shp=30310797&shcp=ff37627b&idc=useast5,7.47426E+18,1740236526,2025-02-22T15:02:06.000Z,14,https://vt.tiktok.com/ZSh8FQbqo/,FALSE,FALSE,,0,https://vt.tiktok.com/ZSh8FQbqo/,kami tidak rela kalian minta maaf..,6.56457E+18,andi.bur5353,https://www.tiktok.com/@hai_online/video/7473394493971074311
https://p16-common-sign-useast2a.tiktokcdn-us.com/tos-useast2a-avt-0068-giso/3ecf19312a283ec32d3dd4612c52b8c2~tplv-tiktokx-cropcenter:100:100.jpg?dr=9640&refresh_token=d610f487&x-expires=1746172800&x-signature=zWxiLabPerzfYMq56k%2Fpfh4DWrI%3D&t=4d5b0474&ps=13740610&shp=30310797&shcp=ff37627b&idc=useast5,7.47343E+18,1740043461,2025-02-20T09:24:21.000Z,45,https://vt.tiktok.com/ZSh8FQbqo/,FALSE,FALSE,,0,https://vt.tiktok.com/ZSh8FQbqo/,lah malah tambah viral ini mah. gasss terus Sukatani!,6.61801E+18,faktadanmitos.perempuan,https://www.tiktok.com/@hai_online/video/7473394493971074311
https://p16-common-sign-sg.tiktokcdn-us.com/tos-alisg-avt-0068/1aca073fc4eba7277e8ad75560978ebb~tplv-tiktokx-cropcenter:100:100.jpg?dr=9640&refresh_token=3d24eced&x-expires=1746172800&x-signature=wJ27y5t0F36vP75Hrvtl8uQXgOA%3D&t=4d5b0474&ps=13740610&shp=30310797&shcp=ff37627b&idc=useast5,7.47399E+18,1740174515,2025-02-21T21:48:35.000Z,5,https://vt.tiktok.com/ZSh8FQbqo/,FALSE,FALSE,,0,https://vt.tiktok.com/ZSh8FQbqo/,secara tidak langsung polisi sendiri membuktikan bahwa lagu tersebut memang realitas lewat klarifikasi mereka..!!!,7.3346E+18,harmaji.anto,https://www.tiktok.com/@hai_online/video/7473394493971074311
https://p16-common-sign-va.tiktokcdn-us.com/tos-maliva-avt-0068/951c5de9a7e9e8c7e28f39abd1b62033~tplv-tiktokx-cropcenter:100:100.jpg?dr=9640&refresh_token=d0a47b8a&x-expires=1746172800&x-signature=LhFP8IMwtBAzRPrjZ1DvcGmfHho%3D&t=4d5b0474&ps=13740610&shp=30310797&shcp=ff37627b&idc=useast5,7.4738E+18,1740129465,2025-02-21T09:17:45.000Z,15,https://vt.tiktok.com/ZSh8FQbqo/,FALSE,FALSE,,0,https://vt.tiktok.com/ZSh8FQbqo/,"ngapainnnnnn klarifikasi, wong fakta",6.79248E+18,vegappp,https://www.tiktok.com/@hai_online/video/7473394493971074311
https://p16-common-sign-va.tiktokcdn-us.com/tos-maliva-avt-0068/fa03f12ff5d34a2ebcc7a1719e7df7a3~tplv-tiktokx-cropcenter:100:100.jpg?dr=9640&refresh_token=72c4c422&x-expires=1746172800&x-signature=3Blg2SaCLPI%2FxTE%2BLt9Q42678lo%3D&t=4d5b0474&ps=13740610&shp=30310797&shcp=ff37627b&idc=useast5,7.47366E+18,1740096619,2025-02-21T00:10:19.000Z,15,https://vt.tiktok.com/ZSh8FQbqo/,FALSE,FALSE,,0,https://vt.tiktok.com/ZSh8FQbqo/,"knapa harus minta maaf,,kan itu fakta... coba aja adakan survey di masyarakat",7.20288E+18,user5338135858404r,https://www.tiktok.com/@hai_online/video/7473394493971074311
https://p19-common-sign-va.tiktokcdn-us.com/tos-maliva-avt-0068/5f34ca7f007d3c2a7cc3c5b7d850ff0d~tplv-tiktokx-cropcenter:100:100.jpg?dr=9640&refresh_token=4fa2de7a&x-expires=1746172800&x-signature=9uRQAtGWwpC22WJF83j46IQQUzI%3D&t=4d5b0474&ps=13740610&shp=30310797&shcp=ff37627b&idc=useast5,7.4734E+18,1740036713,2025-02-20T07:31:53.000Z,1607,https://vt.tiktok.com/ZSh8FQbqo/,FALSE,FALSE,,21,https://vt.tiktok.com/ZSh8FQbqo/,"ngapain di hapus kocak,gw aja baru bayar polisi ini",6.88094E+18,habdasa,https://www.tiktok.com/@hai_online/video/7473394493971074311
https://p16-common-sign-va.tiktokcdn-us.com/tos-maliva-avt-0068/056c392e7016364a5a533adc9716b8f8~tplv-tiktokx-cropcenter:100:100.jpg?dr=9640&refresh_token=bedb70c8&x-expires=1746172800&x-signature=IL1MLaw4d4eHe%2BtMwEe7cKkOn%2Fk%3D&t=4d5b0474&ps=13740610&shp=30310797&shcp=ff37627b&idc=useast5,7.47348E+18,1740062724,2025-02-20T14:45:24.000Z,7,https://vt.tiktok.com/ZSh8FQbqo/,FALSE,FALSE,,0,https://vt.tiktok.com/ZSh8FQbqo/,ga usah minta maaf.emang kenyataannya begitu..,7.29423E+18,user229107361684,https://www.tiktok.com/@hai_online/video/7473394493971074311
https://p16-common-sign-useast2a.tiktokcdn-us.com/tos-useast2a-avt-0068-giso/7228059073227423770~tplv-tiktokx-cropcenter:100:100.jpg?dr=9640&refresh_token=dbd8c490&x-expires=1746172800&x-signature=YS02d9d%2B0W0vV4J%2BdNgPP6ly53w%3D&t=4d5b0474&ps=13740610&shp=30310797&shcp=ff37627b&idc=useast5,7.47381E+18,1740131648,2025-02-21T09:54:08.000Z,7,https://vt.tiktok.com/ZSh8FQbqo/,FALSE,FALSE,,0,https://vt.tiktok.com/ZSh8FQbqo/,ngapain minta maaaf,7.10629E+18,valdyashabfirdaus,https://www.tiktok.com/@hai_online/video/7473394493971074311
https://p16-common-sign-va.tiktokcdn-us.com/tos-maliva-avt-0068/ffdc6b6960e5692f629cb6a046da6861~tplv-tiktokx-cropcenter:100:100.jpg?dr=9640&refresh_token=6e491f66&x-expires=1746172800&x-signature=Xt4qB6cMQDfQw7CaDn2TfDBu5mc%3D&t=4d5b0474&ps=13740610&shp=30310797&shcp=ff37627b&idc=useast5,7.4739E+18,1740153237,2025-02-21T15:53:57.000Z,14,https://vt.tiktok.com/ZSh8FQbqo/,FALSE,FALSE,,0,https://vt.tiktok.com/ZSh8FQbqo/,semakin di take down netizen malah semakin penasaran pngen dgerin😁,7.21103E+18,feri_jayaindah,https://www.tiktok.com/@hai_online/video/7473394493971074311
https://p19-common-sign-va.tiktokcdn-us.com/tos-maliva-avt-0068/7368493157647319045~tplv-tiktokx-cropcenter:100:100.jpg?dr=9640&refresh_token=9c684cb4&x-expires=1746172800&x-signature=rJrVhPtadxPZLEXDqlv3FzgVtH4%3D&t=4d5b0474&ps=13740610&shp=30310797&shcp=ff37627b&idc=useast5,7.47341E+18,1740039437,2025-02-20T08:17:17.000Z,44,https://vt.tiktok.com/ZSh8FQbqo/,FALSE,FALSE,,1,https://vt.tiktok.com/ZSh8FQbqo/,padahal liriknya sesuai fakta di lapangan 😭😭😭,7.36849E+18,mattgopen,https://www.tiktok.com/@hai_online/video/7473394493971074311
https://p16-common-sign-sg.tiktokcdn-us.com/tos-alisg-avt-0068/24b07b41ddcf8a47f29af350a65ba33b~tplv-tiktokx-cropcenter:100:100.jpg?dr=9640&refresh_token=50d44308&x-expires=1746172800&x-signature=%2Bqc1m1iRSjaB%2BPo5H30jT5h1J1k%3D&t=4d5b0474&ps=13740610&shp=30310797&shcp=ff37627b&idc=useast5,7.47403E+18,1740182444,2025-02-22T00:00:44.000Z,9,https://vt.tiktok.com/ZSh8FQbqo/,FALSE,FALSE,,0,https://vt.tiktok.com/ZSh8FQbqo/,"faktanya kan emang gitu, ngapain minta maaf?",7.2182E+18,rsydbayu.s,https://www.tiktok.com/@hai_online/video/7473394493971074311
https://p16-common-sign-va.tiktokcdn-us.com/tos-maliva-avt-0068/0fa279ac03e9bdb6da4bab1cc04f02be~tplv-tiktokx-cropcenter:100:100.jpg?dr=9640&refresh_token=6287a833&x-expires=1746172800&x-signature=1y8oLalfL3fP14xHQ8Oz4dYOGpw%3D&t=4d5b0474&ps=13740610&shp=30310797&shcp=ff37627b&idc=useast5,7.47384E+18,1740137890,2025-02-21T11:38:10.000Z,5,https://vt.tiktok.com/ZSh8FQbqo/,FALSE,FALSE,,0,https://vt.tiktok.com/ZSh8FQbqo/,bukan klarifikasi tapi diintimindasi karena yang disana panik berenang dilautan fakta,6.78842E+18,riyan.putra._,https://www.tiktok.com/@hai_online/video/7473394493971074311
https://p16-common-sign-sg.tiktokcdn-us.com/tos-alisg-avt-0068/009b9f343d9bbc6448f72aefc600ca95~tplv-tiktokx-cropcenter:100:100.jpg?dr=9640&refresh_token=edf8ffcf&x-expires=1746172800&x-signature=7NcWDHdoC3dAgqgyLSToy9XfuKo%3D&t=4d5b0474&ps=13740610&shp=30310797&shcp=ff37627b&idc=useast5,7.47346E+18,1740051234,2025-02-20T11:33:54.000Z,8,https://vt.tiktok.com/ZSh8FQbqo/,FALSE,FALSE,,0,https://vt.tiktok.com/ZSh8FQbqo/,Kami Bersama Sukatani!!!,6.52725E+18,di.massa.treeo,https://www.tiktok.com/@hai_online/video/7473394493971074311
https://p19-common-sign-va.tiktokcdn-us.com/tos-maliva-avt-0068/6800c639d91c3a76942b70d57ddd3fa1~tplv-tiktokx-cropcenter:100:100.jpg?dr=9640&refresh_token=6c685f87&x-expires=1746172800&x-signature=rf7ZBjtqGY63iIdFdteT4jK%2FVaU%3D&t=4d5b0474&ps=13740610&shp=30310797&shcp=ff37627b&idc=useast5,7.47345E+18,1740048047,2025-02-20T10:40:47.000Z,7,https://vt.tiktok.com/ZSh8FQbqo/,FALSE,FALSE,,0,https://vt.tiktok.com/ZSh8FQbqo/,sukatani berkata benar,7.06553E+18,saifut_07,https://www.tiktok.com/@hai_online/video/7473394493971074311
https://p16-common-sign-useast2a.tiktokcdn-us.com/tos-useast2a-avt-0068-giso/ff11a66b7eba6287df285f7fcbe73ffe~tplv-tiktokx-cropcenter:100:100.jpg?dr=9640&refresh_token=7e750a4d&x-expires=1746172800&x-signature=JelVuwFjW5gDjVwoSaslBtf5dWU%3D&t=4d5b0474&ps=13740610&shp=30310797&shcp=ff37627b&idc=useast5,7.47342E+18,1740040742,2025-02-20T08:39:02.000Z,497,https://vt.tiktok.com/ZSh8FQbqo/,FALSE,FALSE,,4,https://vt.tiktok.com/ZSh8FQbqo/,"mau nyanyi, bayar polisi",7.12836E+18,damanov_,https://www.tiktok.com/@hai_online/video/7473394493971074311
https://p16-common-sign-useast2a.tiktokcdn-us.com/tos-useast2a-avt-0068-giso/7139890837395079194~tplv-tiktokx-cropcenter:100:100.jpg?dr=9640&refresh_token=d9ab9e95&x-expires=1746172800&x-signature=p9Vnu1sJSZn%2FRhlYC4I%2Bcayujcs%3D&t=4d5b0474&ps=13740610&shp=30310797&shcp=ff37627b&idc=useast5,7.47368E+18,1740102266,2025-02-21T01:44:26.000Z,30,https://vt.tiktok.com/ZSh8FQbqo/,FALSE,FALSE,,1,https://vt.tiktok.com/ZSh8FQbqo/,"Kalian gak perlu minta maaf ., coz itu Realita yg ada.🤘🏼💪🏼💪🏼 #kamibersamaSukaTani",7.12358E+18,sariefhidayat80,https://www.tiktok.com/@hai_online/video/7473394493971074311
https://p16-common-sign-sg.tiktokcdn-us.com/tos-alisg-avt-0068/fc8bfd54d501fe966ef4edbb07edcbe7~tplv-tiktokx-cropcenter:100:100.jpg?dr=9640&refresh_token=b32f3fd1&x-expires=1746172800&x-signature=cvpEabfhzsbH6gZAs1vt3JseNtw%3D&t=4d5b0474&ps=13740610&shp=30310797&shcp=ff37627b&idc=useast5,7.47349E+18,1740057240,2025-02-20T13:14:00.000Z,37,https://vt.tiktok.com/ZSh8FQbqo/,FALSE,FALSE,,1,https://vt.tiktok.com/ZSh8FQbqo/,"kok minta maaf .
pdahal yg mereka nyanyikan itu fakta yg sebenarnya",7.10445E+18,indra69381,https://www.tiktok.com/@hai_online/video/7473394493971074311
https://p16-common-sign-va.tiktokcdn-us.com/tos-maliva-avt-0068/7327778473887825925~tplv-tiktokx-cropcenter:100:100.jpg?dr=9640&refresh_token=f231ab33&x-expires=1746172800&x-signature=ItxfebGdq3lXJBwlO6iUmsPc2yk%3D&t=4d5b0474&ps=13740610&shp=30310797&shcp=ff37627b&idc=useast5,7.47354E+18,1740069818,2025-02-20T16:43:38.000Z,6,https://vt.tiktok.com/ZSh8FQbqo/,FALSE,FALSE,,0,https://vt.tiktok.com/ZSh8FQbqo/,KALIAN GAK USAH MINTA MAAF! KALIAN SUDAH KEREN!,6.86815E+18,ysftnvn,https://www.tiktok.com/@hai_online/video/7473394493971074311
https://p16-common-sign-va.tiktokcdn-us.com/tos-maliva-avt-0068/ad2fc6abb9575f347a8a751238385c84~tplv-tiktokx-cropcenter:100:100.jpg?dr=9640&refresh_token=1d4f5e87&x-expires=1746172800&x-signature=dvPe2uYM6oyOa0AGU9zcTU4MSf4%3D&t=4d5b0474&ps=13740610&shp=30310797&shcp=ff37627b&idc=useast5,7.47422E+18,1740227128,2025-02-22T12:25:28.000Z,5,https://vt.tiktok.com/ZSh8FQbqo/,FALSE,FALSE,,0,https://vt.tiktok.com/ZSh8FQbqo/,"ngapain minta maaf, kau benar jangan jadi pengecut kau berkata benar ,teruslah berkarya ,",7.25345E+18,sutaji5396,https://www.tiktok.com/@hai_online/video/7473394493971074311
https://p19-common-sign-va.tiktokcdn-us.com/tos-maliva-avt-0068/fa018b4e9abac309156e25139e2443ea~tplv-tiktokx-cropcenter:100:100.jpg?dr=9640&refresh_token=456732d7&x-expires=1746172800&x-signature=hSClSj%2F%2BJ1VB5fDdJNCkn597VN4%3D&t=4d5b0474&ps=13740610&shp=30310797&shcp=ff37627b&idc=useast5,7.47344E+18,1740045080,2025-02-20T09:51:20.000Z,17,https://vt.tiktok.com/ZSh8FQbqo/,FALSE,FALSE,,0,https://vt.tiktok.com/ZSh8FQbqo/,"terimakasih sukatani terus berkarya..
lagu nya kenyataan",7.34393E+18,marstwoin6,https://www.tiktok.com/@hai_online/video/7473394493971074311
https://p16-common-sign-sg.tiktokcdn-us.com/tos-alisg-avt-0068/96f6014d9ce518bc952e17a12f4286dd~tplv-tiktokx-cropcenter:100:100.jpg?dr=9640&refresh_token=4f8781c9&x-expires=1746172800&x-signature=oyzmaXZGt%2FlfR8PGUc3sT6CUtw4%3D&t=4d5b0474&ps=13740610&shp=30310797&shcp=ff37627b&idc=useast5,7.47351E+18,1740062164,2025-02-20T14:36:04.000Z,9,https://vt.tiktok.com/ZSh8FQbqo/,FALSE,FALSE,,0,https://vt.tiktok.com/ZSh8FQbqo/,kan emang bener yah harus segala bayar kalo lapor polisi🤣,6.86753E+18,rifkyrvnsh,https://www.tiktok.com/@hai_online/video/7473394493971074311
https://p16-common-sign-sg.tiktokcdn-us.com/tos-alisg-avt-0068/45acc2994142bdacb408616c603a7d31~tplv-tiktokx-cropcenter:100:100.jpg?dr=9640&refresh_token=b4d7e17e&x-expires=1746172800&x-signature=OREh8VzKHjDr1tnCGbq8sFI1WUk%3D&t=4d5b0474&ps=13740610&shp=30310797&shcp=ff37627b&idc=useast5,7.47342E+18,1740042083,2025-02-20T09:01:23.000Z,291,https://vt.tiktok.com/ZSh8FQbqo/,FALSE,FALSE,,3,https://vt.tiktok.com/ZSh8FQbqo/,tugas kita sebagai rakyat untuk terus pakai lagu sukatani - bayar bayar bayar 👌,6.79441E+18,moonrivverr,https://www.tiktok.com/@hai_online/video/7473394493971074311
https://p16-common-sign-sg.tiktokcdn-us.com/tos-alisg-avt-0068/cd112854e11f118581674e52193113fd~tplv-tiktokx-cropcenter:100:100.jpg?dr=9640&refresh_token=facbb78a&x-expires=1746172800&x-signature=w1LcaE%2F%2FzXTPl8YDECBoaiqUyzQ%3D&t=4d5b0474&ps=13740610&shp=30310797&shcp=ff37627b&idc=useast5,7.47343E+18,1740043340,2025-02-20T09:22:20.000Z,120,https://vt.tiktok.com/ZSh8FQbqo/,FALSE,FALSE,,12,https://vt.tiktok.com/ZSh8FQbqo/,"kenapa harus minta maaf,itukan fakta bukan fitnah 🗿",7.02923E+18,kang____23,https://www.tiktok.com/@hai_online/video/7473394493971074311
https://p19-common-sign-va.tiktokcdn-us.com/tos-maliva-avt-0068/5b91e498705b82676772ba990218cf70~tplv-tiktokx-cropcenter:100:100.jpg?dr=9640&refresh_token=ad59cccc&x-expires=1746172800&x-signature=11kneq98DiIsrHcI%2FNDqnGMJ%2BXY%3D&t=4d5b0474&ps=13740610&shp=30310797&shcp=ff37627b&idc=useast5,7.47349E+18,1740058040,2025-02-20T13:27:20.000Z,7,https://vt.tiktok.com/ZSh8FQbqo/,FALSE,FALSE,,0,https://vt.tiktok.com/ZSh8FQbqo/,"3 kata lucu hari ini : ""TANPA ADA PAKSAAN"" 😂😂",6.97808E+18,abuumarabdullah_,https://www.tiktok.com/@hai_online/video/7473394493971074311
https://p16-common-sign-sg.tiktokcdn-us.com/tos-alisg-avt-0068/85f941f7c29de86650194e554c4798b2~tplv-tiktokx-cropcenter:100:100.jpg?dr=9640&refresh_token=637830f8&x-expires=1746172800&x-signature=QrWG9ePuLexwaHqzNVbgv2kJ8nQ%3D&t=4d5b0474&ps=13740610&shp=30310797&shcp=ff37627b&idc=useast5,7.47377E+18,1740122766,2025-02-21T07:26:06.000Z,7,https://vt.tiktok.com/ZSh8FQbqo/,FALSE,FALSE,,0,https://vt.tiktok.com/ZSh8FQbqo/,NGAPAIN MINTA MAAF.KAKA KAKA MEWAKILI SUARA KAMI RAKYAT INDONESIA.LAGUNYA SANGAT LUAR BIASA.VIRALKAN LAGUNYA..!!!!,7.32317E+18,herualbantani01,https://www.tiktok.com/@hai_online/video/7473394493971074311
https://p16-common-sign-sg.tiktokcdn-us.com/tos-alisg-avt-0068/cf5a3500d9681ed03c92e3bdd4b8ba4b~tplv-tiktokx-cropcenter:100:100.jpg?dr=9640&refresh_token=71ec4a1f&x-expires=1746172800&x-signature=sdccKjPX0RRKTPf%2FA%2BYSTvYIfkE%3D&t=4d5b0474&ps=13740610&shp=30310797&shcp=ff37627b&idc=useast5,7.47376E+18,1740120028,2025-02-21T06:40:28.000Z,7,https://vt.tiktok.com/ZSh8FQbqo/,FALSE,FALSE,,0,https://vt.tiktok.com/ZSh8FQbqo/,ngapain minta maaf bang lu gasalah emang fakta nya gitu,6.9155E+18,iniasw0,https://www.tiktok.com/@hai_online/video/7473394493971074311
https://p16-common-sign-sg.tiktokcdn-us.com/tos-alisg-avt-0068/f162d4aa387429f1017eebf15431fe3a~tplv-tiktokx-cropcenter:100:100.jpg?dr=9640&refresh_token=ef30fda2&x-expires=1746172800&x-signature=46C0fHdgNSnNSX4iTAhZcg5y8zM%3D&t=4d5b0474&ps=13740610&shp=30310797&shcp=ff37627b&idc=useast5,7.47407E+18,1740193387,2025-02-22T03:03:07.000Z,5,https://vt.tiktok.com/ZSh8FQbqo/,FALSE,FALSE,,0,https://vt.tiktok.com/ZSh8FQbqo/,"stop pembungkaman terhadap karya seni!!
#kami bersama Sukatani",7.28038E+18,asell0909,https://www.tiktok.com/@hai_online/video/7473394493971074311
https://p16-common-sign-sg.tiktokcdn-us.com/tos-alisg-avt-0068/1748e522f4a617a7c6898733b00fb858~tplv-tiktokx-cropcenter:100:100.jpg?dr=9640&refresh_token=f4da6993&x-expires=1746172800&x-signature=nJMJWOlcA67l6YKaXOoEb0gLLFc%3D&t=4d5b0474&ps=13740610&shp=30310797&shcp=ff37627b&idc=useast5,7.47344E+18,1740045750,2025-02-20T10:02:30.000Z,27,https://vt.tiktok.com/ZSh8FQbqo/,FALSE,FALSE,,1,https://vt.tiktok.com/ZSh8FQbqo/,Ga prl klarifikasi bang.. Emang gitu kenyataannya,6.53583E+18,m4mi_widia,https://www.tiktok.com/@hai_online/video/7473394493971074311
https://p16-common-sign-va.tiktokcdn-us.com/tos-maliva-avt-0068/83d00dccc373fea65a3db3b991d478d0~tplv-tiktokx-cropcenter:100:100.jpg?dr=9640&refresh_token=3f3bb39b&x-expires=1746172800&x-signature=ICeoA7incnXFjuw6%2B2PPkUiaUqI%3D&t=4d5b0474&ps=13740610&shp=30310797&shcp=ff37627b&idc=useast5,7.4738E+18,1740129756,2025-02-21T09:22:36.000Z,28,https://vt.tiktok.com/ZSh8FQbqo/,FALSE,FALSE,,0,https://vt.tiktok.com/ZSh8FQbqo/,"LANJUTKAN!!! JANGAN BERHENTI!!!
#KamiBersamaSukatani",6.88593E+18,esgepe9,https://www.tiktok.com/@hai_online/video/7473394493971074311
https://p16-common-sign-sg.tiktokcdn-us.com/tos-alisg-avt-0068/0ac2ae2cf74c7dcff3622c8ec90ad465~tplv-tiktokx-cropcenter:100:100.jpg?dr=9640&refresh_token=d194421e&x-expires=1746172800&x-signature=p5nuCfrZdhUKR8DNfZGmSZ0XseM%3D&t=4d5b0474&ps=13740610&shp=30310797&shcp=ff37627b&idc=useast5,7.4734E+18,1740036127,2025-02-20T07:22:07.000Z,841,https://vt.tiktok.com/ZSh8FQbqo/,FALSE,FALSE,,12,https://vt.tiktok.com/ZSh8FQbqo/,kami bersama sukatani,7.10936E+18,rumitrustno1,https://www.tiktok.com/@hai_online/video/7473394493971074311
https://p19-common-sign-sg.tiktokcdn-us.com/tos-alisg-avt-0068/254df127304cd854d8b55c8d8b6260da~tplv-tiktokx-cropcenter:100:100.jpg?dr=9640&refresh_token=0d2772a7&x-expires=1746172800&x-signature=60k3zHhtzgA4SAzpM9F816%2BsRTU%3D&t=4d5b0474&ps=13740610&shp=30310797&shcp=ff37627b&idc=useast5,7.47344E+18,1740045012,2025-02-20T09:50:12.000Z,7,https://vt.tiktok.com/ZSh8FQbqo/,FALSE,FALSE,,0,https://vt.tiktok.com/ZSh8FQbqo/,gpp... yg penting kita sudah hapal lagunya krn sesuai dgn kenyataannya 😅,7.21431E+18,ojeb775,https://www.tiktok.com/@hai_online/video/7473394493971074311
https://p16-common-sign-va.tiktokcdn-us.com/tos-maliva-avt-0068/1be1204960c18a6978977be43d06d13d~tplv-tiktokx-cropcenter:100:100.jpg?dr=9640&refresh_token=bb002122&x-expires=1746172800&x-signature=KguspuJOwy0l7dqbkQ4hCvNi7iM%3D&t=4d5b0474&ps=13740610&shp=30310797&shcp=ff37627b&idc=useast5,7.47461E+18,1740318349,2025-02-23T13:45:49.000Z,5,https://vt.tiktok.com/ZSh8FQbqo/,FALSE,FALSE,,0,https://vt.tiktok.com/ZSh8FQbqo/,"kenapa minta maaf, kan fakta 😭",7.21257E+18,takdirku71,https://www.tiktok.com/@hai_online/video/7473394493971074311
https://p16-common-sign-sg.tiktokcdn-us.com/tos-alisg-avt-0068/cc741326fe3e776736178a65421fe6aa~tplv-tiktokx-cropcenter:100:100.jpg?dr=9640&refresh_token=dcc57a50&x-expires=1746172800&x-signature=F0IOVUysMvYF8eOppOcWDLe6cPU%3D&t=4d5b0474&ps=13740610&shp=30310797&shcp=ff37627b&idc=useast5,7.47381E+18,1740131342,2025-02-21T09:49:02.000Z,17,https://vt.tiktok.com/ZSh8FQbqo/,FALSE,FALSE,,0,https://vt.tiktok.com/ZSh8FQbqo/,Fakta sih. Kenapa minta maaf,6.82334E+18,icekepalmilo88,https://www.tiktok.com/@hai_online/video/7473394493971074311
https://p16-common-sign-useast2a.tiktokcdn-us.com/tos-useast2a-avt-0068-giso/da3197084d1732627a15b09ba278df79~tplv-tiktokx-cropcenter:100:100.jpg?dr=9640&refresh_token=191beb3c&x-expires=1746172800&x-signature=2AS%2FX%2Fl2tPvM4pbfY4vrQ4acdWA%3D&t=4d5b0474&ps=13740610&shp=30310797&shcp=ff37627b&idc=useast5,7.47345E+18,1740049063,2025-02-20T10:57:43.000Z,53,https://vt.tiktok.com/ZSh8FQbqo/,FALSE,FALSE,,0,https://vt.tiktok.com/ZSh8FQbqo/,knp ? kita bersama sukatani,7.04078E+18,hio_gayeng,https://www.tiktok.com/@hai_online/video/7473394493971074311
https://p16-common-sign-va.tiktokcdn-us.com/tos-maliva-avt-0068/f5bab062660f27b4d48fca8ac97cc820~tplv-tiktokx-cropcenter:100:100.jpg?dr=9640&refresh_token=24b374c2&x-expires=1746172800&x-signature=0K%2FkcXza8tFADLOV3mx8y%2BsXVho%3D&t=4d5b0474&ps=13740610&shp=30310797&shcp=ff37627b&idc=useast5,7.47344E+18,1740044911,2025-02-20T09:48:31.000Z,9,https://vt.tiktok.com/ZSh8FQbqo/,FALSE,FALSE,,0,https://vt.tiktok.com/ZSh8FQbqo/,REALITA YANG DIBUNGKAM.🏴,7.1063E+18,taufikcrustt,https://www.tiktok.com/@hai_online/video/7473394493971074311
https://p16-common-sign-va.tiktokcdn-us.com/tos-maliva-avt-0068/9559967c690348ffda9eac4523a4c668~tplv-tiktokx-cropcenter:100:100.jpg?dr=9640&refresh_token=86778da9&x-expires=1746172800&x-signature=iNg%2Bxv1fO3yqez1iWvhlVDmmiVY%3D&t=4d5b0474&ps=13740610&shp=30310797&shcp=ff37627b&idc=useast5,7.47342E+18,1740041621,2025-02-20T08:53:41.000Z,11,https://vt.tiktok.com/ZSh8FQbqo/,FALSE,FALSE,,0,https://vt.tiktok.com/ZSh8FQbqo/,kok minta maaf..kan faktanya seperti itu,7.01747E+18,kecap_asin07,https://www.tiktok.com/@hai_online/video/7473394493971074311
https://p16-common-sign-sg.tiktokcdn-us.com/tos-alisg-avt-0068/457529ba88481c530b98478ecffa5e40~tplv-tiktokx-cropcenter:100:100.jpg?dr=9640&refresh_token=e14ab3cf&x-expires=1746172800&x-signature=0opeD3ojKESb%2F0gjUogWRs%2FXeqY%3D&t=4d5b0474&ps=13740610&shp=30310797&shcp=ff37627b&idc=useast5,7.47345E+18,1740047917,2025-02-20T10:38:37.000Z,8,https://vt.tiktok.com/ZSh8FQbqo/,FALSE,FALSE,,0,https://vt.tiktok.com/ZSh8FQbqo/,"kalian mewakili rakyat,walau kalian di bungkam oknum itu, kita ttp dukung kalian",6.80103E+18,sugianto871,https://www.tiktok.com/@hai_online/video/7473394493971074311
https://p16-common-sign-va.tiktokcdn-us.com/tos-maliva-avt-0068/0a8ad08466da31c483eb6fdafb8f326a~tplv-tiktokx-cropcenter:100:100.jpg?dr=9640&refresh_token=2afcb944&x-expires=1746172800&x-signature=htCNWHfziS60Yj0fxUx%2FV1OgucM%3D&t=4d5b0474&ps=13740610&shp=30310797&shcp=ff37627b&idc=useast5,7.47342E+18,1740041502,2025-02-20T08:51:42.000Z,1,https://vt.tiktok.com/ZSh8FQbqo/,FALSE,,7.47342E+18,,https://vt.tiktok.com/ZSh8FQbqo/,Sudah ada di sportify,7.05424E+18,aeder149,https://www.tiktok.com/@hai_online/video/7473394493971074311
https://p19-common-sign-va.tiktokcdn-us.com/tos-maliva-avt-0068/8e567a2cde51c67253f3327c22039186~tplv-tiktokx-cropcenter:100:100.jpg?dr=9640&refresh_token=d2fdfed1&x-expires=1746172800&x-signature=10HDwzbIh7vjYbdbVd9K%2BUk9oN8%3D&t=4d5b0474&ps=13740610&shp=30310797&shcp=ff37627b&idc=useast5,7.47343E+18,1740042956,2025-02-20T09:15:56.000Z,0,https://vt.tiktok.com/ZSh8FQbqo/,FALSE,,7.47342E+18,,https://vt.tiktok.com/ZSh8FQbqo/,ilang njir,7.03585E+18,octhvv,https://www.tiktok.com/@hai_online/video/7473394493971074311
https://p16-common-sign-sg.tiktokcdn-us.com/tos-alisg-avt-0068/561b0dcee0a832057cfed3bfa610b3d7~tplv-tiktokx-cropcenter:100:100.jpg?dr=9640&refresh_token=2cb1f361&x-expires=1746172800&x-signature=G8TSYC%2FW6iy8461KSpB9DBJLsHA%3D&t=4d5b0474&ps=13740610&shp=30310797&shcp=ff37627b&idc=useast5,7.47342E+18,1740042335,2025-02-20T09:05:35.000Z,0,https://vt.tiktok.com/ZSh8FQbqo/,FALSE,,7.47342E+18,,https://vt.tiktok.com/ZSh8FQbqo/,ga boleh ma polisi,7.39871E+18,efan.r.b,https://www.tiktok.com/@hai_online/video/7473394493971074311
https://p16-common-sign-sg.tiktokcdn-us.com/tos-alisg-avt-0068/e46e0e00f58e953cdb0d68daf5e1484b~tplv-tiktokx-cropcenter:100:100.jpg?dr=9640&refresh_token=256b0d99&x-expires=1746172800&x-signature=5QpfPh2YuonJYDWhCKtSjtCZ%2Bb0%3D&t=4d5b0474&ps=13740610&shp=30310797&shcp=ff37627b&idc=useast5,7.47498E+18,1740404427,2025-02-24T13:40:27.000Z,1,https://vt.tiktok.com/ZSh8FQbqo/,FALSE,,7.47342E+18,,https://vt.tiktok.com/ZSh8FQbqo/,Sukatani lupa ga bayar polisi 😁,6.81874E+18,billbilla142,https://www.tiktok.com/@hai_online/video/7473394493971074311
https://p19-common-sign-va.tiktokcdn-us.com/tos-maliva-avt-0068/03a67f65e8148fff3930ffb5ac69bef2~tplv-tiktokx-cropcenter:100:100.jpg?dr=9640&refresh_token=f66d893a&x-expires=1746172800&x-signature=%2Bquk4pG6tstPjrpW0x5TVHWzgjQ%3D&t=4d5b0474&ps=13740610&shp=30310797&shcp=ff37627b&idc=useast5,7.47368E+18,1740102410,2025-02-21T01:46:50.000Z,1,https://vt.tiktok.com/ZSh8FQbqo/,FALSE,,7.47368E+18,,https://vt.tiktok.com/ZSh8FQbqo/,iya oknum ... tp kebanyakan 😂😂😂,7.32597E+18,tuti.ati0,https://www.tiktok.com/@hai_online/video/7473394493971074311
https://p16-common-sign-useast2a.tiktokcdn-us.com/tos-useast2a-avt-0068-giso/faf8de3d17c33d0f965761e78d861b4c~tplv-tiktokx-cropcenter:100:100.jpg?dr=9640&refresh_token=956c19e8&x-expires=1746172800&x-signature=PQbkNep01jybs9x6RLX6Tx2wdNc%3D&t=4d5b0474&ps=13740610&shp=30310797&shcp=ff37627b&idc=useast5,7.47349E+18,1740058221,2025-02-20T13:30:21.000Z,0,https://vt.tiktok.com/ZSh8FQbqo/,FALSE,,7.47349E+18,,https://vt.tiktok.com/ZSh8FQbqo/,lihat lawannya donk bang....,6.72172E+18,uwais20180305,https://www.tiktok.com/@hai_online/video/7473394493971074311
https://p16-common-sign-sg.tiktokcdn-us.com/tos-alisg-avt-0068/1a23eb93c86260212abfa176bc5e33e7~tplv-tiktokx-cropcenter:100:100.jpg?dr=9640&refresh_token=fab7e13a&x-expires=1746172800&x-signature=HX8HwRN%2FAxIPth12N08SnW5%2Bl9A%3D&t=4d5b0474&ps=13740610&shp=30310797&shcp=ff37627b&idc=useast5,7.47375E+18,1740117817,2025-02-21T06:03:37.000Z,1,https://vt.tiktok.com/ZSh8FQbqo/,FALSE,,7.47342E+18,,https://vt.tiktok.com/ZSh8FQbqo/,betul,6.85599E+18,labamba.babyshop,https://www.tiktok.com/@hai_online/video/7473394493971074311
https://p16-common-sign-sg.tiktokcdn-us.com/tos-alisg-avt-0068/f4a18f09d1ce21b68532e3930b6cb6b4~tplv-tiktokx-cropcenter:100:100.jpg?dr=9640&refresh_token=963737fe&x-expires=1746172800&x-signature=Of1tKe%2FsBZJy71FHjFX4OWNwOkY%3D&t=4d5b0474&ps=13740610&shp=30310797&shcp=ff37627b&idc=useast5,7.47594E+18,1740628719,2025-02-27T03:58:39.000Z,0,https://vt.tiktok.com/ZSh8FQbqo/,FALSE,,7.47342E+18,,https://vt.tiktok.com/ZSh8FQbqo/,setuju 👍,7.14788E+18,asriridhoibu,https://www.tiktok.com/@hai_online/video/7473394493971074311
https://p16-common-sign-sg.tiktokcdn-us.com/tos-alisg-avt-0068/cd7fc19d8779daa8fb001daf00f650fe~tplv-tiktokx-cropcenter:100:100.jpg?dr=9640&refresh_token=be608b76&x-expires=1746172800&x-signature=1m0NqjRlXEb3HmTGixvAA1f8E2o%3D&t=4d5b0474&ps=13740610&shp=30310797&shcp=ff37627b&idc=useast5,7.47427E+18,1740238406,2025-02-22T15:33:26.000Z,0,https://vt.tiktok.com/ZSh8FQbqo/,FALSE,,7.47342E+18,,https://vt.tiktok.com/ZSh8FQbqo/,setuju,7.45723E+18,kerotok.selow,https://www.tiktok.com/@hai_online/video/7473394493971074311
https://p16-common-sign-va.tiktokcdn-us.com/tos-maliva-avt-0068/e29dfb8503fdb1af8177900b3bcf4aea~tplv-tiktokx-cropcenter:100:100.jpg?dr=9640&refresh_token=2426b229&x-expires=1746172800&x-signature=PbZ6SitWpfzAvNBZwCvCj927nLs%3D&t=4d5b0474&ps=13740610&shp=30310797&shcp=ff37627b&idc=useast5,7.47343E+18,1740043876,2025-02-20T09:31:16.000Z,4,https://vt.tiktok.com/ZSh8FQbqo/,FALSE,,7.47343E+18,,https://vt.tiktok.com/ZSh8FQbqo/,bro lupa kalo ini konoha🗿,7.44449E+18,ritanistiana,https://www.tiktok.com/@hai_online/video/7473394493971074311
https://p19-common-sign-sg.tiktokcdn-us.com/tos-alisg-avt-0068/cd112854e11f118581674e52193113fd~tplv-tiktokx-cropcenter:100:100.jpg?dr=9640&refresh_token=f93a73c4&x-expires=1746172800&x-signature=z6yRGPbg0r5c97i0gbRPkmB%2BlLI%3D&t=4d5b0474&ps=13740610&shp=30310797&shcp=ff37627b&idc=useast5,7.47343E+18,1740044288,2025-02-20T09:38:08.000Z,2,https://vt.tiktok.com/ZSh8FQbqo/,FALSE,,7.47343E+18,,https://vt.tiktok.com/ZSh8FQbqo/,"harusnya kapolri harus intropeksi diri kenapa ada lagu ""bayar bayar bayar"" 😂",7.02923E+18,kang____23,https://www.tiktok.com/@hai_online/video/7473394493971074311
https://p16-common-sign-va.tiktokcdn-us.com/tos-maliva-avt-0068/e29dfb8503fdb1af8177900b3bcf4aea~tplv-tiktokx-cropcenter:100:100.jpg?dr=9640&refresh_token=2426b229&x-expires=1746172800&x-signature=PbZ6SitWpfzAvNBZwCvCj927nLs%3D&t=4d5b0474&ps=13740610&shp=30310797&shcp=ff37627b&idc=useast5,7.47343E+18,1740044400,2025-02-20T09:40:00.000Z,1,https://vt.tiktok.com/ZSh8FQbqo/,FALSE,,7.47343E+18,,https://vt.tiktok.com/ZSh8FQbqo/,mungkin sadar tapi pura² gatau kayaknya 😂,7.44449E+18,ritanistiana,https://www.tiktok.com/@hai_online/video/7473394493971074311
https://p16-common-sign-va.tiktokcdn-us.com/tos-maliva-avt-0068/bcd480791651696fc35a3a4f4954d4cd~tplv-tiktokx-cropcenter:100:100.jpg?dr=9640&refresh_token=0264253a&x-expires=1746172800&x-signature=gB7KqGAvzk8sqDyiBSs%2FA4n8gbA%3D&t=4d5b0474&ps=13740610&shp=30310797&shcp=ff37627b&idc=useast5,7.47457E+18,1740307797,2025-02-23T10:49:57.000Z,0,https://vt.tiktok.com/ZSh8FQbqo/,FALSE,,7.47343E+18,,https://vt.tiktok.com/ZSh8FQbqo/,Buat aman saja. klu tdk sudah diciduk...,7.32513E+18,jhon.lenon59,https://www.tiktok.com/@hai_online/video/7473394493971074311
https://p16-common-sign-useast2a.tiktokcdn-us.com/tos-useast2a-avt-0068-giso/86d76ed099e477763a969e20c56d40e2~tplv-tiktokx-cropcenter:100:100.jpg?dr=9640&refresh_token=f1d8df91&x-expires=1746172800&x-signature=A6r3icD6JQdWvrtuBgfudRvbk3I%3D&t=4d5b0474&ps=13740610&shp=30310797&shcp=ff37627b&idc=useast5,7.47404E+18,1740184794,2025-02-22T00:39:54.000Z,0,https://vt.tiktok.com/ZSh8FQbqo/,FALSE,,7.47343E+18,,https://vt.tiktok.com/ZSh8FQbqo/,bukan emang iya ya.. jenguk ke penjara aja bayar 🥺,6.58352E+18,encigendok,https://www.tiktok.com/@hai_online/video/7473394493971074311
https://p16-common-sign-sg.tiktokcdn-us.com/tos-alisg-avt-0068/7328420494485504021~tplv-tiktokx-cropcenter:100:100.jpg?dr=9640&refresh_token=a688658b&x-expires=1746172800&x-signature=E50lAdY5sLCn15ZVzk6BwqGN8RQ%3D&t=4d5b0474&ps=13740610&shp=30310797&shcp=ff37627b&idc=useast5,7.47346E+18,1740051361,2025-02-20T11:36:01.000Z,0,https://vt.tiktok.com/ZSh8FQbqo/,FALSE,,7.47343E+18,,https://vt.tiktok.com/ZSh8FQbqo/,coba kamu nyanyiin. up. viralin. berani?,6.99016E+18,metropolitanboy,https://www.tiktok.com/@hai_online/video/7473394493971074311
https://p19-common-sign-sg.tiktokcdn-us.com/tos-alisg-avt-0068/cd112854e11f118581674e52193113fd~tplv-tiktokx-cropcenter:100:100.jpg?dr=9640&refresh_token=f93a73c4&x-expires=1746172800&x-signature=z6yRGPbg0r5c97i0gbRPkmB%2BlLI%3D&t=4d5b0474&ps=13740610&shp=30310797&shcp=ff37627b&idc=useast5,7.47368E+18,1740102223,2025-02-21T01:43:43.000Z,0,https://vt.tiktok.com/ZSh8FQbqo/,FALSE,,7.47343E+18,,https://vt.tiktok.com/ZSh8FQbqo/,anda siapa yah,7.02923E+18,kang____23,https://www.tiktok.com/@hai_online/video/7473394493971074311
https://p16-common-sign-sg.tiktokcdn-us.com/tos-alisg-avt-0068/7328420494485504021~tplv-tiktokx-cropcenter:100:100.jpg?dr=9640&refresh_token=a688658b&x-expires=1746172800&x-signature=E50lAdY5sLCn15ZVzk6BwqGN8RQ%3D&t=4d5b0474&ps=13740610&shp=30310797&shcp=ff37627b&idc=useast5,7.47375E+18,1740117738,2025-02-21T06:02:18.000Z,0,https://vt.tiktok.com/ZSh8FQbqo/,FALSE,,7.47343E+18,,https://vt.tiktok.com/ZSh8FQbqo/,lord haris,6.99016E+18,metropolitanboy,https://www.tiktok.com/@hai_online/video/7473394493971074311
https://p16-common-sign-va.tiktokcdn-us.com/tos-maliva-avt-0068/d848af4c8da3d01007049a0094760e96~tplv-tiktokx-cropcenter:100:100.jpg?dr=9640&refresh_token=6b56759b&x-expires=1746172800&x-signature=YHfXxz3fkEa2rlPGgcpsurWUY78%3D&t=4d5b0474&ps=13740610&shp=30310797&shcp=ff37627b&idc=useast5,7.47343E+18,1740044266,2025-02-20T09:37:46.000Z,0,https://vt.tiktok.com/ZSh8FQbqo/,FALSE,,7.47343E+18,,https://vt.tiktok.com/ZSh8FQbqo/,iy ini lah polisi sllu bener ..ga mau salah,7.32913E+18,tio01063,https://www.tiktok.com/@hai_online/video/7473394493971074311
https://p16-common-sign-va.tiktokcdn-us.com/tos-maliva-avt-0068/e35351c7d69d1843315552aada4063df~tplv-tiktokx-cropcenter:100:100.jpg?dr=9640&refresh_token=f77dd9ef&x-expires=1746172800&x-signature=r24FhRVLQS0nN9TeUD%2B7c1Uu128%3D&t=4d5b0474&ps=13740610&shp=30310797&shcp=ff37627b&idc=useast5,7.47343E+18,1740043527,2025-02-20T09:25:27.000Z,0,https://vt.tiktok.com/ZSh8FQbqo/,FALSE,,7.47343E+18,,https://vt.tiktok.com/ZSh8FQbqo/,lahh .kan ini Konoha bro.😂,6.86494E+18,qasama_,https://www.tiktok.com/@hai_online/video/7473394493971074311
https://p16-common-sign-va.tiktokcdn-us.com/tos-maliva-avt-0068/f5371c37a44f1b2df648b796e996ec74~tplv-tiktokx-cropcenter:100:100.jpg?dr=9640&refresh_token=48d11795&x-expires=1746172800&x-signature=4755HlFkHZ3xdr9ol5DN7rW5FTw%3D&t=4d5b0474&ps=13740610&shp=30310797&shcp=ff37627b&idc=useast5,7.47446E+18,1740282421,2025-02-23T03:47:01.000Z,0,https://vt.tiktok.com/ZSh8FQbqo/,FALSE,,7.47343E+18,,https://vt.tiktok.com/ZSh8FQbqo/,mereka di intimidasi,7.25219E+18,dwi.hastuti0,https://www.tiktok.com/@hai_online/video/7473394493971074311
https://p16-common-sign-va.tiktokcdn-us.com/tos-maliva-avt-0068/96c0cd91ad5234842fb64559aee7512e~tplv-tiktokx-cropcenter:100:100.jpg?dr=9640&refresh_token=80c8c589&x-expires=1746172800&x-signature=5oydXQMuxprXD97tm%2BVgwfHO%2FSU%3D&t=4d5b0474&ps=13740610&shp=30310797&shcp=ff37627b&idc=useast5,7.47438E+18,1740265465,2025-02-22T23:04:25.000Z,0,https://vt.tiktok.com/ZSh8FQbqo/,FALSE,,7.47343E+18,,https://vt.tiktok.com/ZSh8FQbqo/,setujuuu... ngapain minta maaf... LANJUT LAGIII,7.28345E+18,komariah991_,https://www.tiktok.com/@hai_online/video/7473394493971074311
https://p16-common-sign-va.tiktokcdn-us.com/tos-maliva-avt-0068/49c63b5ee8190516681ac91bb1128a7d~tplv-tiktokx-cropcenter:100:100.jpg?dr=9640&refresh_token=f81302e8&x-expires=1746172800&x-signature=1CPc0TtEMrVwXXBdgo7lXmu1tVs%3D&t=4d5b0474&ps=13740610&shp=30310797&shcp=ff37627b&idc=useast5,7.47395E+18,1740164180,2025-02-21T18:56:20.000Z,1,https://vt.tiktok.com/ZSh8FQbqo/,FALSE,,7.47344E+18,,https://vt.tiktok.com/ZSh8FQbqo/,betul sekali 👍 sependapat,7.22126E+18,gaplos76,https://www.tiktok.com/@hai_online/video/7473394493971074311
https://p16-common-sign-useast2a.tiktokcdn-us.com/tos-useast2a-avt-0068-giso/b3ea11f3337658004036e2ee212b533a~tplv-tiktokx-cropcenter:100:100.jpg?dr=9640&refresh_token=c73d7b2c&x-expires=1746172800&x-signature=GhAnzR0PLoJuDCNoRzet%2FqIKWnw%3D&t=4d5b0474&ps=13740610&shp=30310797&shcp=ff37627b&idc=useast5,7.47563E+18,1740556665,2025-02-26T07:57:45.000Z,1,https://vt.tiktok.com/ZSh8FQbqo/,FALSE,,7.4734E+18,,https://vt.tiktok.com/ZSh8FQbqo/,Gak mungkin tidak ada paksaan. RAKYAT BERSAMA SUKATANI,6.9796E+18,jentikers,https://www.tiktok.com/@hai_online/video/7473394493971074311
https://p16-common-sign-sg.tiktokcdn-us.com/tos-alisg-avt-0068/6ae15db528cbf75b09cba47bfbfa5e18~tplv-tiktokx-cropcenter:100:100.jpg?dr=9640&refresh_token=664229b2&x-expires=1746172800&x-signature=krgFZyFxKjpXZU9ZdcZpHu4VMac%3D&t=4d5b0474&ps=13740610&shp=30310797&shcp=ff37627b&idc=useast5,7.47635E+18,1740722326,2025-02-28T05:58:46.000Z,0,https://vt.tiktok.com/ZSh8FQbqo/,FALSE,,7.4734E+18,,https://vt.tiktok.com/ZSh8FQbqo/,hati saya dukung sukatani,6.96342E+18,sandirusmana93,https://www.tiktok.com/@hai_online/video/7473394493971074311
https://p16-common-sign-sg.tiktokcdn-us.com/tos-alisg-avt-0068/542be7a3a06215403a21f84ab777a8ef~tplv-tiktokx-cropcenter:100:100.jpg?dr=9640&refresh_token=663a9f6e&x-expires=1746172800&x-signature=mkHtcY1JHkKVDAuK1hJrmz9pxAw%3D&t=4d5b0474&ps=13740610&shp=30310797&shcp=ff37627b&idc=useast5,7.47528E+18,1740473376,2025-02-25T08:49:36.000Z,0,https://vt.tiktok.com/ZSh8FQbqo/,FALSE,,7.4734E+18,,https://vt.tiktok.com/ZSh8FQbqo/,saya dukung sukatani,7.03551E+18,king_banjar0,https://www.tiktok.com/@hai_online/video/7473394493971074311
https://p16-common-sign-sg.tiktokcdn-us.com/tos-alisg-avt-0068/d005f8c05de6a3c41635b0b7e5cb7429~tplv-tiktokx-cropcenter:100:100.jpg?dr=9640&refresh_token=5426b64c&x-expires=1746172800&x-signature=oHDlOwRbGDflqkQt2emZTiYejS8%3D&t=4d5b0474&ps=13740610&shp=30310797&shcp=ff37627b&idc=useast5,7.47564E+18,1740557539,2025-02-26T08:12:19.000Z,0,https://vt.tiktok.com/ZSh8FQbqo/,FALSE,,7.4734E+18,,https://vt.tiktok.com/ZSh8FQbqo/,gas in,6.99398E+18,idham_jb,https://www.tiktok.com/@hai_online/video/7473394493971074311
https://p16-common-sign-va.tiktokcdn-us.com/tos-maliva-avt-0068/5d6684417b532a06fc7eadaa95f316e0~tplv-tiktokx-cropcenter:100:100.jpg?dr=9640&refresh_token=46d18c48&x-expires=1746172800&x-signature=349iuY9%2FVCRkpz6fE%2BuHMvoIeBQ%3D&t=4d5b0474&ps=13740610&shp=30310797&shcp=ff37627b&idc=useast5,7.47491E+18,1740387838,2025-02-24T09:03:58.000Z,0,https://vt.tiktok.com/ZSh8FQbqo/,FALSE,,7.4734E+18,,https://vt.tiktok.com/ZSh8FQbqo/,fomo,6.86367E+18,skyblue_526,https://www.tiktok.com/@hai_online/video/7473394493971074311
https://p16-common-sign-sg.tiktokcdn-us.com/tos-alisg-avt-0068/a5728ddd178220c3c0388e5adde01787~tplv-tiktokx-cropcenter:100:100.jpg?dr=9640&refresh_token=b8fe290a&x-expires=1746172800&x-signature=5DyZ%2FjJj%2FQoXnMU%2F0qHHalKjjfU%3D&t=4d5b0474&ps=13740610&shp=30310797&shcp=ff37627b&idc=useast5,7.4734E+18,1740036838,2025-02-20T07:33:58.000Z,4,https://vt.tiktok.com/ZSh8FQbqo/,FALSE,,7.4734E+18,,https://vt.tiktok.com/ZSh8FQbqo/,makin ga asik kerja benalu negara,6.91747E+18,nalarpuitis,https://www.tiktok.com/@hai_online/video/7473394493971074311
https://p16-common-sign-va.tiktokcdn-us.com/tos-maliva-avt-0068/b1cdea65ff71046ce2d9cf5c42d3f578~tplv-tiktokx-cropcenter:100:100.jpg?dr=9640&refresh_token=9db8b3b4&x-expires=1746172800&x-signature=SBHr%2Bnbgl%2FpVqBHi4p%2FPHC%2B%2BQOo%3D&t=4d5b0474&ps=13740610&shp=30310797&shcp=ff37627b&idc=useast5,7.47351E+18,1740061019,2025-02-20T14:16:59.000Z,4,https://vt.tiktok.com/ZSh8FQbqo/,FALSE,,7.4734E+18,,https://vt.tiktok.com/ZSh8FQbqo/,"isolop ini kek gak sadar ya, padahal dengan prilaku mereka mengintimidasi sukatani untuk minta maaf itu malah bikin band dan lagunya makin naik🗿 kalau udah jadi isu nasional bisa merembet kemana-mana kek kasus yang udah udah",6.92186E+18,6galileogalilei6,https://www.tiktok.com/@hai_online/video/7473394493971074311
https://p16-common-sign-sg.tiktokcdn-us.com/tos-alisg-avt-0068/a5728ddd178220c3c0388e5adde01787~tplv-tiktokx-cropcenter:100:100.jpg?dr=9640&refresh_token=b8fe290a&x-expires=1746172800&x-signature=5DyZ%2FjJj%2FQoXnMU%2F0qHHalKjjfU%3D&t=4d5b0474&ps=13740610&shp=30310797&shcp=ff37627b&idc=useast5,7.47364E+18,1740093077,2025-02-20T23:11:17.000Z,0,https://vt.tiktok.com/ZSh8FQbqo/,FALSE,,7.4734E+18,,https://vt.tiktok.com/ZSh8FQbqo/,"katanya kan tanpa ada paksaan isilop atau siapapun, justru itu, melalui (video klarif) ini pihak institusi hrsnya merasa tlh direcehkan scr intelektual. tau dah nyampe ga uteknya😁",6.91747E+18,nalarpuitis,https://www.tiktok.com/@hai_online/video/7473394493971074311
https://p16-common-sign-va.tiktokcdn-us.com/tos-maliva-avt-0068/b1cdea65ff71046ce2d9cf5c42d3f578~tplv-tiktokx-cropcenter:100:100.jpg?dr=9640&refresh_token=9db8b3b4&x-expires=1746172800&x-signature=SBHr%2Bnbgl%2FpVqBHi4p%2FPHC%2B%2BQOo%3D&t=4d5b0474&ps=13740610&shp=30310797&shcp=ff37627b&idc=useast5,7.47372E+18,1740110012,2025-02-21T03:53:32.000Z,2,https://vt.tiktok.com/ZSh8FQbqo/,FALSE,,7.4734E+18,,https://vt.tiktok.com/ZSh8FQbqo/,"gak nyampe kayaknya🗿 kalau isolop yang nyuruh klarifikasi dan menghapus lagunya itu blunder banget, citra isolop makin turun sedangkan Sukatani malah banyak dapet dukungan",6.92186E+18,6galileogalilei6,https://www.tiktok.com/@hai_online/video/7473394493971074311
https://p16-common-sign-va.tiktokcdn-us.com/tos-maliva-avt-0068/8b9432434d30570b8a56365f0c316e71~tplv-tiktokx-cropcenter:100:100.jpg?dr=9640&refresh_token=20bf9b42&x-expires=1746172800&x-signature=rroZptnpigwfvOCJhF9WzrMKV8g%3D&t=4d5b0474&ps=13740610&shp=30310797&shcp=ff37627b&idc=useast5,7.4749E+18,1740384945,2025-02-24T08:15:45.000Z,0,https://vt.tiktok.com/ZSh8FQbqo/,FALSE,,7.4734E+18,,https://vt.tiktok.com/ZSh8FQbqo/,no no no,7.23954E+18,teddyslimuthe,https://www.tiktok.com/@hai_online/video/7473394493971074311
https://p16-common-sign-sg.tiktokcdn-us.com/tos-alisg-avt-0068/93033b8f5f37b566645299db312cd270~tplv-tiktokx-cropcenter:100:100.jpg?dr=9640&refresh_token=a6eade39&x-expires=1746172800&x-signature=nm4g9QB8EQBMd%2Bi419KzvlwKaFY%3D&t=4d5b0474&ps=13740610&shp=30310797&shcp=ff37627b&idc=useast5,7.47342E+18,1740041843,2025-02-20T08:57:23.000Z,0,https://vt.tiktok.com/ZSh8FQbqo/,FALSE,,7.4734E+18,,https://vt.tiktok.com/ZSh8FQbqo/,makin ga respect,6.95846E+18,isfanfajara,https://www.tiktok.com/@hai_online/video/7473394493971074311
https://p16-common-sign-va.tiktokcdn-us.com/tos-maliva-avt-0068/42ebacc2333c0b4f8810c4469c443a49~tplv-tiktokx-cropcenter:100:100.jpg?dr=9640&refresh_token=81ed4721&x-expires=1746172800&x-signature=nLzwjG4e%2BQ6pK7164blCs8GsW8U%3D&t=4d5b0474&ps=13740610&shp=30310797&shcp=ff37627b&idc=useast5,7.47537E+18,1740494596,2025-02-25T14:43:16.000Z,0,https://vt.tiktok.com/ZSh8FQbqo/,FALSE,,7.4734E+18,,https://vt.tiktok.com/ZSh8FQbqo/,👍👍👍,7.39443E+18,djenarlee,https://www.tiktok.com/@hai_online/video/7473394493971074311
https://p16-common-sign-sg.tiktokcdn-us.com/tos-alisg-avt-0068/ab1611546fcc55782602918667be939a~tplv-tiktokx-cropcenter:100:100.jpg?dr=9640&refresh_token=410ff871&x-expires=1746172800&x-signature=g6p0YMha2tAvxtUxdxnCUShE%2Fnc%3D&t=4d5b0474&ps=13740610&shp=30310797&shcp=ff37627b&idc=useast5,7.47347E+18,1740052213,2025-02-20T11:50:13.000Z,21,https://vt.tiktok.com/ZSh8FQbqo/,FALSE,FALSE,,1,https://vt.tiktok.com/ZSh8FQbqo/,"kenapa minta maaf, bukannya itu kebenaran?",6.99317E+18,whrosee,https://www.tiktok.com/@hai_online/video/7473394493971074311
https://p16-common-sign-sg.tiktokcdn-us.com/tos-alisg-avt-0068/1a8d5671325f086b2e81106b8e039390~tplv-tiktokx-cropcenter:100:100.jpg?dr=9640&refresh_token=8dad481c&x-expires=1746172800&x-signature=Uszh8rjBeNSw41nCyyYSl3NKFWw%3D&t=4d5b0474&ps=13740610&shp=30310797&shcp=ff37627b&idc=useast5,7.47342E+18,1740042223,2025-02-20T09:03:43.000Z,9,https://vt.tiktok.com/ZSh8FQbqo/,FALSE,FALSE,,0,https://vt.tiktok.com/ZSh8FQbqo/,emang lagunya kenyataan emang ga usah minta maaf brooo,6.94757E+18,kacoater,https://www.tiktok.com/@hai_online/video/7473394493971074311
https://p16-common-sign-va.tiktokcdn-us.com/musically-maliva-obj/1594805258216454~tplv-tiktokx-cropcenter:100:100.jpg?dr=9640&refresh_token=8a29684a&x-expires=1746172800&x-signature=7DZto9hg0aqFDqq0kULxMSzQbEQ%3D&t=4d5b0474&ps=13740610&shp=30310797&shcp=ff37627b&idc=useast5,7.47345E+18,1740048976,2025-02-20T10:56:16.000Z,190,https://vt.tiktok.com/ZSh8FQbqo/,FALSE,FALSE,,7,https://vt.tiktok.com/ZSh8FQbqo/,salahnya dimana?,6.96843E+18,ariefhidayat1047,https://www.tiktok.com/@hai_online/video/7473394493971074311
https://p19-common-sign-va.tiktokcdn-us.com/tos-maliva-avt-0068/48559ca4353dcbb60fb39a9a6dbfe15f~tplv-tiktokx-cropcenter:100:100.jpg?dr=9640&refresh_token=cf77be21&x-expires=1746172800&x-signature=Mi96JVaVFvwZDuK6HFEzwpPIcFw%3D&t=4d5b0474&ps=13740610&shp=30310797&shcp=ff37627b&idc=useast5,7.47419E+18,1740220802,2025-02-22T10:40:02.000Z,16,https://vt.tiktok.com/ZSh8FQbqo/,FALSE,FALSE,,0,https://vt.tiktok.com/ZSh8FQbqo/,"Kami dukung Sukatani, maju terus pantang mundur.",6.86291E+18,bhans15,https://www.tiktok.com/@hai_online/video/7473394493971074311
https://p16-common-sign-va.tiktokcdn-us.com/tos-maliva-avt-0068/335a88a4b82a99df4397fc3bb2728b19~tplv-tiktokx-cropcenter:100:100.jpg?dr=9640&refresh_token=aa90e53a&x-expires=1746172800&x-signature=ayeFduMr%2BC1sk489dMmd%2BbtqN9A%3D&t=4d5b0474&ps=13740610&shp=30310797&shcp=ff37627b&idc=useast5,7.47348E+18,1740055306,2025-02-20T12:41:46.000Z,0,https://vt.tiktok.com/ZSh8FQbqo/,FALSE,,7.47347E+18,,https://vt.tiktok.com/ZSh8FQbqo/,FAKTA👍,7.07194E+18,ridhosukadadaayam,https://www.tiktok.com/@hai_online/video/7473394493971074311
https://p16-common-sign-va.tiktokcdn-us.com/tos-maliva-avt-0068/52e64d771a95bd318fc00e84b6587c72~tplv-tiktokx-cropcenter:100:100.jpg?dr=9640&refresh_token=491b61b2&x-expires=1746172800&x-signature=WkscAXXfJGq6iQ3dETWjogmY5mk%3D&t=4d5b0474&ps=13740610&shp=30310797&shcp=ff37627b&idc=useast5,7.47345E+18,1740049073,2025-02-20T10:57:53.000Z,37,https://vt.tiktok.com/ZSh8FQbqo/,FALSE,,7.47345E+18,,https://vt.tiktok.com/ZSh8FQbqo/,"tidak bayar polisi,🤭",7.17353E+18,alfakukuh.p,https://www.tiktok.com/@hai_online/video/7473394493971074311
https://p16-common-sign-sg.tiktokcdn-us.com/tos-alisg-avt-0068/93905479177160c16c0c6c580f04f51d~tplv-tiktokx-cropcenter:100:100.jpg?dr=9640&refresh_token=13e42127&x-expires=1746172800&x-signature=CX0%2Bo5SVqcZw6UYFCfnBeDUtCeo%3D&t=4d5b0474&ps=13740610&shp=30310797&shcp=ff37627b&idc=useast5,7.47346E+18,1740049557,2025-02-20T11:05:57.000Z,1,https://vt.tiktok.com/ZSh8FQbqo/,FALSE,,7.47345E+18,,https://vt.tiktok.com/ZSh8FQbqo/,setujuh..😁😁,6.79122E+18,zackviana19,https://www.tiktok.com/@hai_online/video/7473394493971074311
https://p16-common-sign-sg.tiktokcdn-us.com/tos-alisg-avt-0068/0365cf05a05c8f89b27d6c6ac13ba786~tplv-tiktokx-cropcenter:100:100.jpg?dr=9640&refresh_token=2ec1eb60&x-expires=1746172800&x-signature=4BNE2FFkU1y3qa4QkcBMYqc8FaU%3D&t=4d5b0474&ps=13740610&shp=30310797&shcp=ff37627b&idc=useast5,7.47346E+18,1740049804,2025-02-20T11:10:04.000Z,0,https://vt.tiktok.com/ZSh8FQbqo/,FALSE,,7.47345E+18,,https://vt.tiktok.com/ZSh8FQbqo/,lah iya juga sesuai judul dong🗿,6.80007E+18,yusufbocilreplay,https://www.tiktok.com/@hai_online/video/7473394493971074311
https://p16-common-sign-sg.tiktokcdn-us.com/tos-alisg-avt-0068/f95474ec53a9fd6f501e68f66b3faa87~tplv-tiktokx-cropcenter:100:100.jpg?dr=9640&refresh_token=f0e34bfb&x-expires=1746172800&x-signature=NCKBDcm3tLo1ujndQX59GmUlmnw%3D&t=4d5b0474&ps=13740610&shp=30310797&shcp=ff37627b&idc=useast5,7.47382E+18,1740134995,2025-02-21T10:49:55.000Z,1,https://vt.tiktok.com/ZSh8FQbqo/,FALSE,,7.47345E+18,,https://vt.tiktok.com/ZSh8FQbqo/,pemerasan🤣,7.19959E+18,alpin5860,https://www.tiktok.com/@hai_online/video/7473394493971074311
https://p16-common-sign-va.tiktokcdn-us.com/tos-maliva-avt-0068/7cf74a0b72c90b451dbde03c47d891f0~tplv-tiktokx-cropcenter:100:100.jpg?dr=9640&refresh_token=bf6eb694&x-expires=1746172800&x-signature=KNsysJxU4ubO%2BmUfMXOfOOIKaYU%3D&t=4d5b0474&ps=13740610&shp=30310797&shcp=ff37627b&idc=useast5,7.47352E+18,1740064733,2025-02-20T15:18:53.000Z,0,https://vt.tiktok.com/ZSh8FQbqo/,FALSE,,7.47345E+18,,https://vt.tiktok.com/ZSh8FQbqo/,"salahnya,mungkin karena mereka lupa bayar😁🤣",7.26417E+18,dangzoni,https://www.tiktok.com/@hai_online/video/7473394493971074311
https://p16-common-sign-va.tiktokcdn-us.com/tos-maliva-avt-0068/0333246375e565dcf7d5610229640894~tplv-tiktokx-cropcenter:100:100.jpg?dr=9640&refresh_token=bf5bb934&x-expires=1746172800&x-signature=ZwaO%2B4tvvX9QWRwWqnh0okFeJWc%3D&t=4d5b0474&ps=13740610&shp=30310797&shcp=ff37627b&idc=useast5,7.47347E+18,1740051853,2025-02-20T11:44:13.000Z,1,https://vt.tiktok.com/ZSh8FQbqo/,FALSE,,7.47345E+18,,https://vt.tiktok.com/ZSh8FQbqo/,"enggak ada salahnya, yang disebut kesindir makanya minta dihapus😂",7.01174E+18,scawmon,https://www.tiktok.com/@hai_online/video/7473394493971074311
https://p16-common-sign-sg.tiktokcdn-us.com/tos-alisg-avt-0068/47f87afc6fde15ebfd34b8c8dd87c7a1~tplv-tiktokx-cropcenter:100:100.jpg?dr=9640&refresh_token=52498653&x-expires=1746172800&x-signature=GeVnsKramM%2FcBoqkv7%2Bt7ImHSwg%3D&t=4d5b0474&ps=13740610&shp=30310797&shcp=ff37627b&idc=useast5,7.47346E+18,1740049745,2025-02-20T11:09:05.000Z,0,https://vt.tiktok.com/ZSh8FQbqo/,FALSE,,7.47345E+18,,https://vt.tiktok.com/ZSh8FQbqo/,karena bikin yang disana tersindir👀,7.03508E+18,zethowi,https://www.tiktok.com/@hai_online/video/7473394493971074311
https://p16-common-sign-sg.tiktokcdn-us.com/tos-alisg-avt-0068/d1a9d2a1029e995dda6c718fdcc48deb~tplv-tiktokx-cropcenter:100:100.jpg?dr=9640&refresh_token=0dd9cff8&x-expires=1746172800&x-signature=13lW7mT%2BZifi%2F1oj%2FH4CL8FkFY0%3D&t=4d5b0474&ps=13740610&shp=30310797&shcp=ff37627b&idc=useast5,7.47345E+18,1740048951,2025-02-20T10:55:51.000Z,12,https://vt.tiktok.com/ZSh8FQbqo/,FALSE,FALSE,,0,https://vt.tiktok.com/ZSh8FQbqo/,sukatani lg klarifikasi atau di intimidasi oleh konoha?? 😩😩,7.10786E+18,sufi.s20,https://www.tiktok.com/@hai_online/video/7473394493971074311
https://p16-common-sign-useast2a.tiktokcdn-us.com/tos-useast2a-avt-0068-giso/f726a1864ca88b91260952d49c27221b~tplv-tiktokx-cropcenter:100:100.jpg?dr=9640&refresh_token=117b997c&x-expires=1746172800&x-signature=yvcW0unilkOWw8UJqZlp0LpKmQI%3D&t=4d5b0474&ps=13740610&shp=30310797&shcp=ff37627b&idc=useast5,7.47346E+18,1740050717,2025-02-20T11:25:17.000Z,114,https://vt.tiktok.com/ZSh8FQbqo/,FALSE,FALSE,,12,https://vt.tiktok.com/ZSh8FQbqo/,POLISI =HAMA,6.83296E+18,anakepremangankeprek,https://www.tiktok.com/@hai_online/video/7473394493971074311
https://p16-common-sign-sg.tiktokcdn-us.com/tos-alisg-avt-0068/0a4f7f5cbdc259c960944d8683873617~tplv-tiktokx-cropcenter:100:100.jpg?dr=9640&refresh_token=3e81a093&x-expires=1746172800&x-signature=RDlnRkZVSfFj6ZRUUx%2Frmzlb6Eg%3D&t=4d5b0474&ps=13740610&shp=30310797&shcp=ff37627b&idc=useast5,7.4734E+18,1740037328,2025-02-20T07:42:08.000Z,30,https://vt.tiktok.com/ZSh8FQbqo/,FALSE,FALSE,,0,https://vt.tiktok.com/ZSh8FQbqo/,polisi: hama,7.24858E+18,adamganz20,https://www.tiktok.com/@hai_online/video/7473394493971074311
https://p16-common-sign-sg.tiktokcdn-us.com/tos-alisg-avt-0068/88705396a65b941f478a42a7aa1ea681~tplv-tiktokx-cropcenter:100:100.jpg?dr=9640&refresh_token=87fc20d5&x-expires=1746172800&x-signature=AgAnUMotKvHNywV8YllbYUvTQVY%3D&t=4d5b0474&ps=13740610&shp=30310797&shcp=ff37627b&idc=useast5,7.47347E+18,1740053763,2025-02-20T12:16:03.000Z,169,https://vt.tiktok.com/ZSh8FQbqo/,FALSE,FALSE,,0,https://vt.tiktok.com/ZSh8FQbqo/,Bayar bayar bayar....... FAKTA 😂 woi 😂,7.04896E+18,mas_joko_pamungkas,https://www.tiktok.com/@hai_online/video/7473394493971074311
https://p16-common-sign-useast2a.tiktokcdn-us.com/tos-useast2a-avt-0068-giso/66c6b950052d7b2dbe658c782a9fbce7~tplv-tiktokx-cropcenter:100:100.jpg?dr=9640&refresh_token=9f3536ec&x-expires=1746172800&x-signature=wSlaii7zLkNm%2B%2FVvxoCX7rH6H1g%3D&t=4d5b0474&ps=13740610&shp=30310797&shcp=ff37627b&idc=useast5,7.4734E+18,1740036236,2025-02-20T07:23:56.000Z,12,https://vt.tiktok.com/ZSh8FQbqo/,FALSE,FALSE,,0,https://vt.tiktok.com/ZSh8FQbqo/,"semangat kakak2 sukatani, kalian tidak salah🔥terima kasih sudah bantu memperjuangkan bentuk perlawanan #kamibersamasukatani",6.82001E+18,catwarrior22,https://www.tiktok.com/@hai_online/video/7473394493971074311
https://p16-common-sign-sg.tiktokcdn-us.com/tos-alisg-avt-0068/18e9122d8e9ab2f69fa9bbfe2e8be8ea~tplv-tiktokx-cropcenter:100:100.jpg?dr=9640&refresh_token=229deba1&x-expires=1746172800&x-signature=2WPhxEFmXHh4PiKqgZD9cm57M4s%3D&t=4d5b0474&ps=13740610&shp=30310797&shcp=ff37627b&idc=useast5,7.4735E+18,1740059181,2025-02-20T13:46:21.000Z,6,https://vt.tiktok.com/ZSh8FQbqo/,FALSE,FALSE,,0,https://vt.tiktok.com/ZSh8FQbqo/,padahal lagunyaa relate bangett bang,7.28165E+18,naufalopay95,https://www.tiktok.com/@hai_online/video/7473394493971074311
https://p16-common-sign-sg.tiktokcdn-us.com/tos-alisg-avt-0068/42f8eff17e908d954035c20ef182d2d9~tplv-tiktokx-cropcenter:100:100.jpg?dr=9640&refresh_token=8780b916&x-expires=1746172800&x-signature=9JMVI6mZ4Xkc495XmRPD88X60r8%3D&t=4d5b0474&ps=13740610&shp=30310797&shcp=ff37627b&idc=useast5,7.47349E+18,1740057203,2025-02-20T13:13:23.000Z,8,https://vt.tiktok.com/ZSh8FQbqo/,FALSE,FALSE,,0,https://vt.tiktok.com/ZSh8FQbqo/,kok minta maaf sih kenyataannya emang kek gitu kok😅,7.31602E+18,adi90269,https://www.tiktok.com/@hai_online/video/7473394493971074311
https://p16-common-sign-sg.tiktokcdn-us.com/tos-alisg-avt-0068/58121bc0067892264e755217450060a8~tplv-tiktokx-cropcenter:100:100.jpg?dr=9640&refresh_token=ddeec825&x-expires=1746172800&x-signature=NKPR2jxn4wwmMD7IRrS1WL6LC6E%3D&t=4d5b0474&ps=13740610&shp=30310797&shcp=ff37627b&idc=useast5,7.47343E+18,1740044194,2025-02-20T09:36:34.000Z,8,https://vt.tiktok.com/ZSh8FQbqo/,FALSE,FALSE,,0,https://vt.tiktok.com/ZSh8FQbqo/,Wajar minta takedown lagunya emng fakta kan #1312,7.24419E+18,vorven.studio,https://www.tiktok.com/@hai_online/video/7473394493971074311
https://p16-common-sign-va.tiktokcdn-us.com/tos-maliva-avt-0068/86b9284374496a799b0c4cbaed7c42e5~tplv-tiktokx-cropcenter:100:100.jpg?dr=9640&refresh_token=8058dfc0&x-expires=1746172800&x-signature=dxG6YW8itwWUJ6gzlaZGXlnoa70%3D&t=4d5b0474&ps=13740610&shp=30310797&shcp=ff37627b&idc=useast5,7.47341E+18,1740037960,2025-02-20T07:52:40.000Z,16,https://vt.tiktok.com/ZSh8FQbqo/,FALSE,FALSE,,0,https://vt.tiktok.com/ZSh8FQbqo/,KAMI BERSAMA SUKATANI,6.73825E+18,sucimaksimal7,https://www.tiktok.com/@hai_online/video/7473394493971074311
https://p16-common-sign-useast2a.tiktokcdn-us.com/tos-useast2a-avt-0068-giso/8064aba7d15188f982ce741974573d6a~tplv-tiktokx-cropcenter:100:100.jpg?dr=9640&refresh_token=9a8008b1&x-expires=1746172800&x-signature=rBRKC4DAwYBazoq2XL1e2teMue4%3D&t=4d5b0474&ps=13740610&shp=30310797&shcp=ff37627b&idc=useast5,7.47349E+18,1740057766,2025-02-20T13:22:46.000Z,11,https://vt.tiktok.com/ZSh8FQbqo/,FALSE,FALSE,,0,https://vt.tiktok.com/ZSh8FQbqo/,"@al✰:mereka bukan KLARIFIKASI, mereka DIINTIMIDASI",7.14025E+18,dovarrisky,https://www.tiktok.com/@hai_online/video/7473394493971074311
https://p16-common-sign-va.tiktokcdn-us.com/tos-maliva-avt-0068/76f06f806f9a6f45783ffddef10e4a3f~tplv-tiktokx-cropcenter:100:100.jpg?dr=9640&refresh_token=802e7138&x-expires=1746172800&x-signature=mtmDTwEoYL63sp9rEw1JlyVt%2BbQ%3D&t=4d5b0474&ps=13740610&shp=30310797&shcp=ff37627b&idc=useast5,7.4735E+18,1740060743,2025-02-20T14:12:23.000Z,87,https://vt.tiktok.com/ZSh8FQbqo/,FALSE,FALSE,,1,https://vt.tiktok.com/ZSh8FQbqo/,"lah emg benar bayar polisi, urus skck, sim dll bayar polisi 😅🤭",6.78391E+18,lonerr.y,https://www.tiktok.com/@hai_online/video/7473394493971074311
https://p19-common-sign-va.tiktokcdn-us.com/tos-maliva-avt-0068/5a059ce6722c6c0b19ba82dc2013b62f~tplv-tiktokx-cropcenter:100:100.jpg?dr=9640&refresh_token=581876ab&x-expires=1746172800&x-signature=ylsxpWirHVZZIbQl9AYAXzEKKTQ%3D&t=4d5b0474&ps=13740610&shp=30310797&shcp=ff37627b&idc=useast5,7.47347E+18,1740053814,2025-02-20T12:16:54.000Z,9,https://vt.tiktok.com/ZSh8FQbqo/,FALSE,FALSE,,0,https://vt.tiktok.com/ZSh8FQbqo/,"""tanpa ada paksaan"" ekspresi vokalisnya 🤐",7.02414E+18,surabayathrifting,https://www.tiktok.com/@hai_online/video/7473394493971074311
https://p16-common-sign-useast2a.tiktokcdn-us.com/tos-useast2a-avt-0068-giso/f5810b39ee76797ac5daaeb7d88e18be~tplv-tiktokx-cropcenter:100:100.jpg?dr=9640&refresh_token=b2f6d05f&x-expires=1746172800&x-signature=vObsvAFzSWPR5Fz15CHOjUXntpA%3D&t=4d5b0474&ps=13740610&shp=30310797&shcp=ff37627b&idc=useast5,7.47354E+18,1740069747,2025-02-20T16:42:27.000Z,1,https://vt.tiktok.com/ZSh8FQbqo/,FALSE,,7.4735E+18,,https://vt.tiktok.com/ZSh8FQbqo/,bayar tilangan juga bang wkwkw,7.09742E+18,niiel001,https://www.tiktok.com/@hai_online/video/7473394493971074311
https://p16-common-sign-sg.tiktokcdn-us.com/tos-alisg-avt-0068/2e822f51e1c63ec3c2e6c73cedcffe6a~tplv-tiktokx-cropcenter:100:100.jpg?dr=9640&refresh_token=d3044fbc&x-expires=1746172800&x-signature=EyxM56gvVn2ovokfLfIfIQQhZm8%3D&t=4d5b0474&ps=13740610&shp=30310797&shcp=ff37627b&idc=useast5,7.47345E+18,1740047461,2025-02-20T10:31:01.000Z,6,https://vt.tiktok.com/ZSh8FQbqo/,FALSE,FALSE,,0,https://vt.tiktok.com/ZSh8FQbqo/,"masuk penjara
bayar polisi
keluar penjara
bayar polisi
mau jadi polisi
bayar polisi",7.201E+18,raspunkk,https://www.tiktok.com/@hai_online/video/7473394493971074311
https://p16-common-sign-va.tiktokcdn-us.com/musically-maliva-obj/1594805258216454~tplv-tiktokx-cropcenter:100:100.jpg?dr=9640&refresh_token=8a29684a&x-expires=1746172800&x-signature=7DZto9hg0aqFDqq0kULxMSzQbEQ%3D&t=4d5b0474&ps=13740610&shp=30310797&shcp=ff37627b&idc=useast5,7.4735E+18,1740059693,2025-02-20T13:54:53.000Z,39,https://vt.tiktok.com/ZSh8FQbqo/,FALSE,FALSE,,3,https://vt.tiktok.com/ZSh8FQbqo/,"NGAPAIN KLARIFIKASI???
KAN YG DI NYANYIIN ELU ITU FAKTA SEMUA!!!🫵🏼",6.96158E+18,tendangtulangkering,https://www.tiktok.com/@hai_online/video/7473394493971074311
https://p16-common-sign-sg.tiktokcdn-us.com/tos-alisg-avt-0068/7a5f20d438eb0aacbd5527e808043bbc~tplv-tiktokx-cropcenter:100:100.jpg?dr=9640&refresh_token=042386e2&x-expires=1746172800&x-signature=5mYjcOmn4eLvfXYMhiPJ3m0rXJk%3D&t=4d5b0474&ps=13740610&shp=30310797&shcp=ff37627b&idc=useast5,7.47366E+18,1740097884,2025-02-21T00:31:24.000Z,5,https://vt.tiktok.com/ZSh8FQbqo/,FALSE,FALSE,,0,https://vt.tiktok.com/ZSh8FQbqo/,"mengapa minta maaf?
lagu tsb mmg fakta 👍",6.9105E+18,bagindosati77,https://www.tiktok.com/@hai_online/video/7473394493971074311
https://p19-common-sign-sg.tiktokcdn-us.com/tos-alisg-avt-0068/7322857245740384257~tplv-tiktokx-cropcenter:100:100.jpg?dr=9640&refresh_token=18c6ea36&x-expires=1746172800&x-signature=mRwjHOuC6DpvmHnjtotXD67Dpbk%3D&t=4d5b0474&ps=13740610&shp=30310797&shcp=ff37627b&idc=useast5,7.47347E+18,1740053098,2025-02-20T12:04:58.000Z,5,https://vt.tiktok.com/ZSh8FQbqo/,FALSE,FALSE,,0,https://vt.tiktok.com/ZSh8FQbqo/,"Ga ush minta maaf, memang kenyataan",6.76275E+18,maulana_muhammad100,https://www.tiktok.com/@hai_online/video/7473394493971074311
https://p16-common-sign-sg.tiktokcdn-us.com/tos-alisg-avt-0068/eddfc449253a48754bd99bf7d5f92e07~tplv-tiktokx-cropcenter:100:100.jpg?dr=9640&refresh_token=202d03ee&x-expires=1746172800&x-signature=%2F0m9s3Vy%2B09f9RJoqz3PpgLmtnA%3D&t=4d5b0474&ps=13740610&shp=30310797&shcp=ff37627b&idc=useast5,7.47346E+18,1740050654,2025-02-20T11:24:14.000Z,206,https://vt.tiktok.com/ZSh8FQbqo/,FALSE,FALSE,,3,https://vt.tiktok.com/ZSh8FQbqo/,"Jangan kalah dulu, kami bersama sukatani✊",6.88161E+18,hernandoislamiputra,https://www.tiktok.com/@hai_online/video/7473394493971074311
https://p16-common-sign-sg.tiktokcdn-us.com/tos-alisg-avt-0068/7336027813440389122~tplv-tiktokx-cropcenter:100:100.jpg?dr=9640&refresh_token=7f53f6f1&x-expires=1746172800&x-signature=1%2FPSS9iteQeSKnh37r9itSayCps%3D&t=4d5b0474&ps=13740610&shp=30310797&shcp=ff37627b&idc=useast5,7.47346E+18,1740050874,2025-02-20T11:27:54.000Z,156,https://vt.tiktok.com/ZSh8FQbqo/,FALSE,FALSE,,4,https://vt.tiktok.com/ZSh8FQbqo/,"La bukan nya bener,klo urusan ma hukum za hrus bayar polisi",6.73951E+18,robithryanf,https://www.tiktok.com/@hai_online/video/7473394493971074311
https://p16-common-sign-va.tiktokcdn-us.com/tos-maliva-avt-0068/972828f3d388016a4a197c593cf7d78b~tplv-tiktokx-cropcenter:100:100.jpg?dr=9640&refresh_token=9c44fb8e&x-expires=1746172800&x-signature=N9REjr%2B6v0HeqgB9%2FO2Uv8IA7os%3D&t=4d5b0474&ps=13740610&shp=30310797&shcp=ff37627b&idc=useast5,7.47344E+18,1740046514,2025-02-20T10:15:14.000Z,467,https://vt.tiktok.com/ZSh8FQbqo/,FALSE,FALSE,,0,https://vt.tiktok.com/ZSh8FQbqo/,keren Sukatani dengan lagu bayar bayar bayar,7.19812E+18,dramajoga,https://www.tiktok.com/@hai_online/video/7473394493971074311
https://p16-common-sign-useast2a.tiktokcdn-us.com/tos-useast2a-avt-0068-giso/7908df347f6b75fc4f7a4b5b4744b221~tplv-tiktokx-cropcenter:100:100.jpg?dr=9640&refresh_token=19bf0989&x-expires=1746172800&x-signature=%2BvB%2Bo0Le4sc5NkhUSJs%2B%2FuBl4KA%3D&t=4d5b0474&ps=13740610&shp=30310797&shcp=ff37627b&idc=useast5,7.47355E+18,1740071977,2025-02-20T17:19:37.000Z,6,https://vt.tiktok.com/ZSh8FQbqo/,FALSE,FALSE,,0,https://vt.tiktok.com/ZSh8FQbqo/,negara demokrasi apaan ini kata pemerintah kita negara demokrasi rusak begini karya seni malah ga punya malu polisi harus dimusnahkan,6.80071E+18,sicowokgatel,https://www.tiktok.com/@hai_online/video/7473394493971074311
https://p16-common-sign-sg.tiktokcdn-us.com/tos-alisg-avt-0068/929dc90a7c1ec51e4026a231306a8d9f~tplv-tiktokx-cropcenter:100:100.jpg?dr=9640&refresh_token=c07970bc&x-expires=1746172800&x-signature=cc%2Bmq6mMHpKpYkCQlpBSBjVRChU%3D&t=4d5b0474&ps=13740610&shp=30310797&shcp=ff37627b&idc=useast5,7.47341E+18,1740039374,2025-02-20T08:16:14.000Z,12,https://vt.tiktok.com/ZSh8FQbqo/,FALSE,FALSE,,0,https://vt.tiktok.com/ZSh8FQbqo/,"RIP KEBEBASAN BEREKSPRESI
#KAMIBERSAMASUKATANI",6.78141E+18,riointiktokuniverse,https://www.tiktok.com/@hai_online/video/7473394493971074311
https://p16-common-sign-va.tiktokcdn-us.com/tos-maliva-avt-0068/e1d6ec44ba3779ea8640e29d4004631c~tplv-tiktokx-cropcenter:100:100.jpg?dr=9640&refresh_token=aed8e69c&x-expires=1746172800&x-signature=F787RoENurTrJBC2ywnHD0m64iI%3D&t=4d5b0474&ps=13740610&shp=30310797&shcp=ff37627b&idc=useast5,7.47343E+18,1740043080,2025-02-20T09:18:00.000Z,7,https://vt.tiktok.com/ZSh8FQbqo/,FALSE,FALSE,,0,https://vt.tiktok.com/ZSh8FQbqo/,laahh bukannya fakta yaa??,1.19516E+17,queenza_ghava,https://www.tiktok.com/@hai_online/video/7473394493971074311
https://p16-common-sign-sg.tiktokcdn-us.com/tos-alisg-avt-0068/8c9b785f802dc0286953fb464f457f17~tplv-tiktokx-cropcenter:100:100.jpg?dr=9640&refresh_token=a9a04ef8&x-expires=1746172800&x-signature=%2BGqqsLyYdHEb%2FI%2B3Qw%2BA70P8qhw%3D&t=4d5b0474&ps=13740610&shp=30310797&shcp=ff37627b&idc=useast5,7.47347E+18,1740053939,2025-02-20T12:18:59.000Z,48,https://vt.tiktok.com/ZSh8FQbqo/,FALSE,FALSE,,6,https://vt.tiktok.com/ZSh8FQbqo/,"kenapa minta maap..
kenyataan ny gitu kok..",6.81167E+18,paman.doblang.youtube,https://www.tiktok.com/@hai_online/video/7473394493971074311
https://p16-common-sign-sg.tiktokcdn-us.com/tos-alisg-avt-0068/7325380419367469057~tplv-tiktokx-cropcenter:100:100.jpg?dr=9640&refresh_token=656c76fa&x-expires=1746172800&x-signature=0ituzkk6MvZo025g1CEDN%2Bi5x58%3D&t=4d5b0474&ps=13740610&shp=30310797&shcp=ff37627b&idc=useast5,7.47349E+18,1740057677,2025-02-20T13:21:17.000Z,6,https://vt.tiktok.com/ZSh8FQbqo/,FALSE,FALSE,,0,https://vt.tiktok.com/ZSh8FQbqo/,faktanya memang begitu 😁,7.00957E+18,masmoko847,https://www.tiktok.com/@hai_online/video/7473394493971074311
https://p16-common-sign-sg.tiktokcdn-us.com/tos-alisg-avt-0068/3db23f318a02f99bd2c683c83fb4e184~tplv-tiktokx-cropcenter:100:100.jpg?dr=9640&refresh_token=16f4e7b3&x-expires=1746172800&x-signature=k5hbY3bZ%2FjzpIC%2B8rywdpwRw3tI%3D&t=4d5b0474&ps=13740610&shp=30310797&shcp=ff37627b&idc=useast5,7.4734E+18,1740036328,2025-02-20T07:25:28.000Z,983,https://vt.tiktok.com/ZSh8FQbqo/,FALSE,FALSE,,15,https://vt.tiktok.com/ZSh8FQbqo/,Lagu bayar bayar bayar yg kek mana?,6.63243E+18,sshole.boy,https://www.tiktok.com/@hai_online/video/7473394493971074311
https://p16-common-sign-sg.tiktokcdn-us.com/tos-alisg-avt-0068/cb1e63d2d79f47a9f4f871f508781728~tplv-tiktokx-cropcenter:100:100.jpg?dr=9640&refresh_token=e657fdcf&x-expires=1746172800&x-signature=tOvGFw2EcTKmUhp65gMBzBjR2dA%3D&t=4d5b0474&ps=13740610&shp=30310797&shcp=ff37627b&idc=useast5,7.47347E+18,1740053880,2025-02-20T12:18:00.000Z,81,https://vt.tiktok.com/ZSh8FQbqo/,FALSE,FALSE,,3,https://vt.tiktok.com/ZSh8FQbqo/,kenapa harus klarifikasi ya? emngnya fakta ya bayar polisi?,6.84833E+18,putra.rsky,https://www.tiktok.com/@hai_online/video/7473394493971074311
https://p16-common-sign-va.tiktokcdn-us.com/tos-maliva-avt-0068/de189e28f4fc2ecbcdc2a294e2aad386~tplv-tiktokx-cropcenter:100:100.jpg?dr=9640&refresh_token=f235b83b&x-expires=1746172800&x-signature=tPZSKWLdHAEl%2FxKmKLLSUDindoY%3D&t=4d5b0474&ps=13740610&shp=30310797&shcp=ff37627b&idc=useast5,7.4734E+18,1740035990,2025-02-20T07:19:50.000Z,31,https://vt.tiktok.com/ZSh8FQbqo/,FALSE,FALSE,,0,https://vt.tiktok.com/ZSh8FQbqo/,di bungkam karena fakta,7.27463E+18,adeeeeeeee_,https://www.tiktok.com/@hai_online/video/7473394493971074311
https://p16-common-sign-sg.tiktokcdn-us.com/tos-alisg-avt-0068/7325964663852810242~tplv-tiktokx-cropcenter:100:100.jpg?dr=9640&refresh_token=eee18791&x-expires=1746172800&x-signature=FTwgyhpf768CAZF9ciOj5sYAi8M%3D&t=4d5b0474&ps=13740610&shp=30310797&shcp=ff37627b&idc=useast5,7.47345E+18,1740048958,2025-02-20T10:55:58.000Z,27,https://vt.tiktok.com/ZSh8FQbqo/,FALSE,FALSE,,0,https://vt.tiktok.com/ZSh8FQbqo/,inilah indonesia..bayar bayar bayar,6.82994E+18,kemasan.53,https://www.tiktok.com/@hai_online/video/7473394493971074311
https://p16-common-sign-sg.tiktokcdn-us.com/tos-alisg-avt-0068/925035b2cf15e65adb96b3be7a7b969e~tplv-tiktokx-cropcenter:100:100.jpg?dr=9640&refresh_token=50d999cf&x-expires=1746172800&x-signature=ljXN7zwde5JaspG3hwae5PsXTHA%3D&t=4d5b0474&ps=13740610&shp=30310797&shcp=ff37627b&idc=useast5,7.47343E+18,1740044209,2025-02-20T09:36:49.000Z,5,https://vt.tiktok.com/ZSh8FQbqo/,FALSE,FALSE,,0,https://vt.tiktok.com/ZSh8FQbqo/,Ngapain minta maaf. Itu lagunya NYATA KO.,7.00591E+18,ibhaskiswotomo,https://www.tiktok.com/@hai_online/video/7473394493971074311
https://p16-common-sign-va.tiktokcdn-us.com/musically-maliva-obj/1594805258216454~tplv-tiktokx-cropcenter:100:100.jpg?dr=9640&refresh_token=8a29684a&x-expires=1746172800&x-signature=7DZto9hg0aqFDqq0kULxMSzQbEQ%3D&t=4d5b0474&ps=13740610&shp=30310797&shcp=ff37627b&idc=useast5,7.47346E+18,1740051540,2025-02-20T11:39:00.000Z,1,https://vt.tiktok.com/ZSh8FQbqo/,FALSE,,7.47346E+18,,https://vt.tiktok.com/ZSh8FQbqo/,Halahh,7.40929E+18,jasasuruhmagetanmadiun,https://www.tiktok.com/@hai_online/video/7473394493971074311
https://p16-common-sign-sg.tiktokcdn-us.com/tos-alisg-avt-0068/eddfc449253a48754bd99bf7d5f92e07~tplv-tiktokx-cropcenter:100:100.jpg?dr=9640&refresh_token=202d03ee&x-expires=1746172800&x-signature=%2F0m9s3Vy%2B09f9RJoqz3PpgLmtnA%3D&t=4d5b0474&ps=13740610&shp=30310797&shcp=ff37627b&idc=useast5,7.47347E+18,1740053577,2025-02-20T12:12:57.000Z,0,https://vt.tiktok.com/ZSh8FQbqo/,FALSE,,7.47346E+18,,https://vt.tiktok.com/ZSh8FQbqo/,1312 FOREVER🔥,6.88161E+18,hernandoislamiputra,https://www.tiktok.com/@hai_online/video/7473394493971074311
https://p19-common-sign-va.tiktokcdn-us.com/tos-maliva-avt-0068/ecdd0163c9dc0ccfe543f7573dd2b110~tplv-tiktokx-cropcenter:100:100.jpg?dr=9640&refresh_token=cd50734c&x-expires=1746172800&x-signature=xIzzfZFBKUOL0e5%2FmDbeHQhwxMc%3D&t=4d5b0474&ps=13740610&shp=30310797&shcp=ff37627b&idc=useast5,7.47388E+18,1740148651,2025-02-21T14:37:31.000Z,0,https://vt.tiktok.com/ZSh8FQbqo/,FALSE,,7.47346E+18,,https://vt.tiktok.com/ZSh8FQbqo/,ngomong enak🤣dia ga tau itu orang udh di tekan🤣🤣🤣,6.94707E+18,dariikontakanda29,https://www.tiktok.com/@hai_online/video/7473394493971074311
https://p16-common-sign-sg.tiktokcdn-us.com/tos-alisg-avt-0068/e1569f130ed4db02988345fc398bfdff~tplv-tiktokx-cropcenter:100:100.jpg?dr=9640&refresh_token=3f3c0027&x-expires=1746172800&x-signature=kf6kMVWg%2BucqAOBwN%2F4n7zjwCsQ%3D&t=4d5b0474&ps=13740610&shp=30310797&shcp=ff37627b&idc=useast5,7.4739E+18,1740152355,2025-02-21T15:39:15.000Z,0,https://vt.tiktok.com/ZSh8FQbqo/,FALSE,,7.47346E+18,,https://vt.tiktok.com/ZSh8FQbqo/,"salah juga siih
naik panggungnya dia ga bayar polisi
🤣🤣🤣",7.43948E+18,dedentri95,https://www.tiktok.com/@hai_online/video/7473394493971074311
https://p16-common-sign-sg.tiktokcdn-us.com/tos-alisg-avt-0068/7336027813440389122~tplv-tiktokx-cropcenter:100:100.jpg?dr=9640&refresh_token=7f53f6f1&x-expires=1746172800&x-signature=1%2FPSS9iteQeSKnh37r9itSayCps%3D&t=4d5b0474&ps=13740610&shp=30310797&shcp=ff37627b&idc=useast5,7.47392E+18,1740157464,2025-02-21T17:04:24.000Z,1,https://vt.tiktok.com/ZSh8FQbqo/,FALSE,,7.47346E+18,,https://vt.tiktok.com/ZSh8FQbqo/,La mungkin itu masalahnya👍👍👍,6.73951E+18,robithryanf,https://www.tiktok.com/@hai_online/video/7473394493971074311
https://p16-common-sign-va.tiktokcdn-us.com/tos-maliva-avt-0068/af601755dbbbc27e4a363fa54be88e16~tplv-tiktokx-cropcenter:100:100.jpg?dr=9640&refresh_token=09a1dc10&x-expires=1746172800&x-signature=T%2FwV6BMuIdUYJIelW8EIIuzTJhs%3D&t=4d5b0474&ps=13740610&shp=30310797&shcp=ff37627b&idc=useast5,7.47347E+18,1740052323,2025-02-20T11:52:03.000Z,3,https://vt.tiktok.com/ZSh8FQbqo/,FALSE,,7.47346E+18,,https://vt.tiktok.com/ZSh8FQbqo/,begitulah 👮 dinegara ini seperti bocah kalau dibilangin padahal bener malah marah 😂,6.65415E+18,icaluo,https://www.tiktok.com/@hai_online/video/7473394493971074311
https://p16-common-sign-sg.tiktokcdn-us.com/tos-alisg-avt-0068/7336027813440389122~tplv-tiktokx-cropcenter:100:100.jpg?dr=9640&refresh_token=7f53f6f1&x-expires=1746172800&x-signature=1%2FPSS9iteQeSKnh37r9itSayCps%3D&t=4d5b0474&ps=13740610&shp=30310797&shcp=ff37627b&idc=useast5,7.47387E+18,1740145973,2025-02-21T13:52:53.000Z,0,https://vt.tiktok.com/ZSh8FQbqo/,FALSE,,7.47346E+18,,https://vt.tiktok.com/ZSh8FQbqo/,Ubur2 ikan lele.....menyala lee👍👍👍👍,6.73951E+18,robithryanf,https://www.tiktok.com/@hai_online/video/7473394493971074311
https://p16-common-sign-va.tiktokcdn-us.com/tos-maliva-avt-0068/8ec7a3d72c7953c0d2c045f94ec33f37~tplv-tiktokx-cropcenter:100:100.jpg?dr=9640&refresh_token=35251a73&x-expires=1746172800&x-signature=mq4M%2BnU4DJ3It%2BKt63LGM5tS314%3D&t=4d5b0474&ps=13740610&shp=30310797&shcp=ff37627b&idc=useast5,7.47351E+18,1740062826,2025-02-20T14:47:06.000Z,1,https://vt.tiktok.com/ZSh8FQbqo/,FALSE,,7.4735E+18,,https://vt.tiktok.com/ZSh8FQbqo/,"justru dengan mereka klasifikasi, FAKTA nya jadi semakin FAKTA🤣🤣",7.20844E+18,truemaxx_,https://www.tiktok.com/@hai_online/video/7473394493971074311
https://p19-common-sign-sg.tiktokcdn-us.com/tos-alisg-avt-0068/4904801465e4aa185016c3e526460386~tplv-tiktokx-cropcenter:100:100.jpg?dr=9640&refresh_token=e3892796&x-expires=1746172800&x-signature=sL3EWMahPZKqyiUIruwOj6z%2BRk8%3D&t=4d5b0474&ps=13740610&shp=30310797&shcp=ff37627b&idc=useast5,7.48597E+18,1742964224,2025-03-26T04:43:44.000Z,0,https://vt.tiktok.com/ZSh8FQbqo/,FALSE,,7.4735E+18,,https://vt.tiktok.com/ZSh8FQbqo/,iya realiti yang nyanyi juga tak sejaguh lagu nya🙃🙃🙃,6.95863E+18,un1versa7meta7,https://www.tiktok.com/@hai_online/video/7473394493971074311
https://p16-common-sign-va.tiktokcdn-us.com/tos-maliva-avt-0068/6f16b1f911999efb77f731fdfc5196a9~tplv-tiktokx-cropcenter:100:100.jpg?dr=9640&refresh_token=da6710a5&x-expires=1746172800&x-signature=pr%2FVJ8mvjNtsIkWuFqiuQnJxQ1Y%3D&t=4d5b0474&ps=13740610&shp=30310797&shcp=ff37627b&idc=useast5,7.4735E+18,1740059844,2025-02-20T13:57:24.000Z,0,https://vt.tiktok.com/ZSh8FQbqo/,FALSE,,7.4735E+18,,https://vt.tiktok.com/ZSh8FQbqo/,Mereka Di Intimidasi,6.96322E+18,greenapple486,https://www.tiktok.com/@hai_online/video/7473394493971074311
https://p16-common-sign-sg.tiktokcdn-us.com/tos-alisg-avt-0068/d8c9862b9f40dd7cb7a1a2e8b3945ef0~tplv-tiktokx-cropcenter:100:100.jpg?dr=9640&refresh_token=8acb92b6&x-expires=1746172800&x-signature=V0k2zVRCgbNGu0%2FeuUbRSwR94bo%3D&t=4d5b0474&ps=13740610&shp=30310797&shcp=ff37627b&idc=useast5,7.47346E+18,1740051278,2025-02-20T11:34:38.000Z,0,https://vt.tiktok.com/ZSh8FQbqo/,FALSE,,7.4734E+18,,https://vt.tiktok.com/ZSh8FQbqo/,ada yt ka bida cek,7.26087E+18,alishaaa856,https://www.tiktok.com/@hai_online/video/7473394493971074311
https://p19-common-sign-va.tiktokcdn-us.com/tos-maliva-avt-0068/28c193d25ba7f186e798c07c73e720c2~tplv-tiktokx-cropcenter:100:100.jpg?dr=9640&refresh_token=8fb4dd36&x-expires=1746172800&x-signature=Ot7rho6tx65YZYRVScXrHMSgzGI%3D&t=4d5b0474&ps=13740610&shp=30310797&shcp=ff37627b&idc=useast5,7.47349E+18,1740057935,2025-02-20T13:25:35.000Z,3,https://vt.tiktok.com/ZSh8FQbqo/,FALSE,,7.4734E+18,,https://vt.tiktok.com/ZSh8FQbqo/,"Pdhl klo udh masuk lapas itu udh ranahnya sipir lg gak sih, bukan polisi lg😅",7.1132E+18,jikzzabi,https://www.tiktok.com/@hai_online/video/7473394493971074311
https://p16-common-sign-va.tiktokcdn-us.com/tos-maliva-avt-0068/7e3aba6eef058c7813baed80bdb4a589~tplv-tiktokx-cropcenter:100:100.jpg?dr=9640&refresh_token=6d2e2fd2&x-expires=1746172800&x-signature=4bJX5X5eS4zYm338gkCl%2BRueBFk%3D&t=4d5b0474&ps=13740610&shp=30310797&shcp=ff37627b&idc=useast5,7.47353E+18,1740067003,2025-02-20T15:56:43.000Z,0,https://vt.tiktok.com/ZSh8FQbqo/,FALSE,,7.4734E+18,,https://vt.tiktok.com/ZSh8FQbqo/,sejak kapan polisi mengurusi penjara?,6.80093E+18,isanputraaa,https://www.tiktok.com/@hai_online/video/7473394493971074311
https://p16-common-sign-sg.tiktokcdn-us.com/tos-alisg-avt-0068/52bd4795b8667000626d9c6f97df2b22~tplv-tiktokx-cropcenter:100:100.jpg?dr=9640&refresh_token=3f0dc7b3&x-expires=1746172800&x-signature=zJHx4Jrb6mHSY0dqyalYH0AXdAs%3D&t=4d5b0474&ps=13740610&shp=30310797&shcp=ff37627b&idc=useast5,7.47426E+18,1740235848,2025-02-22T14:50:48.000Z,0,https://vt.tiktok.com/ZSh8FQbqo/,FALSE,,7.4734E+18,,https://vt.tiktok.com/ZSh8FQbqo/,"polsuspas, polisi khusus lapas ,",7.08146E+18,alfandi1999,https://www.tiktok.com/@hai_online/video/7473394493971074311
https://p16-common-sign-useast2a.tiktokcdn-us.com/tos-useast2a-avt-0068-giso/0610ef032c6923f3d70d7a6f88d6be57~tplv-tiktokx-cropcenter:100:100.jpg?dr=9640&refresh_token=eaa68fe5&x-expires=1746172800&x-signature=A5Yf9mFAuAuVNPwqYDjAQqB%2BvoY%3D&t=4d5b0474&ps=13740610&shp=30310797&shcp=ff37627b&idc=useast5,7.47455E+18,1740304132,2025-02-23T09:48:52.000Z,0,https://vt.tiktok.com/ZSh8FQbqo/,FALSE,,7.4734E+18,,https://vt.tiktok.com/ZSh8FQbqo/,ada kk penjara dkntor polisi klau gk slah msh tahanan polisi yg blm kena sidang stelh sidang baru dbawa k lapas,6.8269E+18,lutfiaga,https://www.tiktok.com/@hai_online/video/7473394493971074311
https://p16-common-sign-sg.tiktokcdn-us.com/tos-alisg-avt-0068/627f08d2f03df8b6d40ee81f6fe8a08f~tplv-tiktokx-cropcenter:100:100.jpg?dr=9640&refresh_token=3e0ede31&x-expires=1746172800&x-signature=t5DRWNGJctvaO66x8eYdLHLJRsY%3D&t=4d5b0474&ps=13740610&shp=30310797&shcp=ff37627b&idc=useast5,7.47471E+18,1740341382,2025-02-23T20:09:42.000Z,1,https://vt.tiktok.com/ZSh8FQbqo/,FALSE,,7.4734E+18,,https://vt.tiktok.com/ZSh8FQbqo/,"aduh,aduh ku nggak punya uang untuk bayar polisi🤣",76165163988,babyelzayn4,https://www.tiktok.com/@hai_online/video/7473394493971074311
https://p16-common-sign-sg.tiktokcdn-us.com/tos-alisg-avt-0068/16e007443bd64dca21e44f97e9ff9c39~tplv-tiktokx-cropcenter:100:100.jpg?dr=9640&refresh_token=f0afc691&x-expires=1746172800&x-signature=yFgDys296yh2CID%2FpKIFgyjb73M%3D&t=4d5b0474&ps=13740610&shp=30310797&shcp=ff37627b&idc=useast5,7.4748E+18,1740362340,2025-02-24T01:59:00.000Z,0,https://vt.tiktok.com/ZSh8FQbqo/,FALSE,,7.4734E+18,,https://vt.tiktok.com/ZSh8FQbqo/,lah jgn melakukan kesalahan lol klo gamau bayar,6.5423E+18,wahyudigaming029,https://www.tiktok.com/@hai_online/video/7473394493971074311
https://p16-common-sign-sg.tiktokcdn-us.com/tos-alisg-avt-0068/29cbcfea93778d3ef55dec43940cab0a~tplv-tiktokx-cropcenter:100:100.jpg?dr=9640&refresh_token=74dce655&x-expires=1746172800&x-signature=iwO0CnA4dMmJXqJKf4ZX9efTJLo%3D&t=4d5b0474&ps=13740610&shp=30310797&shcp=ff37627b&idc=useast5,7.4763E+18,1740710799,2025-02-28T02:46:39.000Z,0,https://vt.tiktok.com/ZSh8FQbqo/,FALSE,,7.4734E+18,,https://vt.tiktok.com/ZSh8FQbqo/,"terus apa kabar gembong narkoba bayar polisi
mau jd polisi bayar polisi ?",7.46662E+18,gabut.aja0019,https://www.tiktok.com/@hai_online/video/7473394493971074311
https://p16-common-sign-va.tiktokcdn-us.com/tos-maliva-avt-0068/b449515bf490847a24700ee7a39f73ad~tplv-tiktokx-cropcenter:100:100.jpg?dr=9640&refresh_token=bd952bfb&x-expires=1746172800&x-signature=s9XS9x%2BhJrAXDww91I0l2jxnO88%3D&t=4d5b0474&ps=13740610&shp=30310797&shcp=ff37627b&idc=useast5,7.47343E+18,1740043534,2025-02-20T09:25:34.000Z,3,https://vt.tiktok.com/ZSh8FQbqo/,FALSE,,7.4734E+18,,https://vt.tiktok.com/ZSh8FQbqo/,mau jadi polis bayar polisi,6.95655E+18,lezzglo,https://www.tiktok.com/@hai_online/video/7473394493971074311
https://p16-common-sign-va.tiktokcdn-us.com/tos-maliva-avt-0068/0e2ef9fea056724b91ada3c71e5df2ea~tplv-tiktokx-cropcenter:100:100.jpg?dr=9640&refresh_token=e305180f&x-expires=1746172800&x-signature=J3SXAYyeBjoje0g%2Fb3PnDeo2Aas%3D&t=4d5b0474&ps=13740610&shp=30310797&shcp=ff37627b&idc=useast5,7.47343E+18,1740043743,2025-02-20T09:29:03.000Z,2,https://vt.tiktok.com/ZSh8FQbqo/,FALSE,,7.4734E+18,,https://vt.tiktok.com/ZSh8FQbqo/,mau bikin SIM bayar polisi,6.88751E+18,getraw90s,https://www.tiktok.com/@hai_online/video/7473394493971074311
https://p16-common-sign-va.tiktokcdn-us.com/tos-maliva-avt-0068/24ffe0f009985ecb2a07ba7d3f20f4cc~tplv-tiktokx-cropcenter:100:100.jpg?dr=9640&refresh_token=1bd6d5df&x-expires=1746172800&x-signature=LAJrEKIUz1wkIYRgDGROcYqdv1E%3D&t=4d5b0474&ps=13740610&shp=30310797&shcp=ff37627b&idc=useast5,7.47497E+18,1740403096,2025-02-24T13:18:16.000Z,0,https://vt.tiktok.com/ZSh8FQbqo/,FALSE,,7.4734E+18,,https://vt.tiktok.com/ZSh8FQbqo/,"telat,dah dihapus.😅",7.40017E+18,lana36995,https://www.tiktok.com/@hai_online/video/7473394493971074311
https://p16-common-sign-va.tiktokcdn-us.com/tos-maliva-avt-0068/57129e2f260333892a5e99191dd34876~tplv-tiktokx-cropcenter:100:100.jpg?dr=9640&refresh_token=0fd0ce3d&x-expires=1746172800&x-signature=%2F0aDHgLSYG9uafku6BO1FbTTje4%3D&t=4d5b0474&ps=13740610&shp=30310797&shcp=ff37627b&idc=useast5,7.47345E+18,1740047368,2025-02-20T10:29:28.000Z,1,https://vt.tiktok.com/ZSh8FQbqo/,FALSE,,7.4734E+18,,https://vt.tiktok.com/ZSh8FQbqo/,longor,6.85735E+18,jefryalifjefry,https://www.tiktok.com/@hai_online/video/7473394493971074311
https://p16-common-sign-va.tiktokcdn-us.com/tos-maliva-avt-0068/76c30ea6cf5168b6c51aa9ac77b31e6a~tplv-tiktokx-cropcenter:100:100.jpg?dr=9640&refresh_token=a48bb4e2&x-expires=1746172800&x-signature=TirXZzRcWBcRlI5urDxB%2FUJak3k%3D&t=4d5b0474&ps=13740610&shp=30310797&shcp=ff37627b&idc=useast5,7.47348E+18,1740055948,2025-02-20T12:52:28.000Z,0,https://vt.tiktok.com/ZSh8FQbqo/,FALSE,,7.4734E+18,,https://vt.tiktok.com/ZSh8FQbqo/,kena tilang bayar polisi,6.89221E+18,ajipras56,https://www.tiktok.com/@hai_online/video/7473394493971074311
https://p16-common-sign-useast2a.tiktokcdn-us.com/tos-useast2a-avt-0068-euttp/87947dd392a9535e9197988eb927dd2c~tplv-tiktokx-cropcenter:100:100.jpg?dr=9640&refresh_token=9ef5d2a0&x-expires=1746172800&x-signature=K86G5fIogY7W2QjOFlccli0fXpg%3D&t=4d5b0474&ps=13740610&shp=30310797&shcp=ff37627b&idc=useast5,7.47344E+18,1740045043,2025-02-20T09:50:43.000Z,0,https://vt.tiktok.com/ZSh8FQbqo/,FALSE,,7.4734E+18,,https://vt.tiktok.com/ZSh8FQbqo/,"mau bikin gigs, bayar polisi",7.20826E+18,stupidcelebrating,https://www.tiktok.com/@hai_online/video/7473394493971074311
https://p16-common-sign-sg.tiktokcdn-us.com/tos-alisg-avt-0068/c8dd634348633e1427c688707d6cba8b~tplv-tiktokx-cropcenter:100:100.jpg?dr=9640&refresh_token=23048a76&x-expires=1746172800&x-signature=IzrrO4b5Oj0VbjVmGfu7ES%2BWUYE%3D&t=4d5b0474&ps=13740610&shp=30310797&shcp=ff37627b&idc=useast5,7.47348E+18,1740054176,2025-02-20T12:22:56.000Z,1,https://vt.tiktok.com/ZSh8FQbqo/,FALSE,,7.47347E+18,,https://vt.tiktok.com/ZSh8FQbqo/,WKWKWK berani bet bang,7.24194E+18,kmlaa.mel,https://www.tiktok.com/@hai_online/video/7473394493971074311
https://p16-common-sign-sg.tiktokcdn-us.com/tos-alisg-avt-0068/62c79786623489e51d53190e148a809b~tplv-tiktokx-cropcenter:100:100.jpg?dr=9640&refresh_token=044266f1&x-expires=1746172800&x-signature=YIB81d%2Br7tOIbRuDUkKqEzgh2YE%3D&t=4d5b0474&ps=13740610&shp=30310797&shcp=ff37627b&idc=useast5,7.47425E+18,1740233311,2025-02-22T14:08:31.000Z,2,https://vt.tiktok.com/ZSh8FQbqo/,FALSE,,7.47347E+18,,https://vt.tiktok.com/ZSh8FQbqo/,ngapain tkut kak? ini negri musyawarah smua manusia bebas dan punya hak berpendapat mau itu lewat lagu ataupun ketikan,1.80772E+17,pich1i,https://www.tiktok.com/@hai_online/video/7473394493971074311
https://p19-common-sign-sg.tiktokcdn-us.com/tos-alisg-avt-0068/8c9b785f802dc0286953fb464f457f17~tplv-tiktokx-cropcenter:100:100.jpg?dr=9640&refresh_token=a69c9c1a&x-expires=1746172800&x-signature=4EabwifIOnk%2FPF7haCyNJuhTOZk%3D&t=4d5b0474&ps=13740610&shp=30310797&shcp=ff37627b&idc=useast5,7.47426E+18,1740235915,2025-02-22T14:51:55.000Z,0,https://vt.tiktok.com/ZSh8FQbqo/,FALSE,,7.47347E+18,,https://vt.tiktok.com/ZSh8FQbqo/,selamat datang di ORBA 2025,6.81167E+18,paman.doblang.youtube,https://www.tiktok.com/@hai_online/video/7473394493971074311
https://p16-common-sign-sg.tiktokcdn-us.com/tos-alisg-avt-0068/eff42ff52c99d18bf2f4c572e69f4783~tplv-tiktokx-cropcenter:100:100.jpg?dr=9640&refresh_token=08042ec6&x-expires=1746172800&x-signature=sdwRQCH2jaz24cQWn45fICoeJug%3D&t=4d5b0474&ps=13740610&shp=30310797&shcp=ff37627b&idc=useast5,7.47372E+18,1740110984,2025-02-21T04:09:44.000Z,1,https://vt.tiktok.com/ZSh8FQbqo/,FALSE,,7.47347E+18,,https://vt.tiktok.com/ZSh8FQbqo/,Kalo gagitu dipenjara dan bayar polisi,6.8837E+18,shenlonghyui,https://www.tiktok.com/@hai_online/video/7473394493971074311
https://p16-common-sign-va.tiktokcdn-us.com/tos-maliva-avt-0068/35614ab6f60d9bed6f8e2202f527b65a~tplv-tiktokx-cropcenter:100:100.jpg?dr=9640&refresh_token=edf9ac90&x-expires=1746172800&x-signature=rTDDPSy9Sl3zeZIZsy4d%2FBCqCIo%3D&t=4d5b0474&ps=13740610&shp=30310797&shcp=ff37627b&idc=useast5,7.47352E+18,1740065459,2025-02-20T15:30:59.000Z,1,https://vt.tiktok.com/ZSh8FQbqo/,FALSE,,7.47347E+18,,https://vt.tiktok.com/ZSh8FQbqo/,polisinya ga enak semua rakyat jadi tau,7.38184E+18,gunawan.gugun410,https://www.tiktok.com/@hai_online/video/7473394493971074311
https://p16-common-sign-va.tiktokcdn-us.com/tos-maliva-avt-0068/77c5ab61b8b463f7c4500d1edb5dfce7~tplv-tiktokx-cropcenter:100:100.jpg?dr=9640&refresh_token=a6f39238&x-expires=1746172800&x-signature=AVm7VtuuGKgexerbsnskDcf9wXk%3D&t=4d5b0474&ps=13740610&shp=30310797&shcp=ff37627b&idc=useast5,7.47348E+18,1740054368,2025-02-20T12:26:08.000Z,1,https://vt.tiktok.com/ZSh8FQbqo/,FALSE,,7.47347E+18,,https://vt.tiktok.com/ZSh8FQbqo/,mereka sejatinya di intimidasi om bukan kemauan sndiri klarifikasi meminta maaf..,6.91063E+18,ham.ham182,https://www.tiktok.com/@hai_online/video/7473394493971074311
https://p16-common-sign-useast2a.tiktokcdn-us.com/tos-useast2a-avt-0068-aiso/0c196cf055ddccd7fea3f8648385b4d1~tplv-tiktokx-cropcenter:100:100.jpg?dr=9640&refresh_token=86e0ffb1&x-expires=1746172800&x-signature=zuSHOytxGg%2FkArWO1YeJMXgkTNA%3D&t=4d5b0474&ps=13740610&shp=30310797&shcp=ff37627b&idc=useast5,7.47348E+18,1740054878,2025-02-20T12:34:38.000Z,4,https://vt.tiktok.com/ZSh8FQbqo/,FALSE,,7.47347E+18,,https://vt.tiktok.com/ZSh8FQbqo/,Bukan klarifikasi tapi di intimidasi!,6.99968E+18,boleahah,https://www.tiktok.com/@hai_online/video/7473394493971074311
https://p16-common-sign-useast2a.tiktokcdn-us.com/tos-useast2a-avt-0068-giso/de9e902a6eeaee98b1036828017c5c4d~tplv-tiktokx-cropcenter:100:100.jpg?dr=9640&refresh_token=b5b25d6c&x-expires=1746172800&x-signature=CHh16s8jTT9zNdrqc3lzRRTHSfQ%3D&t=4d5b0474&ps=13740610&shp=30310797&shcp=ff37627b&idc=useast5,7.47419E+18,1740220902,2025-02-22T10:41:42.000Z,0,https://vt.tiktok.com/ZSh8FQbqo/,FALSE,,7.47347E+18,,https://vt.tiktok.com/ZSh8FQbqo/,hak dasar manusia telah hilang di negri ini🤐,6.98068E+18,wbmix,https://www.tiktok.com/@hai_online/video/7473394493971074311
https://p16-common-sign-sg.tiktokcdn-us.com/tos-alisg-avt-0068/62c79786623489e51d53190e148a809b~tplv-tiktokx-cropcenter:100:100.jpg?dr=9640&refresh_token=044266f1&x-expires=1746172800&x-signature=YIB81d%2Br7tOIbRuDUkKqEzgh2YE%3D&t=4d5b0474&ps=13740610&shp=30310797&shcp=ff37627b&idc=useast5,7.47424E+18,1740233259,2025-02-22T14:07:39.000Z,0,https://vt.tiktok.com/ZSh8FQbqo/,FALSE,,7.47347E+18,,https://vt.tiktok.com/ZSh8FQbqo/,"haha ril katanya negri musyawarah tapi berpendapat dgn lagu yg gak merugikan siapa"" dan banyak org yg setuju malah dianggap menjatuhkan",1.80772E+17,pich1i,https://www.tiktok.com/@hai_online/video/7473394493971074311
https://p16-common-sign-va.tiktokcdn-us.com/tos-maliva-avt-0068/d70bca252bf6c8db20c62ba5ed9f562b~tplv-tiktokx-cropcenter:100:100.jpg?dr=9640&refresh_token=bd1aed79&x-expires=1746172800&x-signature=ESjUiPx6auWR9pizorcTmkYdifE%3D&t=4d5b0474&ps=13740610&shp=30310797&shcp=ff37627b&idc=useast5,7.47341E+18,1740038667,2025-02-20T08:04:27.000Z,15,https://vt.tiktok.com/ZSh8FQbqo/,FALSE,FALSE,,0,https://vt.tiktok.com/ZSh8FQbqo/,tugas jibril memberi wahyu tugas sukatani memberi fakta!,6.84522E+18,altergito,https://www.tiktok.com/@hai_online/video/7473394493971074311
https://p16-common-sign-sg.tiktokcdn-us.com/tos-alisg-avt-0068/4a4759ddf6c30ea7e7f749d3705d2320~tplv-tiktokx-cropcenter:100:100.jpg?dr=9640&refresh_token=36766965&x-expires=1746172800&x-signature=sJGespWWyo5Jtl2MeKEuHckpi6s%3D&t=4d5b0474&ps=13740610&shp=30310797&shcp=ff37627b&idc=useast5,7.47345E+18,1740047403,2025-02-20T10:30:03.000Z,9,https://vt.tiktok.com/ZSh8FQbqo/,FALSE,FALSE,,0,https://vt.tiktok.com/ZSh8FQbqo/,Kebebasan berpendapat telah dikekang,7.16063E+18,konakjebol,https://www.tiktok.com/@hai_online/video/7473394493971074311
https://p19-common-sign-useast2a.tiktokcdn-us.com/tos-useast2a-avt-0068-euttp/7342049116320432161~tplv-tiktokx-cropcenter:100:100.jpg?dr=9640&refresh_token=d7f66cad&x-expires=1746172800&x-signature=nUZB0Mu6xCciSSZRuGOmw8zzo40%3D&t=4d5b0474&ps=13740610&shp=30310797&shcp=ff37627b&idc=useast5,7.4734E+18,1740037606,2025-02-20T07:46:46.000Z,551,https://vt.tiktok.com/ZSh8FQbqo/,FALSE,FALSE,,36,https://vt.tiktok.com/ZSh8FQbqo/,gak perlu klarifikasi bang. dulu Iwan fals gak ada tuh minta maaf ataupun klarifikasi.,7.0199E+18,piikangshuangg,https://www.tiktok.com/@hai_online/video/7473394493971074311
https://p16-common-sign-sg.tiktokcdn-us.com/tos-alisg-avt-0068/7329230848421527572~tplv-tiktokx-cropcenter:100:100.jpg?dr=9640&refresh_token=10d56859&x-expires=1746172800&x-signature=3NxEJE%2B66LF8cGxmqyy%2FCzshgyQ%3D&t=4d5b0474&ps=13740610&shp=30310797&shcp=ff37627b&idc=useast5,7.4734E+18,1740036946,2025-02-20T07:35:46.000Z,6,https://vt.tiktok.com/ZSh8FQbqo/,FALSE,FALSE,,0,https://vt.tiktok.com/ZSh8FQbqo/,polisi takut sama lirik lagu🤣🤣🤣,6.91911E+18,fuckreligion13,https://www.tiktok.com/@hai_online/video/7473394493971074311
https://p16-common-sign-va.tiktokcdn-us.com/tos-maliva-avt-0068/f6acec42786a36eab49e39649f902852~tplv-tiktokx-cropcenter:100:100.jpg?dr=9640&refresh_token=2514bf88&x-expires=1746172800&x-signature=hn8T6X%2FdN6nuTrUrKY5wQ4LmPIo%3D&t=4d5b0474&ps=13740610&shp=30310797&shcp=ff37627b&idc=useast5,7.47351E+18,1740061168,2025-02-20T14:19:28.000Z,6,https://vt.tiktok.com/ZSh8FQbqo/,FALSE,FALSE,,0,https://vt.tiktok.com/ZSh8FQbqo/,"ada pistol kah di belakang kameranya,? keliatannya kek ketakutan😊",7.06888E+18,hi.day.at,https://www.tiktok.com/@hai_online/video/7473394493971074311
https://p16-common-sign-va.tiktokcdn-us.com/tos-maliva-avt-0068/ad45b3211c35d8a8e85a059667641b99~tplv-tiktokx-cropcenter:100:100.jpg?dr=9640&refresh_token=bf1d5798&x-expires=1746172800&x-signature=V5wwehH6bTh1Wzwb6cdeJMfGVas%3D&t=4d5b0474&ps=13740610&shp=30310797&shcp=ff37627b&idc=useast5,7.47346E+18,1740049537,2025-02-20T11:05:37.000Z,5,https://vt.tiktok.com/ZSh8FQbqo/,FALSE,FALSE,,0,https://vt.tiktok.com/ZSh8FQbqo/,Dan masih ada yg blg “Indonesia baik-baik aja”🤦‍♂️,6.71862E+18,aqshalcore,https://www.tiktok.com/@hai_online/video/7473394493971074311
https://p16-common-sign-va.tiktokcdn-us.com/tos-maliva-avt-0068/b39cec3c9823c3abe4601a84740c32c1~tplv-tiktokx-cropcenter:100:100.jpg?dr=9640&refresh_token=8ee14f32&x-expires=1746172800&x-signature=Fu8S3QMErebU0%2FEym77KfUewzDk%3D&t=4d5b0474&ps=13740610&shp=30310797&shcp=ff37627b&idc=useast5,7.47415E+18,1740210279,2025-02-22T07:44:39.000Z,5,https://vt.tiktok.com/ZSh8FQbqo/,FALSE,FALSE,,0,https://vt.tiktok.com/ZSh8FQbqo/,"kenapa mesti minta maaf, bukankah ini kenyataan",7.07976E+18,salman_hiroe,https://www.tiktok.com/@hai_online/video/7473394493971074311
https://p16-common-sign-va.tiktokcdn-us.com/tos-maliva-avt-0068/cf3e30a09b6838882d217c03d64e1468~tplv-tiktokx-cropcenter:100:100.jpg?dr=9640&refresh_token=0c9f77c1&x-expires=1746172800&x-signature=SU6VatUJNxUFC5RfOoXUTKuOFVI%3D&t=4d5b0474&ps=13740610&shp=30310797&shcp=ff37627b&idc=useast5,7.4735E+18,1740058779,2025-02-20T13:39:39.000Z,48,https://vt.tiktok.com/ZSh8FQbqo/,FALSE,FALSE,,1,https://vt.tiktok.com/ZSh8FQbqo/,mau minta maaf bayar polisi,6.9929E+18,evandersszt,https://www.tiktok.com/@hai_online/video/7473394493971074311
https://p16-common-sign-va.tiktokcdn-us.com/tos-maliva-avt-0068/10b5249499fd09a8a2f8b61bf6ed485e~tplv-tiktokx-cropcenter:100:100.jpg?dr=9640&refresh_token=259fc4e2&x-expires=1746172800&x-signature=WpmHkqxHTfzB34UAoBLV1rUWh7s%3D&t=4d5b0474&ps=13740610&shp=30310797&shcp=ff37627b&idc=useast5,7.47347E+18,1740052681,2025-02-20T11:58:01.000Z,198,https://vt.tiktok.com/ZSh8FQbqo/,FALSE,FALSE,,14,https://vt.tiktok.com/ZSh8FQbqo/,"om gw polisi, gw setel depan om gw 😂 wuahahaha",6.92281E+18,dheaan_x,https://www.tiktok.com/@hai_online/video/7473394493971074311
https://p16-common-sign-va.tiktokcdn-us.com/tos-maliva-avt-0068/cad09819cfa6b81a722e762655eb5cb8~tplv-tiktokx-cropcenter:100:100.jpg?dr=9640&refresh_token=aff65ec0&x-expires=1746172800&x-signature=YJ%2BMP094TZwTGW40G%2F%2B4mER2wcA%3D&t=4d5b0474&ps=13740610&shp=30310797&shcp=ff37627b&idc=useast5,7.47354E+18,1740068798,2025-02-20T16:26:38.000Z,5,https://vt.tiktok.com/ZSh8FQbqo/,FALSE,FALSE,,0,https://vt.tiktok.com/ZSh8FQbqo/,Polisi = hama,6.62206E+18,dikt101,https://www.tiktok.com/@hai_online/video/7473394493971074311
https://p16-common-sign-sg.tiktokcdn-us.com/tos-alisg-avt-0068/4a9c3a132bab47f9565ed1bdb0b59a91~tplv-tiktokx-cropcenter:100:100.jpg?dr=9640&refresh_token=4fb469aa&x-expires=1746172800&x-signature=cPFOEW3YaW13ya7ljWRANbGSZL8%3D&t=4d5b0474&ps=13740610&shp=30310797&shcp=ff37627b&idc=useast5,7.4734E+18,1740037121,2025-02-20T07:38:41.000Z,16,https://vt.tiktok.com/ZSh8FQbqo/,FALSE,FALSE,,0,https://vt.tiktok.com/ZSh8FQbqo/,"semangat terus sukatani, tetap berkarya",6.87332E+18,argaaaw_,https://www.tiktok.com/@hai_online/video/7473394493971074311
https://p16-common-sign-useast2a.tiktokcdn-us.com/tos-useast2a-avt-0068-giso/72f2abedace3bc543d0b117df2226834~tplv-tiktokx-cropcenter:100:100.jpg?dr=9640&refresh_token=90ff38c5&x-expires=1746172800&x-signature=E8iNsyPAejzbFwnIgI0qfjsnWE4%3D&t=4d5b0474&ps=13740610&shp=30310797&shcp=ff37627b&idc=useast5,7.47347E+18,1740052662,2025-02-20T11:57:42.000Z,7,https://vt.tiktok.com/ZSh8FQbqo/,FALSE,FALSE,,0,https://vt.tiktok.com/ZSh8FQbqo/,Sukatani hanya menyuarakan fakta yg terjadi,6.8219E+18,lembayungsenja028,https://www.tiktok.com/@hai_online/video/7473394493971074311
https://p19-common-sign-sg.tiktokcdn-us.com/tos-alisg-avt-0068/5401b8495b961ac8e7c313ef69eeb3c4~tplv-tiktokx-cropcenter:100:100.jpg?dr=9640&refresh_token=4f6d4991&x-expires=1746172800&x-signature=dA%2B1gXxfI0S%2FtivLggFQoA%2BT7W4%3D&t=4d5b0474&ps=13740610&shp=30310797&shcp=ff37627b&idc=useast5,7.47341E+18,1740038321,2025-02-20T07:58:41.000Z,7,https://vt.tiktok.com/ZSh8FQbqo/,FALSE,FALSE,,0,https://vt.tiktok.com/ZSh8FQbqo/,jika lagu Abang diberhentikan berarti itu fakta dalam arti lagunya,7.42043E+18,bacadunia7,https://www.tiktok.com/@hai_online/video/7473394493971074311
https://p16-common-sign-sg.tiktokcdn-us.com/tos-alisg-avt-0068/0e69c5922bac26746406d2751590b254~tplv-tiktokx-cropcenter:100:100.jpg?dr=9640&refresh_token=a14937d5&x-expires=1746172800&x-signature=YJ7Skl%2BDIgzijzOwRzjkIxL9JzI%3D&t=4d5b0474&ps=13740610&shp=30310797&shcp=ff37627b&idc=useast5,7.47348E+18,1740055058,2025-02-20T12:37:38.000Z,12,https://vt.tiktok.com/ZSh8FQbqo/,FALSE,FALSE,,0,https://vt.tiktok.com/ZSh8FQbqo/,lahh bukanya bener harus bayar bayar dan bayar kenapa harus klarifikasi,7.05276E+18,klutuk4.2,https://www.tiktok.com/@hai_online/video/7473394493971074311
https://p16-common-sign-va.tiktokcdn-us.com/tos-maliva-avt-0068/ee44062671cf9eeb5d53bf6ebd78d024~tplv-tiktokx-cropcenter:100:100.jpg?dr=9640&refresh_token=0436f36d&x-expires=1746172800&x-signature=X1BiNj8T7ic%2Fm93ZksgJrgdqjOI%3D&t=4d5b0474&ps=13740610&shp=30310797&shcp=ff37627b&idc=useast5,7.47344E+18,1740046803,2025-02-20T10:20:03.000Z,5,https://vt.tiktok.com/ZSh8FQbqo/,FALSE,FALSE,,0,https://vt.tiktok.com/ZSh8FQbqo/,FUNGSI POLISI APAAN!!!,6.80541E+18,jisaputraaaa,https://www.tiktok.com/@hai_online/video/7473394493971074311
https://p16-common-sign-va.tiktokcdn-us.com/tos-maliva-avt-0068/de4b8dbd8f2e094a664542fe4982d273~tplv-tiktokx-cropcenter:100:100.jpg?dr=9640&refresh_token=9f87b2ff&x-expires=1746172800&x-signature=NFRd3%2F10lORR6bCpJZE2HqcimyE%3D&t=4d5b0474&ps=13740610&shp=30310797&shcp=ff37627b&idc=useast5,7.47344E+18,1740045572,2025-02-20T09:59:32.000Z,7,https://vt.tiktok.com/ZSh8FQbqo/,FALSE,FALSE,,0,https://vt.tiktok.com/ZSh8FQbqo/,kami bersama sukatani,7.11134E+18,riyannisa44,https://www.tiktok.com/@hai_online/video/7473394493971074311
https://p19-common-sign-va.tiktokcdn-us.com/tos-maliva-avt-0068/4deb9d8297fa58c7cdd089418bf0ef3f~tplv-tiktokx-cropcenter:100:100.jpg?dr=9640&refresh_token=908cde97&x-expires=1746172800&x-signature=aR3lsjJ9SW8tEAszV3deIkKhbmw%3D&t=4d5b0474&ps=13740610&shp=30310797&shcp=ff37627b&idc=useast5,7.47342E+18,1740040748,2025-02-20T08:39:08.000Z,61,https://vt.tiktok.com/ZSh8FQbqo/,FALSE,FALSE,,5,https://vt.tiktok.com/ZSh8FQbqo/,lu berdua knp harus minta maaf,6.97031E+18,omduds12,https://www.tiktok.com/@hai_online/video/7473394493971074311
https://p16-common-sign-va.tiktokcdn-us.com/tos-maliva-avt-0068/231d367e1dedacb786d7ac902df316ea~tplv-tiktokx-cropcenter:100:100.jpg?dr=9640&refresh_token=1f4ad66d&x-expires=1746172800&x-signature=J4w7b2zGZSBfQeo4RHE5ivVjD3E%3D&t=4d5b0474&ps=13740610&shp=30310797&shcp=ff37627b&idc=useast5,7.47351E+18,1740061328,2025-02-20T14:22:08.000Z,26,https://vt.tiktok.com/ZSh8FQbqo/,FALSE,FALSE,,3,https://vt.tiktok.com/ZSh8FQbqo/,Lah knpa harus klarifikasi kn emang benerrr,6.89026E+18,zn.rahmnn,https://www.tiktok.com/@hai_online/video/7473394493971074311
https://p16-common-sign-va.tiktokcdn-us.com/tos-maliva-avt-0068/7287374405566234630~tplv-tiktokx-cropcenter:100:100.jpg?dr=9640&refresh_token=79b08b2d&x-expires=1746172800&x-signature=VMnDFE8imOgxg%2BDfd8Bk2Rd4RVk%3D&t=4d5b0474&ps=13740610&shp=30310797&shcp=ff37627b&idc=useast5,7.47351E+18,1740062561,2025-02-20T14:42:41.000Z,11,https://vt.tiktok.com/ZSh8FQbqo/,FALSE,FALSE,,2,https://vt.tiktok.com/ZSh8FQbqo/,Yang bikin susah kita mengekspresikan kritikan kita kepada pemerintah UU ITE. Padahal lagunya itu kritikan harusnya lembaga yang dikritik ya berbenah 🤦,7.09778E+18,orange.asing10,https://www.tiktok.com/@hai_online/video/7473394493971074311
https://p16-common-sign-sg.tiktokcdn-us.com/tos-alisg-avt-0068/4156c81c409fa78197e559f89246dfdc~tplv-tiktokx-cropcenter:100:100.jpg?dr=9640&refresh_token=848cf9a9&x-expires=1746172800&x-signature=IeIlX%2BcruwnZl9s6gBVuJejFHF4%3D&t=4d5b0474&ps=13740610&shp=30310797&shcp=ff37627b&idc=useast5,7.47357E+18,1740077261,2025-02-20T18:47:41.000Z,0,https://vt.tiktok.com/ZSh8FQbqo/,FALSE,,7.4735E+18,,https://vt.tiktok.com/ZSh8FQbqo/,🤣🤣🤣,6.95985E+18,mhdfdliwezeii,https://www.tiktok.com/@hai_online/video/7473394493971074311
https://p16-common-sign-va.tiktokcdn-us.com/tos-maliva-avt-0068/bc24a2870786d49381f07b20aeadeb62~tplv-tiktokx-cropcenter:100:100.jpg?dr=9640&refresh_token=6a6f6af8&x-expires=1746172800&x-signature=KzdBKtsxodX1vEQbtkj61LWjEsY%3D&t=4d5b0474&ps=13740610&shp=30310797&shcp=ff37627b&idc=useast5,7.47486E+18,1740377459,2025-02-24T06:10:59.000Z,0,https://vt.tiktok.com/ZSh8FQbqo/,FALSE,,7.47342E+18,,https://vt.tiktok.com/ZSh8FQbqo/,Mereka ketakutan bree + menyesali,6.99886E+18,munazirr__47,https://www.tiktok.com/@hai_online/video/7473394493971074311
https://p16-common-sign-va.tiktokcdn-us.com/tos-maliva-avt-0068/e4beb1109b5f9d069767d3726410cd6f~tplv-tiktokx-cropcenter:100:100.jpg?dr=9640&refresh_token=1f002a72&x-expires=1746172800&x-signature=wV2Ha7zcrz9YA1AU2bUdToIiHHs%3D&t=4d5b0474&ps=13740610&shp=30310797&shcp=ff37627b&idc=useast5,7.47403E+18,1740182087,2025-02-21T23:54:47.000Z,0,https://vt.tiktok.com/ZSh8FQbqo/,FALSE,,7.47342E+18,,https://vt.tiktok.com/ZSh8FQbqo/,cukup bayar polisi aja gak usah minta maaf,7.42749E+18,baazmil01,https://www.tiktok.com/@hai_online/video/7473394493971074311
https://p16-common-sign-va.tiktokcdn-us.com/tos-maliva-avt-0068/259c534737bd04340164bf6e873b2414~tplv-tiktokx-cropcenter:100:100.jpg?dr=9640&refresh_token=822d1894&x-expires=1746172800&x-signature=8tDT8A1tBKqeFU3KR2I8vYD8llI%3D&t=4d5b0474&ps=13740610&shp=30310797&shcp=ff37627b&idc=useast5,7.47534E+18,1740488532,2025-02-25T13:02:12.000Z,0,https://vt.tiktok.com/ZSh8FQbqo/,FALSE,,7.47342E+18,,https://vt.tiktok.com/ZSh8FQbqo/,harusnya😁,6.99421E+18,mourinbria,https://www.tiktok.com/@hai_online/video/7473394493971074311
https://p16-common-sign-sg.tiktokcdn-us.com/tos-alisg-avt-0068/b4e3a2dffee26e4276b1c2c76bbed53e~tplv-tiktokx-cropcenter:100:100.jpg?dr=9640&refresh_token=40722e7c&x-expires=1746172800&x-signature=lE9WmEGg72CNSDPPAa%2FSUpY0%2Bok%3D&t=4d5b0474&ps=13740610&shp=30310797&shcp=ff37627b&idc=useast5,7.47344E+18,1740045021,2025-02-20T09:50:21.000Z,5,https://vt.tiktok.com/ZSh8FQbqo/,FALSE,,7.47342E+18,,https://vt.tiktok.com/ZSh8FQbqo/,mereka sampe buka topeng gitu udah pasti diancem,6.89135E+18,marissasaraswati,https://www.tiktok.com/@hai_online/video/7473394493971074311
https://p16-common-sign-sg.tiktokcdn-us.com/tos-alisg-avt-0068/2437ad092fafc2d9c2eb09f791b6898f~tplv-tiktokx-cropcenter:100:100.jpg?dr=9640&refresh_token=451d7492&x-expires=1746172800&x-signature=2tOw5eLPI3o6NSUW31%2FsQxY5eLs%3D&t=4d5b0474&ps=13740610&shp=30310797&shcp=ff37627b&idc=useast5,7.47561E+18,1740550412,2025-02-26T06:13:32.000Z,0,https://vt.tiktok.com/ZSh8FQbqo/,FALSE,,7.47342E+18,,https://vt.tiktok.com/ZSh8FQbqo/,di todong pistol itu di balik camera makanya takut,6.95574E+18,rehan_ndak,https://www.tiktok.com/@hai_online/video/7473394493971074311
https://p16-common-sign-sg.tiktokcdn-us.com/tos-alisg-avt-0068/c27c84a66e1b8791dd4a2dc3c822384d~tplv-tiktokx-cropcenter:100:100.jpg?dr=9640&refresh_token=0cc1a5b2&x-expires=1746172800&x-signature=ITO%2BarBkXxNeTUMq48cwQ0hZo7o%3D&t=4d5b0474&ps=13740610&shp=30310797&shcp=ff37627b&idc=useast5,7.47347E+18,1740052959,2025-02-20T12:02:39.000Z,12,https://vt.tiktok.com/ZSh8FQbqo/,FALSE,,7.47347E+18,,https://vt.tiktok.com/ZSh8FQbqo/,kelaaaas,6.84148E+18,boamsk8,https://www.tiktok.com/@hai_online/video/7473394493971074311
https://p16-common-sign-sg.tiktokcdn-us.com/tos-alisg-avt-0068/c7843a6883abac43eead89e191a16ce7~tplv-tiktokx-cropcenter:100:100.jpg?dr=9640&refresh_token=2542eb6f&x-expires=1746172800&x-signature=n5FByuasjWVirl%2BpLP%2FNVhhjRa8%3D&t=4d5b0474&ps=13740610&shp=30310797&shcp=ff37627b&idc=useast5,7.47403E+18,1740183390,2025-02-22T00:16:30.000Z,1,https://vt.tiktok.com/ZSh8FQbqo/,FALSE,,7.47347E+18,,https://vt.tiktok.com/ZSh8FQbqo/,aman lah ji,6.84542E+18,krematoriumilogy,https://www.tiktok.com/@hai_online/video/7473394493971074311
https://p16-common-sign-sg.tiktokcdn-us.com/tos-alisg-avt-0068/c27c84a66e1b8791dd4a2dc3c822384d~tplv-tiktokx-cropcenter:100:100.jpg?dr=9640&refresh_token=0cc1a5b2&x-expires=1746172800&x-signature=ITO%2BarBkXxNeTUMq48cwQ0hZo7o%3D&t=4d5b0474&ps=13740610&shp=30310797&shcp=ff37627b&idc=useast5,7.47404E+18,1740185704,2025-02-22T00:55:04.000Z,0,https://vt.tiktok.com/ZSh8FQbqo/,FALSE,,7.47347E+18,,https://vt.tiktok.com/ZSh8FQbqo/,aman ji,6.84148E+18,boamsk8,https://www.tiktok.com/@hai_online/video/7473394493971074311
https://p16-common-sign-va.tiktokcdn-us.com/tos-maliva-avt-0068/10b5249499fd09a8a2f8b61bf6ed485e~tplv-tiktokx-cropcenter:100:100.jpg?dr=9640&refresh_token=259fc4e2&x-expires=1746172800&x-signature=WpmHkqxHTfzB34UAoBLV1rUWh7s%3D&t=4d5b0474&ps=13740610&shp=30310797&shcp=ff37627b&idc=useast5,7.47354E+18,1740069881,2025-02-20T16:44:41.000Z,6,https://vt.tiktok.com/ZSh8FQbqo/,FALSE,,7.47347E+18,,https://vt.tiktok.com/ZSh8FQbqo/,"lah ngapain kenal juga engga 🤭 suruh dengerin aja sendiri, kan udh tau 🤣",6.92281E+18,dheaan_x,https://www.tiktok.com/@hai_online/video/7473394493971074311
https://p16-common-sign-useast2a.tiktokcdn-us.com/tos-useast2a-avt-0068-giso/7083623270347440155~tplv-tiktokx-cropcenter:100:100.jpg?dr=9640&refresh_token=b2c9c305&x-expires=1746172800&x-signature=aQdAReD9tsrmQe%2BEroBsdYwhOEg%3D&t=4d5b0474&ps=13740610&shp=30310797&shcp=ff37627b&idc=useast5,7.47438E+18,1740264847,2025-02-22T22:54:07.000Z,5,https://vt.tiktok.com/ZSh8FQbqo/,FALSE,,7.47347E+18,,https://vt.tiktok.com/ZSh8FQbqo/,"mungkin om anda polisi amanah jd tdk tersinggung 👍, 1 banding 300 polisi amanah.",7.03589E+18,nollytri,https://www.tiktok.com/@hai_online/video/7473394493971074311
https://p19-common-sign-va.tiktokcdn-us.com/tos-maliva-avt-0068/f27209a6750dc6888fb1733afbd06ebe~tplv-tiktokx-cropcenter:100:100.jpg?dr=9640&refresh_token=7bf0625e&x-expires=1746172800&x-signature=GM0XYuaAp6RW%2BGzBNfVlFDoqAW4%3D&t=4d5b0474&ps=13740610&shp=30310797&shcp=ff37627b&idc=useast5,7.47419E+18,1740221564,2025-02-22T10:52:44.000Z,1,https://vt.tiktok.com/ZSh8FQbqo/,FALSE,,7.47347E+18,,https://vt.tiktok.com/ZSh8FQbqo/,apan komennya🤣,6.63521E+18,retnoeko0,https://www.tiktok.com/@hai_online/video/7473394493971074311
https://p19-common-sign-sg.tiktokcdn-us.com/tos-alisg-avt-0068/c5f45638b77afbdc3b1df21818bd5096~tplv-tiktokx-cropcenter:100:100.jpg?dr=9640&refresh_token=0433ac4f&x-expires=1746172800&x-signature=BOK9AO%2BhK7bNN7gw0Okyk0gc6g0%3D&t=4d5b0474&ps=13740610&shp=30310797&shcp=ff37627b&idc=useast5,7.47871E+18,1741273650,2025-03-06T15:07:30.000Z,0,https://vt.tiktok.com/ZSh8FQbqo/,FALSE,,7.47347E+18,,https://vt.tiktok.com/ZSh8FQbqo/,"pasti om.y ketawa🤣🤣dlm hati ""benar jg nih lagu 🤣🤣",6.86453E+18,shukri347,https://www.tiktok.com/@hai_online/video/7473394493971074311
https://p16-common-sign-va.tiktokcdn-us.com/tos-maliva-avt-0068/8f388b9eb24d71a7693aca94b772299e~tplv-tiktokx-cropcenter:100:100.jpg?dr=9640&refresh_token=66fa49fa&x-expires=1746172800&x-signature=FEWCwYkUYKeTgWFGbkFtxLvUHt8%3D&t=4d5b0474&ps=13740610&shp=30310797&shcp=ff37627b&idc=useast5,7.47551E+18,1740528925,2025-02-26T00:15:25.000Z,0,https://vt.tiktok.com/ZSh8FQbqo/,FALSE,,7.47347E+18,,https://vt.tiktok.com/ZSh8FQbqo/,setel di toa masjid baru kelas bro...🤣,7.40056E+18,uwais.idolaku.ban,https://www.tiktok.com/@hai_online/video/7473394493971074311
https://p19-common-sign-sg.tiktokcdn-us.com/tos-alisg-avt-0068/21f2ba402426fa5fa0addae3280468ed~tplv-tiktokx-cropcenter:100:100.jpg?dr=9640&refresh_token=55809cb2&x-expires=1746172800&x-signature=fMWOFb7Dirha8jpHAoUdBcV5XMU%3D&t=4d5b0474&ps=13740610&shp=30310797&shcp=ff37627b&idc=useast5,7.47499E+18,1740407731,2025-02-24T14:35:31.000Z,0,https://vt.tiktok.com/ZSh8FQbqo/,FALSE,,7.47347E+18,,https://vt.tiktok.com/ZSh8FQbqo/,nyali selangit👍👍👍,7.43458E+18,klanalunu,https://www.tiktok.com/@hai_online/video/7473394493971074311
https://p16-common-sign-va.tiktokcdn-us.com/musically-maliva-obj/1594805258216454~tplv-tiktokx-cropcenter:100:100.jpg?dr=9640&refresh_token=8a29684a&x-expires=1746172800&x-signature=7DZto9hg0aqFDqq0kULxMSzQbEQ%3D&t=4d5b0474&ps=13740610&shp=30310797&shcp=ff37627b&idc=useast5,7.47452E+18,1740297544,2025-02-23T07:59:04.000Z,0,https://vt.tiktok.com/ZSh8FQbqo/,FALSE,,7.47347E+18,,https://vt.tiktok.com/ZSh8FQbqo/,keren lo bang,6.86742E+18,baiusegara,https://www.tiktok.com/@hai_online/video/7473394493971074311
https://p16-common-sign-va.tiktokcdn-us.com/tos-maliva-avt-0068/81bf8c99f257ed65368ab4ac8b94f121~tplv-tiktokx-cropcenter:100:100.jpg?dr=9640&refresh_token=690aaf68&x-expires=1746172800&x-signature=rZv3NRXRpYpJYNkbousxgsYjx%2B8%3D&t=4d5b0474&ps=13740610&shp=30310797&shcp=ff37627b&idc=useast5,7.47448E+18,1740288037,2025-02-23T05:20:37.000Z,0,https://vt.tiktok.com/ZSh8FQbqo/,FALSE,,7.47347E+18,,https://vt.tiktok.com/ZSh8FQbqo/,mantap 😂😂😂,7.06411E+18,muhamadhusna21,https://www.tiktok.com/@hai_online/video/7473394493971074311
https://p16-common-sign-sg.tiktokcdn-us.com/tos-alisg-avt-0068/8a1b66eeae9845ceb70472805de35da9~tplv-tiktokx-cropcenter:100:100.jpg?dr=9640&refresh_token=fb73698f&x-expires=1746172800&x-signature=rgGXIGwP4LqGg3RhxxV7pHNXDCc%3D&t=4d5b0474&ps=13740610&shp=30310797&shcp=ff37627b&idc=useast5,7.4742E+18,1740221686,2025-02-22T10:54:46.000Z,0,https://vt.tiktok.com/ZSh8FQbqo/,FALSE,,7.47347E+18,,https://vt.tiktok.com/ZSh8FQbqo/,bagus 👍,6.74648E+18,kumisberatjoen,https://www.tiktok.com/@hai_online/video/7473394493971074311
https://p16-common-sign-va.tiktokcdn-us.com/musically-maliva-obj/1594805258216454~tplv-tiktokx-cropcenter:100:100.jpg?dr=9640&refresh_token=8a29684a&x-expires=1746172800&x-signature=7DZto9hg0aqFDqq0kULxMSzQbEQ%3D&t=4d5b0474&ps=13740610&shp=30310797&shcp=ff37627b&idc=useast5,7.47417E+18,1740214677,2025-02-22T08:57:57.000Z,0,https://vt.tiktok.com/ZSh8FQbqo/,FALSE,,7.47347E+18,,https://vt.tiktok.com/ZSh8FQbqo/,"iya ya padahal cuma lagi doang , yg merasa tersinggung berarti merasa bersalah",7.04965E+18,ynt8501630,https://www.tiktok.com/@hai_online/video/7473394493971074311
https://p16-common-sign-va.tiktokcdn-us.com/tos-maliva-avt-0068/9f1071cfd4f866e3f3c7854f72a4ebe6~tplv-tiktokx-cropcenter:100:100.jpg?dr=9640&refresh_token=21d7becf&x-expires=1746172800&x-signature=aXFvx6l%2BtXuq5EM%2B8qoTBtS95%2F4%3D&t=4d5b0474&ps=13740610&shp=30310797&shcp=ff37627b&idc=useast5,7.47495E+18,1740396722,2025-02-24T11:32:02.000Z,0,https://vt.tiktok.com/ZSh8FQbqo/,FALSE,,7.47347E+18,,https://vt.tiktok.com/ZSh8FQbqo/,🤣🤣🤣,7.07418E+18,justriri.keyy,https://www.tiktok.com/@hai_online/video/7473394493971074311
https://p16-common-sign-va.tiktokcdn-us.com/tos-maliva-avt-0068/3be21eca4ba6556a12f259f15d3e5d6c~tplv-tiktokx-cropcenter:100:100.jpg?dr=9640&refresh_token=0b38a26f&x-expires=1746172800&x-signature=XnXuFse2Q82vjKHnmigXL9%2FXFYA%3D&t=4d5b0474&ps=13740610&shp=30310797&shcp=ff37627b&idc=useast5,7.47351E+18,1740061359,2025-02-20T14:22:39.000Z,1,https://vt.tiktok.com/ZSh8FQbqo/,FALSE,,7.47351E+18,,https://vt.tiktok.com/ZSh8FQbqo/,klarifikasi karena intimidasi,6.84812E+18,7212kwow,https://www.tiktok.com/@hai_online/video/7473394493971074311
https://p16-common-sign-va.tiktokcdn-us.com/tos-maliva-avt-0068/231d367e1dedacb786d7ac902df316ea~tplv-tiktokx-cropcenter:100:100.jpg?dr=9640&refresh_token=1f4ad66d&x-expires=1746172800&x-signature=J4w7b2zGZSBfQeo4RHE5ivVjD3E%3D&t=4d5b0474&ps=13740610&shp=30310797&shcp=ff37627b&idc=useast5,7.47351E+18,1740061409,2025-02-20T14:23:29.000Z,1,https://vt.tiktok.com/ZSh8FQbqo/,FALSE,,7.47351E+18,,https://vt.tiktok.com/ZSh8FQbqo/,Tapi kn fakta apa apa harus bayar klo k polisi😅🤭,6.89026E+18,zn.rahmnn,https://www.tiktok.com/@hai_online/video/7473394493971074311
https://p16-common-sign-va.tiktokcdn-us.com/tos-maliva-avt-0068/3be21eca4ba6556a12f259f15d3e5d6c~tplv-tiktokx-cropcenter:100:100.jpg?dr=9640&refresh_token=0b38a26f&x-expires=1746172800&x-signature=XnXuFse2Q82vjKHnmigXL9%2FXFYA%3D&t=4d5b0474&ps=13740610&shp=30310797&shcp=ff37627b&idc=useast5,7.47351E+18,1740061549,2025-02-20T14:25:49.000Z,2,https://vt.tiktok.com/ZSh8FQbqo/,FALSE,,7.47351E+18,,https://vt.tiktok.com/ZSh8FQbqo/,"yaa begitulah mereka, penuh oknum
mereka malu sama lagu itu tp gk mau memperbaiki diri, udah dari akarnya rusak 😂",6.84812E+18,7212kwow,https://www.tiktok.com/@hai_online/video/7473394493971074311
https://p16-common-sign-va.tiktokcdn-us.com/tos-maliva-avt-0068/24ffe0f009985ecb2a07ba7d3f20f4cc~tplv-tiktokx-cropcenter:100:100.jpg?dr=9640&refresh_token=1bd6d5df&x-expires=1746172800&x-signature=LAJrEKIUz1wkIYRgDGROcYqdv1E%3D&t=4d5b0474&ps=13740610&shp=30310797&shcp=ff37627b&idc=useast5,7.47497E+18,1740403179,2025-02-24T13:19:39.000Z,0,https://vt.tiktok.com/ZSh8FQbqo/,FALSE,,7.47346E+18,,https://vt.tiktok.com/ZSh8FQbqo/,Hama:haji ma'ruf kah.,7.40017E+18,lana36995,https://www.tiktok.com/@hai_online/video/7473394493971074311
https://p16-common-sign-sg.tiktokcdn-us.com/tos-alisg-avt-0068/f4974122e944efe278ff2381945f6f8d~tplv-tiktokx-cropcenter:100:100.jpg?dr=9640&refresh_token=734ac719&x-expires=1746172800&x-signature=Ox1o%2FYQRNBG6ColtaFiJsa1ww5I%3D&t=4d5b0474&ps=13740610&shp=30310797&shcp=ff37627b&idc=useast5,7.47398E+18,1740171414,2025-02-21T20:56:54.000Z,0,https://vt.tiktok.com/ZSh8FQbqo/,FALSE,,7.47346E+18,,https://vt.tiktok.com/ZSh8FQbqo/,sebenarnya kata ini untuk dirimu 😂,6.91946E+18,sachiko1230,https://www.tiktok.com/@hai_online/video/7473394493971074311
https://p16-common-sign-useast2a.tiktokcdn-us.com/tos-useast2a-avt-0068-giso/ecd831ba28d29526925c1dc8f11f980f~tplv-tiktokx-cropcenter:100:100.jpg?dr=9640&refresh_token=4a9d2b10&x-expires=1746172800&x-signature=PeNj0pP5ZBTzdV5PO3B2ij9zeI8%3D&t=4d5b0474&ps=13740610&shp=30310797&shcp=ff37627b&idc=useast5,7.47422E+18,1740227975,2025-02-22T12:39:35.000Z,2,https://vt.tiktok.com/ZSh8FQbqo/,FALSE,,7.47346E+18,,https://vt.tiktok.com/ZSh8FQbqo/,hati² kalau bicara TDK semua polisi tapi itu oknum dan oknum ada d mana² di polisi d TNI di sivil...pandai²lah menggunakan bahasa . karna mulutmu harimaumu,7.11155E+18,tintinnn450,https://www.tiktok.com/@hai_online/video/7473394493971074311
https://p16-common-sign-va.tiktokcdn-us.com/tos-maliva-avt-0068/6a3728c7e23f1af8f5e8479be3cdfe7c~tplv-tiktokx-cropcenter:100:100.jpg?dr=9640&refresh_token=4b3caf66&x-expires=1746172800&x-signature=eewD4c3nCGLW4HXk%2Bhx%2FyAFSm1Q%3D&t=4d5b0474&ps=13740610&shp=30310797&shcp=ff37627b&idc=useast5,7.47443E+18,1740276528,2025-02-23T02:08:48.000Z,0,https://vt.tiktok.com/ZSh8FQbqo/,FALSE,,7.47346E+18,,https://vt.tiktok.com/ZSh8FQbqo/,hii takutnya,7.08834E+18,sampoerna_prima920,https://www.tiktok.com/@hai_online/video/7473394493971074311
https://p16-common-sign-useast2a.tiktokcdn-us.com/tos-useast2a-avt-0068-giso/7179241513489006619~tplv-tiktokx-cropcenter:100:100.jpg?dr=9640&refresh_token=078c02e1&x-expires=1746172800&x-signature=OKgpgHrjt1Qq9PMCW4c0f93C0VU%3D&t=4d5b0474&ps=13740610&shp=30310797&shcp=ff37627b&idc=useast5,7.47448E+18,1740287119,2025-02-23T05:05:19.000Z,1,https://vt.tiktok.com/ZSh8FQbqo/,FALSE,,7.47346E+18,,https://vt.tiktok.com/ZSh8FQbqo/,"masalahnya oknum polisi lebih banyak dari polisi yg bener, gimana dong ?😂",7.04112E+18,nanansusanti,https://www.tiktok.com/@hai_online/video/7473394493971074311
https://p16-common-sign-useast2a.tiktokcdn-us.com/tos-useast2a-avt-0068-giso/ecd831ba28d29526925c1dc8f11f980f~tplv-tiktokx-cropcenter:100:100.jpg?dr=9640&refresh_token=4a9d2b10&x-expires=1746172800&x-signature=PeNj0pP5ZBTzdV5PO3B2ij9zeI8%3D&t=4d5b0474&ps=13740610&shp=30310797&shcp=ff37627b&idc=useast5,7.47453E+18,1740299197,2025-02-23T08:26:37.000Z,1,https://vt.tiktok.com/ZSh8FQbqo/,FALSE,,7.47346E+18,,https://vt.tiktok.com/ZSh8FQbqo/,mungkin di tempat anda tapi ditempatku polisi panutan masyarakat ..sangat dihormati ..karna benar² melaksanakan fungsinya. gimana ?,7.11155E+18,tintinnn450,https://www.tiktok.com/@hai_online/video/7473394493971074311
https://p16-common-sign-sg.tiktokcdn-us.com/tos-alisg-avt-0068/2c5aa114aaba0b576a1e2bfc11f8bce1~tplv-tiktokx-cropcenter:100:100.jpg?dr=9640&refresh_token=81b1ea9f&x-expires=1746172800&x-signature=9rXj7VMuY3KC5irGGCBmegSPeGI%3D&t=4d5b0474&ps=13740610&shp=30310797&shcp=ff37627b&idc=useast5,7.47489E+18,1740384275,2025-02-24T08:04:35.000Z,0,https://vt.tiktok.com/ZSh8FQbqo/,FALSE,,7.47346E+18,,https://vt.tiktok.com/ZSh8FQbqo/,di negeriku sama seperti lagu nya Sukatani duh aduh kutak punya pacar.....,7.46521E+18,kamaftukha,https://www.tiktok.com/@hai_online/video/7473394493971074311
https://p16-common-sign-sg.tiktokcdn-us.com/tos-alisg-avt-0068/da50dfbf2d847e5d9ae09e12061972bc~tplv-tiktokx-cropcenter:100:100.jpg?dr=9640&refresh_token=775cb592&x-expires=1746172800&x-signature=JuQNvn4GDElzbmtPTHq11%2BHR6Go%3D&t=4d5b0474&ps=13740610&shp=30310797&shcp=ff37627b&idc=useast5,7.4746E+18,1740316609,2025-02-23T13:16:49.000Z,0,https://vt.tiktok.com/ZSh8FQbqo/,FALSE,,7.47346E+18,,https://vt.tiktok.com/ZSh8FQbqo/,seperti biasa rakyat pasti ditekan yang berkuasa😂,7.34881E+18,cakra.buana903,https://www.tiktok.com/@hai_online/video/7473394493971074311
https://p16-common-sign-sg.tiktokcdn-us.com/tos-alisg-avt-0068/df4a111a0612f2f10752a42447b0e2c1~tplv-tiktokx-cropcenter:100:100.jpg?dr=9640&refresh_token=45dd2da8&x-expires=1746172800&x-signature=R6dyAdPFnqSU7MfDnGt165Cz5fM%3D&t=4d5b0474&ps=13740610&shp=30310797&shcp=ff37627b&idc=useast5,7.47451E+18,1740295251,2025-02-23T07:20:51.000Z,0,https://vt.tiktok.com/ZSh8FQbqo/,FALSE,,7.47346E+18,,https://vt.tiktok.com/ZSh8FQbqo/,gak semua polisi dongo,7.13392E+18,pegilasanakko,https://www.tiktok.com/@hai_online/video/7473394493971074311
https://p16-common-sign-va.tiktokcdn-us.com/tos-maliva-avt-0068/ad6a2ccb248eccd61df6f113910ac4f5~tplv-tiktokx-cropcenter:100:100.jpg?dr=9640&refresh_token=8b580c11&x-expires=1746172800&x-signature=zJH%2Bk3QDy29RXOGEJyXuqzs4z2s%3D&t=4d5b0474&ps=13740610&shp=30310797&shcp=ff37627b&idc=useast5,7.47406E+18,1740189082,2025-02-22T01:51:22.000Z,0,https://vt.tiktok.com/ZSh8FQbqo/,FALSE,,7.47346E+18,,https://vt.tiktok.com/ZSh8FQbqo/,lha kamu apa....bro kerjaannya hujat orang artikan sendiri aja....,7.04447E+18,mr.xx000,https://www.tiktok.com/@hai_online/video/7473394493971074311
https://p16-common-sign-sg.tiktokcdn-us.com/tos-alisg-avt-0068/8ef9ec808080611a4de44870c95cdeeb~tplv-tiktokx-cropcenter:100:100.jpg?dr=9640&refresh_token=78abe402&x-expires=1746172800&x-signature=C5foY1avv1%2B6PbN8B9iWDm%2Bparw%3D&t=4d5b0474&ps=13740610&shp=30310797&shcp=ff37627b&idc=useast5,7.47373E+18,1740113526,2025-02-21T04:52:06.000Z,1,https://vt.tiktok.com/ZSh8FQbqo/,FALSE,,7.47346E+18,,https://vt.tiktok.com/ZSh8FQbqo/,✋️💀🤚,7.43524E+18,uruyamaz,https://www.tiktok.com/@hai_online/video/7473394493971074311
https://p16-common-sign-sg.tiktokcdn-us.com/tos-alisg-avt-0068/77e5674122e3c54d73c09de310227987~tplv-tiktokx-cropcenter:100:100.jpg?dr=9640&refresh_token=91bae499&x-expires=1746172800&x-signature=gyZC9VV9lZoT4dihGSSjZGlQdKY%3D&t=4d5b0474&ps=13740610&shp=30310797&shcp=ff37627b&idc=useast5,7.47408E+18,1740195636,2025-02-22T03:40:36.000Z,0,https://vt.tiktok.com/ZSh8FQbqo/,FALSE,,7.47346E+18,,https://vt.tiktok.com/ZSh8FQbqo/,@Polisi Indonesia,7.46899E+18,tataaaa_513,https://www.tiktok.com/@hai_online/video/7473394493971074311
https://p16-common-sign-sg.tiktokcdn-us.com/tos-alisg-avt-0068/180d2db83d3270c3df54d2938263a5e8~tplv-tiktokx-cropcenter:100:100.jpg?dr=9640&refresh_token=fbaa400d&x-expires=1746172800&x-signature=UkKGdNAWsBnAcADtgSyRvzasfvs%3D&t=4d5b0474&ps=13740610&shp=30310797&shcp=ff37627b&idc=useast5,7.47367E+18,1740099353,2025-02-21T00:55:53.000Z,0,https://vt.tiktok.com/ZSh8FQbqo/,FALSE,,7.47351E+18,,https://vt.tiktok.com/ZSh8FQbqo/,betul itu bang jangan bungkam suara kami kami bersuara dgn cara yg berbeda2 jika nanti yg dikritik sydah berbenah otomatis suara inj gk akan ngaruh ditelinga kok,7.16809E+18,fadillaart,https://www.tiktok.com/@hai_online/video/7473394493971074311
https://p16-common-sign-va.tiktokcdn-us.com/tos-maliva-avt-0068/7287374405566234630~tplv-tiktokx-cropcenter:100:100.jpg?dr=9640&refresh_token=79b08b2d&x-expires=1746172800&x-signature=VMnDFE8imOgxg%2BDfd8Bk2Rd4RVk%3D&t=4d5b0474&ps=13740610&shp=30310797&shcp=ff37627b&idc=useast5,7.47351E+18,1740062610,2025-02-20T14:43:30.000Z,0,https://vt.tiktok.com/ZSh8FQbqo/,FALSE,,7.47351E+18,,https://vt.tiktok.com/ZSh8FQbqo/,"Pake aja sound bayar"". sebagai bentuk protes kita terhadap pemerintah dan dukungan kepada kawan seperjuangan",7.09778E+18,orange.asing10,https://www.tiktok.com/@hai_online/video/7473394493971074311
https://p16-common-sign-sg.tiktokcdn-us.com/tos-alisg-avt-0068/2f9356a3ef972cf246c5ee0338feff7a~tplv-tiktokx-cropcenter:100:100.jpg?dr=9640&refresh_token=a758bfdc&x-expires=1746172800&x-signature=aRZEpXrmZ08ly5%2BReUiKitISbqY%3D&t=4d5b0474&ps=13740610&shp=30310797&shcp=ff37627b&idc=useast5,7.47341E+18,1740039906,2025-02-20T08:25:06.000Z,82,https://vt.tiktok.com/ZSh8FQbqo/,FALSE,,7.4734E+18,,https://vt.tiktok.com/ZSh8FQbqo/,"bapaknya iwan fals itu tentara, kalau bapaknya orang biasa, iwan fals mungkin sudah hilang",7.31307E+18,dani.ihsan7,https://www.tiktok.com/@hai_online/video/7473394493971074311
https://p16-common-sign-va.tiktokcdn-us.com/tos-maliva-avt-0068/4602d3c1d3e52d48fa7bde89c300431d~tplv-tiktokx-cropcenter:100:100.jpg?dr=9640&refresh_token=0b837906&x-expires=1746172800&x-signature=W990AtTc11yFM%2BLmxAsJFh9irkQ%3D&t=4d5b0474&ps=13740610&shp=30310797&shcp=ff37627b&idc=useast5,7.47344E+18,1740046608,2025-02-20T10:16:48.000Z,10,https://vt.tiktok.com/ZSh8FQbqo/,FALSE,,7.4734E+18,,https://vt.tiktok.com/ZSh8FQbqo/,harusnya Sukatani ikut jejak bang Iwan. kan kereen 👍,7.12178E+18,arrumi_69,https://www.tiktok.com/@hai_online/video/7473394493971074311
https://p16-common-sign-sg.tiktokcdn-us.com/tos-alisg-avt-0068/03205be2efae7e329ab140329e5be135~tplv-tiktokx-cropcenter:100:100.jpg?dr=9640&refresh_token=cbaa17a6&x-expires=1746172800&x-signature=XXVmxIAWY9DJ%2FkBsBCT8SgdOHMs%3D&t=4d5b0474&ps=13740610&shp=30310797&shcp=ff37627b&idc=useast5,7.47389E+18,1740151320,2025-02-21T15:22:00.000Z,0,https://vt.tiktok.com/ZSh8FQbqo/,FALSE,,7.4734E+18,,https://vt.tiktok.com/ZSh8FQbqo/,elo aja😂,7.14381E+18,toniartana0,https://www.tiktok.com/@hai_online/video/7473394493971074311
https://p16-common-sign-sg.tiktokcdn-us.com/tos-alisg-avt-0068/b25cfda1fb783052bcb114919caa0353~tplv-tiktokx-cropcenter:100:100.jpg?dr=9640&refresh_token=32c7027c&x-expires=1746172800&x-signature=Agmdf78QaBEOhMpm8%2F6%2F2gJzOVk%3D&t=4d5b0474&ps=13740610&shp=30310797&shcp=ff37627b&idc=useast5,7.4744E+18,1740270460,2025-02-23T00:27:40.000Z,2,https://vt.tiktok.com/ZSh8FQbqo/,FALSE,,7.4734E+18,,https://vt.tiktok.com/ZSh8FQbqo/,K,6.94977E+18,wwwxyz_3,https://www.tiktok.com/@hai_online/video/7473394493971074311
https://p16-common-sign-va.tiktokcdn-us.com/tos-maliva-avt-0068/52bb2a00d29a596be68c5c10c8da547c~tplv-tiktokx-cropcenter:100:100.jpg?dr=9640&refresh_token=e113a5d0&x-expires=1746172800&x-signature=RBmaQKw1Yih78Z1E0XpaCmkIZnk%3D&t=4d5b0474&ps=13740610&shp=30310797&shcp=ff37627b&idc=useast5,7.48234E+18,1742117552,2025-03-16T09:32:32.000Z,0,https://vt.tiktok.com/ZSh8FQbqo/,FALSE,,7.4734E+18,,https://vt.tiktok.com/ZSh8FQbqo/,inget iwan fals juga pernah ditahan ya,6.83454E+18,aliramburabbani,https://www.tiktok.com/@hai_online/video/7473394493971074311
https://p16-common-sign-sg.tiktokcdn-us.com/tos-alisg-avt-0068/268dfca9c05c27eaf22f56a8d17dc407~tplv-tiktokx-cropcenter:100:100.jpg?dr=9640&refresh_token=bfa04908&x-expires=1746172800&x-signature=kqkhVWTqE6q%2F4cfe%2FNzwoKZwvoE%3D&t=4d5b0474&ps=13740610&shp=30310797&shcp=ff37627b&idc=useast5,7.48398E+18,1742500408,2025-03-20T19:53:28.000Z,0,https://vt.tiktok.com/ZSh8FQbqo/,FALSE,,7.4734E+18,,https://vt.tiktok.com/ZSh8FQbqo/,Sempat ilang brrti tau dong siapa pelakunya kwkwk,6.94552E+18,iniaulia000,https://www.tiktok.com/@hai_online/video/7473394493971074311
https://p16-common-sign-va.tiktokcdn-us.com/tos-maliva-avt-0068/6cdf6c83674c595d5819e85c64850ee0~tplv-tiktokx-cropcenter:100:100.jpg?dr=9640&refresh_token=1c56d5b6&x-expires=1746172800&x-signature=1IN2%2BHZrbhC8CswrAF5pr7mqlLg%3D&t=4d5b0474&ps=13740610&shp=30310797&shcp=ff37627b&idc=useast5,7.47341E+18,1740038683,2025-02-20T08:04:43.000Z,27,https://vt.tiktok.com/ZSh8FQbqo/,FALSE,,7.4734E+18,,https://vt.tiktok.com/ZSh8FQbqo/,tahun 84 iwan fals pernah dipenjara bang gegara lagu,7.20542E+18,alfredo.francesco5,https://www.tiktok.com/@hai_online/video/7473394493971074311
https://p19-common-sign-va.tiktokcdn-us.com/tos-maliva-avt-0068/1764cf49082fd5ae80f6f72239a99ff6~tplv-tiktokx-cropcenter:100:100.jpg?dr=9640&refresh_token=9e76a77b&x-expires=1746172800&x-signature=w5zt%2FWOc4vAkRi%2B3uZSakMDHnB4%3D&t=4d5b0474&ps=13740610&shp=30310797&shcp=ff37627b&idc=useast5,7.47345E+18,1740048667,2025-02-20T10:51:07.000Z,5,https://vt.tiktok.com/ZSh8FQbqo/,FALSE,,7.4734E+18,,https://vt.tiktok.com/ZSh8FQbqo/,jrx juga ga mau minta maaf.. beda mental,6.83211E+18,apleku,https://www.tiktok.com/@hai_online/video/7473394493971074311
https://p16-common-sign-sg.tiktokcdn-us.com/tos-alisg-avt-0068/8acb4fa740bc39f59cf3415729537b6b~tplv-tiktokx-cropcenter:100:100.jpg?dr=9640&refresh_token=825f33a2&x-expires=1746172800&x-signature=DoIMSokBouUZ295RaZe%2BVH3WFLs%3D&t=4d5b0474&ps=13740610&shp=30310797&shcp=ff37627b&idc=useast5,7.47346E+18,1740049702,2025-02-20T11:08:22.000Z,3,https://vt.tiktok.com/ZSh8FQbqo/,FALSE,,7.4734E+18,,https://vt.tiktok.com/ZSh8FQbqo/,Iwan fals anak jendral,6.81029E+18,ofel_2,https://www.tiktok.com/@hai_online/video/7473394493971074311
https://p16-common-sign-va.tiktokcdn-us.com/tos-maliva-avt-0068/1324c00a63cc7f0284389e467af5d05a~tplv-tiktokx-cropcenter:100:100.jpg?dr=9640&refresh_token=4c3b2fb5&x-expires=1746172800&x-signature=vqFQqNElpRF7kJNc6L9MhmBddn8%3D&t=4d5b0474&ps=13740610&shp=30310797&shcp=ff37627b&idc=useast5,7.47345E+18,1740047692,2025-02-20T10:34:52.000Z,2,https://vt.tiktok.com/ZSh8FQbqo/,FALSE,,7.4734E+18,,https://vt.tiktok.com/ZSh8FQbqo/,pasti dpt tekanan itu,7.19992E+18,randiyunaz,https://www.tiktok.com/@hai_online/video/7473394493971074311
https://p16-common-sign-useast2a.tiktokcdn-us.com/tos-useast2a-avt-0068-giso/81d7f650cfd932a18dbb5b7f1cd6db8e~tplv-tiktokx-cropcenter:100:100.jpg?dr=9640&refresh_token=728c649a&x-expires=1746172800&x-signature=YirzsWFlZ%2BsauinDdyw6NkdQXGE%3D&t=4d5b0474&ps=13740610&shp=30310797&shcp=ff37627b&idc=useast5,7.47344E+18,1740046753,2025-02-20T10:19:13.000Z,1,https://vt.tiktok.com/ZSh8FQbqo/,FALSE,,7.4734E+18,,https://vt.tiktok.com/ZSh8FQbqo/,sapa bilang pernah ditangkap cek aja pas di interview kick andi/andy f noya,6.99773E+18,bams_bagos,https://www.tiktok.com/@hai_online/video/7473394493971074311
https://p16-common-sign-va.tiktokcdn-us.com/tos-maliva-avt-0068/74dc58214bd7f153d27da2a166fe2b4a~tplv-tiktokx-cropcenter:100:100.jpg?dr=9640&refresh_token=cac92487&x-expires=1746172800&x-signature=Ccdl1LDXFEl1%2B26ph57DvE7Odzk%3D&t=4d5b0474&ps=13740610&shp=30310797&shcp=ff37627b&idc=useast5,7.47778E+18,1741056064,2025-03-04T02:41:04.000Z,0,https://vt.tiktok.com/ZSh8FQbqo/,FALSE,,7.4734E+18,,https://vt.tiktok.com/ZSh8FQbqo/,"iya,kamu seorang musisi lanjutkan karya mu,agar banyak yg sadar",6.7873E+18,igunreturns,https://www.tiktok.com/@hai_online/video/7473394493971074311
https://p16-common-sign-sg.tiktokcdn-us.com/tos-alisg-avt-0068/4beffb7ce99ec7a3b265f8b9797a5821~tplv-tiktokx-cropcenter:100:100.jpg?dr=9640&refresh_token=3ea03fc8&x-expires=1746172800&x-signature=ynjHhU5zPEWVklFAt0H0ardsfqk%3D&t=4d5b0474&ps=13740610&shp=30310797&shcp=ff37627b&idc=useast5,7.47522E+18,1740461151,2025-02-25T05:25:51.000Z,0,https://vt.tiktok.com/ZSh8FQbqo/,FALSE,,7.4734E+18,,https://vt.tiktok.com/ZSh8FQbqo/,"iya ga ada klarifikasi,, tapi di tangkap aja kan🗿",6.91927E+18,kagem4ru,https://www.tiktok.com/@hai_online/video/7473394493971074311
https://p16-common-sign-va.tiktokcdn-us.com/tos-maliva-avt-0068/fc64c10cbaece5915aefe355ab6db1e9~tplv-tiktokx-cropcenter:100:100.jpg?dr=9640&refresh_token=475edc2c&x-expires=1746172800&x-signature=nGmGaDXE70dbkoMeUV2Ol7P%2Bk5U%3D&t=4d5b0474&ps=13740610&shp=30310797&shcp=ff37627b&idc=useast5,7.47479E+18,1740360757,2025-02-24T01:32:37.000Z,0,https://vt.tiktok.com/ZSh8FQbqo/,FALSE,,7.4734E+18,,https://vt.tiktok.com/ZSh8FQbqo/,lagu apa,6.75941E+18,tanya_ko.jo,https://www.tiktok.com/@hai_online/video/7473394493971074311
https://p19-common-sign-sg.tiktokcdn-us.com/tos-alisg-avt-0068/3b5d2dcd0285ab5e7aca67d72a05feda~tplv-tiktokx-cropcenter:100:100.jpg?dr=9640&refresh_token=937878b9&x-expires=1746172800&x-signature=1zu7iiAgeZAYR%2BiWev%2BdIbJNCng%3D&t=4d5b0474&ps=13740610&shp=30310797&shcp=ff37627b&idc=useast5,7.47413E+18,1740206494,2025-02-22T06:41:34.000Z,0,https://vt.tiktok.com/ZSh8FQbqo/,FALSE,,7.4734E+18,,https://vt.tiktok.com/ZSh8FQbqo/,tapi anaknya 🙂,7.09572E+18,dhanapertiwi99,https://www.tiktok.com/@hai_online/video/7473394493971074311
https://p16-common-sign-sg.tiktokcdn-us.com/tos-alisg-avt-0068/b1fda5b75913d0f700b7ba890c3b98d1~tplv-tiktokx-cropcenter:100:100.jpg?dr=9640&refresh_token=bef9a3d0&x-expires=1746172800&x-signature=Qz3UhrAj%2FdMoUzStUIW%2Fyz56mw8%3D&t=4d5b0474&ps=13740610&shp=30310797&shcp=ff37627b&idc=useast5,7.47347E+18,1740052204,2025-02-20T11:50:04.000Z,0,https://vt.tiktok.com/ZSh8FQbqo/,FALSE,,7.4734E+18,,https://vt.tiktok.com/ZSh8FQbqo/,Klarifikasi (Intimidasi),7.08665E+18,bangkinoy.1181,https://www.tiktok.com/@hai_online/video/7473394493971074311
https://p16-common-sign-sg.tiktokcdn-us.com/tos-alisg-avt-0068/ac3699a4657e49c2e754de73b94c6b8f~tplv-tiktokx-cropcenter:100:100.jpg?dr=9640&refresh_token=ec36b59f&x-expires=1746172800&x-signature=Sg0vHanNgRLKQvc7JNuGXn5Y4yM%3D&t=4d5b0474&ps=13740610&shp=30310797&shcp=ff37627b&idc=useast5,7.47343E+18,1740044515,2025-02-20T09:41:55.000Z,0,https://vt.tiktok.com/ZSh8FQbqo/,FALSE,,7.4734E+18,,https://vt.tiktok.com/ZSh8FQbqo/,"itu yang lagunya bang Iwan fals
...kereta tiba pukul berapa....😁",7.37401E+18,barangbekas200,https://www.tiktok.com/@hai_online/video/7473394493971074311
https://p19-common-sign-va.tiktokcdn-us.com/tos-maliva-avt-0068/f250d6d1fd6a651fee55fa6d6e48318c~tplv-tiktokx-cropcenter:100:100.jpg?dr=9640&refresh_token=efa868ef&x-expires=1746172800&x-signature=U7P9e7dONIQ4PZjDYgq2SOL%2BVwU%3D&t=4d5b0474&ps=13740610&shp=30310797&shcp=ff37627b&idc=useast5,7.4748E+18,1740362873,2025-02-24T02:07:53.000Z,1,https://vt.tiktok.com/ZSh8FQbqo/,FALSE,,7.4734E+18,,https://vt.tiktok.com/ZSh8FQbqo/,"yg lagunya berjudul bento
beny soeharto",7.41552E+18,rarasmom5,https://www.tiktok.com/@hai_online/video/7473394493971074311
https://p16-common-sign-va.tiktokcdn-us.com/tos-maliva-avt-0068/55eb1414a297e93e97afe9fbf15cef63~tplv-tiktokx-cropcenter:100:100.jpg?dr=9640&refresh_token=6b0546bc&x-expires=1746172800&x-signature=4G3R7ptb%2BqZiw6LOzkGm52wUprg%3D&t=4d5b0474&ps=13740610&shp=30310797&shcp=ff37627b&idc=useast5,7.47341E+18,1740038338,2025-02-20T07:58:58.000Z,0,https://vt.tiktok.com/ZSh8FQbqo/,FALSE,,7.4734E+18,,https://vt.tiktok.com/ZSh8FQbqo/,tapi sekarang 😁,6.80553E+18,natziayamgeprek,https://www.tiktok.com/@hai_online/video/7473394493971074311
https://p16-common-sign-sg.tiktokcdn-us.com/tos-alisg-avt-0068/9554c7234d8df0db943ef29698bfa720~tplv-tiktokx-cropcenter:100:100.jpg?dr=9640&refresh_token=c606f718&x-expires=1746172800&x-signature=Z9PoUCwfPlRyZSVkRfRiFdCMHQI%3D&t=4d5b0474&ps=13740610&shp=30310797&shcp=ff37627b&idc=useast5,7.47341E+18,1740037847,2025-02-20T07:50:47.000Z,3,https://vt.tiktok.com/ZSh8FQbqo/,FALSE,,7.4734E+18,,https://vt.tiktok.com/ZSh8FQbqo/,berarti parcok jaman dulu ga sebaperan sekarang,6.70824E+18,yun666ordo,https://www.tiktok.com/@hai_online/video/7473394493971074311
https://p16-common-sign-sg.tiktokcdn-us.com/tos-alisg-avt-0068/5cfff3df0e6599409582785d646a34d8~tplv-tiktokx-cropcenter:100:100.jpg?dr=9640&refresh_token=054f7fda&x-expires=1746172800&x-signature=HWCSRFBv4QrYoUI2KUCGBz3g5Ag%3D&t=4d5b0474&ps=13740610&shp=30310797&shcp=ff37627b&idc=useast5,7.47345E+18,1740048101,2025-02-20T10:41:41.000Z,0,https://vt.tiktok.com/ZSh8FQbqo/,FALSE,,7.4734E+18,,https://vt.tiktok.com/ZSh8FQbqo/,"Siapa dibelakang nya, kalo orang sipil biasa ya lembuuuut",7.29389E+18,kopitawar92,https://www.tiktok.com/@hai_online/video/7473394493971074311
https://p16-common-sign-sg.tiktokcdn-us.com/tos-alisg-avt-0068/b4e3a2dffee26e4276b1c2c76bbed53e~tplv-tiktokx-cropcenter:100:100.jpg?dr=9640&refresh_token=40722e7c&x-expires=1746172800&x-signature=lE9WmEGg72CNSDPPAa%2FSUpY0%2Bok%3D&t=4d5b0474&ps=13740610&shp=30310797&shcp=ff37627b&idc=useast5,7.47344E+18,1740044875,2025-02-20T09:47:55.000Z,0,https://vt.tiktok.com/ZSh8FQbqo/,FALSE,,7.4734E+18,,https://vt.tiktok.com/ZSh8FQbqo/,iwan fals kan langsung masuk penjara,6.89135E+18,marissasaraswati,https://www.tiktok.com/@hai_online/video/7473394493971074311
https://p16-common-sign-va.tiktokcdn-us.com/tos-maliva-avt-0068/78d2d14fbc9c4f15af7086190b72a930~tplv-tiktokx-cropcenter:100:100.jpg?dr=9640&refresh_token=9ba15d71&x-expires=1746172800&x-signature=R%2B4Ru3CBoY1I2fueOxiNb7bCOzo%3D&t=4d5b0474&ps=13740610&shp=30310797&shcp=ff37627b&idc=useast5,7.4734E+18,1740035849,2025-02-20T07:17:29.000Z,15,https://vt.tiktok.com/ZSh8FQbqo/,FALSE,FALSE,,0,https://vt.tiktok.com/ZSh8FQbqo/,Kalian gak salah,6.9247E+18,6addayss,https://www.tiktok.com/@hai_online/video/7473394493971074311
https://p16-common-sign-sg.tiktokcdn-us.com/tos-alisg-avt-0068/9673ad99d6c3647aff474366715f6cbe~tplv-tiktokx-cropcenter:100:100.jpg?dr=9640&refresh_token=be8614c8&x-expires=1746172800&x-signature=k6UzS%2B4yqdn5VxD2nNW%2FCTHSgVc%3D&t=4d5b0474&ps=13740610&shp=30310797&shcp=ff37627b&idc=useast5,7.4734E+18,1740035796,2025-02-20T07:16:36.000Z,18,https://vt.tiktok.com/ZSh8FQbqo/,FALSE,FALSE,,0,https://vt.tiktok.com/ZSh8FQbqo/,kami bersama sukatani,7.0407E+18,penyumaduraa,https://www.tiktok.com/@hai_online/video/7473394493971074311
https://p19-common-sign-va.tiktokcdn-us.com/tos-maliva-avt-0068/abe2a36264452d60c96711f448e9b1a0~tplv-tiktokx-cropcenter:100:100.jpg?dr=9640&refresh_token=6cd55355&x-expires=1746172800&x-signature=UfZ4ckcfzGbsBWM0c%2Fq9R91FpcM%3D&t=4d5b0474&ps=13740610&shp=30310797&shcp=ff37627b&idc=useast5,7.47372E+18,1740110929,2025-02-21T04:08:49.000Z,12,https://vt.tiktok.com/ZSh8FQbqo/,FALSE,FALSE,,0,https://vt.tiktok.com/ZSh8FQbqo/,ok..mari kita gaungkan lagunya..ladusing harus paham bahwa lagu bayar bayar bayar emang kenyataan,6.79204E+18,kukuk4ki,https://www.tiktok.com/@hai_online/video/7473394493971074311
https://p16-common-sign-va.tiktokcdn-us.com/tos-maliva-avt-0068/8a36bfdd8a95e93a4262a0f01f1b2132~tplv-tiktokx-cropcenter:100:100.jpg?dr=9640&refresh_token=ccdffbc5&x-expires=1746172800&x-signature=ZGcZ4x78H2qBGUnbP%2BSUS%2FHJTNA%3D&t=4d5b0474&ps=13740610&shp=30310797&shcp=ff37627b&idc=useast5,7.47345E+18,1740048395,2025-02-20T10:46:35.000Z,17,https://vt.tiktok.com/ZSh8FQbqo/,FALSE,FALSE,,3,https://vt.tiktok.com/ZSh8FQbqo/,salahnya dimana ya koq minta maaf ??? apakah menurut rakyat itu salah ???,6.92469E+18,massatewongndeso,https://www.tiktok.com/@hai_online/video/7473394493971074311
https://p16-common-sign-sg.tiktokcdn-us.com/tos-alisg-avt-0068/e3ee027efd751b509d6f93b76b6c8210~tplv-tiktokx-cropcenter:100:100.jpg?dr=9640&refresh_token=8e854b9f&x-expires=1746172800&x-signature=NFNgcIIOC3hWWW08cWfBRT3x294%3D&t=4d5b0474&ps=13740610&shp=30310797&shcp=ff37627b&idc=useast5,7.47346E+18,1740050083,2025-02-20T11:14:43.000Z,6,https://vt.tiktok.com/ZSh8FQbqo/,FALSE,FALSE,,0,https://vt.tiktok.com/ZSh8FQbqo/,sukatani mewakili rakyat,6.90852E+18,tebokjalat_,https://www.tiktok.com/@hai_online/video/7473394493971074311
https://p16-common-sign-sg.tiktokcdn-us.com/tos-alisg-avt-0068/f161e3c3f93571871e35e9599d572ecb~tplv-tiktokx-cropcenter:100:100.jpg?dr=9640&refresh_token=dbd5afc9&x-expires=1746172800&x-signature=4e7ba2yby4pm3godAdQpf3FoR8Y%3D&t=4d5b0474&ps=13740610&shp=30310797&shcp=ff37627b&idc=useast5,7.47348E+18,1740054810,2025-02-20T12:33:30.000Z,95,https://vt.tiktok.com/ZSh8FQbqo/,FALSE,FALSE,,1,https://vt.tiktok.com/ZSh8FQbqo/,ayo viralkan lagu bayar bayar 💪💪,6.89214E+18,martosudarmo,https://www.tiktok.com/@hai_online/video/7473394493971074311
https://p16-common-sign-useast2a.tiktokcdn-us.com/tos-useast2a-avt-0068-giso/b903a78d0db341d6ddf5f2d2ef01d719~tplv-tiktokx-cropcenter:100:100.jpg?dr=9640&refresh_token=c8d67cbc&x-expires=1746172800&x-signature=7C98A5zYoyp3UvBBHiCGgy8Ys7o%3D&t=4d5b0474&ps=13740610&shp=30310797&shcp=ff37627b&idc=useast5,7.47348E+18,1740055481,2025-02-20T12:44:41.000Z,11,https://vt.tiktok.com/ZSh8FQbqo/,FALSE,FALSE,,3,https://vt.tiktok.com/ZSh8FQbqo/,yaaahhh pdhl lagunya udh beneerrrrr,6.84367E+18,ummubaihaqi,https://www.tiktok.com/@hai_online/video/7473394493971074311
https://p16-common-sign-va.tiktokcdn-us.com/tos-maliva-avt-0068/735850f1d86ce4923f35464b3e0639e7~tplv-tiktokx-cropcenter:100:100.jpg?dr=9640&refresh_token=c4a80b0f&x-expires=1746172800&x-signature=tA4MenecNF4L3QGrYfUxBz8EOh8%3D&t=4d5b0474&ps=13740610&shp=30310797&shcp=ff37627b&idc=useast5,7.4735E+18,1740060109,2025-02-20T14:01:49.000Z,8,https://vt.tiktok.com/ZSh8FQbqo/,FALSE,FALSE,,2,https://vt.tiktok.com/ZSh8FQbqo/,ini soal fakta kan? kok malah klarifikasi? 😂,7.10913E+18,idrjanuar,https://www.tiktok.com/@hai_online/video/7473394493971074311
https://p16-common-sign-sg.tiktokcdn-us.com/tos-alisg-avt-0068/85b4a796a2fbb7edb96dc3f0b42d05c3~tplv-tiktokx-cropcenter:100:100.jpg?dr=9640&refresh_token=c0cf4379&x-expires=1746172800&x-signature=j1TRm%2BOnRStPCMtk5Z5OjqWpFLQ%3D&t=4d5b0474&ps=13740610&shp=30310797&shcp=ff37627b&idc=useast5,7.47428E+18,1740241237,2025-02-22T16:20:37.000Z,6,https://vt.tiktok.com/ZSh8FQbqo/,FALSE,FALSE,,2,https://vt.tiktok.com/ZSh8FQbqo/,polisi takut lagu,6.96396E+18,dikleopards333,https://www.tiktok.com/@hai_online/video/7473394493971074311
https://p16-common-sign-sg.tiktokcdn-us.com/tos-alisg-avt-0068/02c9e5de6d92dbdb75be7295a96dfd33~tplv-tiktokx-cropcenter:100:100.jpg?dr=9640&refresh_token=6f1ff477&x-expires=1746172800&x-signature=Z%2FWmENc2iCWCM%2BPlIemFeRow55Q%3D&t=4d5b0474&ps=13740610&shp=30310797&shcp=ff37627b&idc=useast5,7.47423E+18,1740229374,2025-02-22T13:02:54.000Z,13,https://vt.tiktok.com/ZSh8FQbqo/,FALSE,FALSE,,0,https://vt.tiktok.com/ZSh8FQbqo/,"coba kalo pas bikin lagunya BAYAR POLISI.
kayanya lancar jaya,,",7.20205E+18,ryugalery219,https://www.tiktok.com/@hai_online/video/7473394493971074311
https://p19-common-sign-sg.tiktokcdn-us.com/tos-alisg-avt-0068/085a4e3d9a37855fb1c4b7fb8efd2ba5~tplv-tiktokx-cropcenter:100:100.jpg?dr=9640&refresh_token=3464157e&x-expires=1746172800&x-signature=BthBZ4PfLvSVr64EFQ80ioBQ7X0%3D&t=4d5b0474&ps=13740610&shp=30310797&shcp=ff37627b&idc=useast5,7.47343E+18,1740044384,2025-02-20T09:39:44.000Z,7,https://vt.tiktok.com/ZSh8FQbqo/,FALSE,FALSE,,0,https://vt.tiktok.com/ZSh8FQbqo/,Nyanyian pengusir HAMA. Forever Sukatani!,7.43906E+18,ordinary2213,https://www.tiktok.com/@hai_online/video/7473394493971074311
https://p16-common-sign-sg.tiktokcdn-us.com/tos-alisg-avt-0068/a9d3f11b94335908f1574b5e37687779~tplv-tiktokx-cropcenter:100:100.jpg?dr=9640&refresh_token=8bebeb45&x-expires=1746172800&x-signature=G2nilQlkCHaIzI1zy5agJEEdIUk%3D&t=4d5b0474&ps=13740610&shp=30310797&shcp=ff37627b&idc=useast5,7.4734E+18,1740035908,2025-02-20T07:18:28.000Z,9,https://vt.tiktok.com/ZSh8FQbqo/,FALSE,FALSE,,0,https://vt.tiktok.com/ZSh8FQbqo/,pasti belakang kameranya ada yg pake seragam Pramuka buat suruh klarifikasi,6.91582E+18,mriziqs26,https://www.tiktok.com/@hai_online/video/7473394493971074311
https://p16-common-sign-sg.tiktokcdn-us.com/tos-alisg-avt-0068/cfb8cd1a24f395f0014f209e5c2fa139~tplv-tiktokx-cropcenter:100:100.jpg?dr=9640&refresh_token=863d51b4&x-expires=1746172800&x-signature=PplYP6ow0DvebULnBdFC%2FzB7M60%3D&t=4d5b0474&ps=13740610&shp=30310797&shcp=ff37627b&idc=useast5,7.47379E+18,1740127851,2025-02-21T08:50:51.000Z,20,https://vt.tiktok.com/ZSh8FQbqo/,FALSE,FALSE,,0,https://vt.tiktok.com/ZSh8FQbqo/,kami dukung band SUKATANI,6.64849E+18,bangbolang13225,https://www.tiktok.com/@hai_online/video/7473394493971074311
https://p19-common-sign-va.tiktokcdn-us.com/tos-maliva-avt-0068/44139a644f28e1f51958c78acbc4c661~tplv-tiktokx-cropcenter:100:100.jpg?dr=9640&refresh_token=858da9a4&x-expires=1746172800&x-signature=r5bLok7xe5l3OoDlrj%2FX1LuNRJk%3D&t=4d5b0474&ps=13740610&shp=30310797&shcp=ff37627b&idc=useast5,7.47424E+18,1740233181,2025-02-22T14:06:21.000Z,7,https://vt.tiktok.com/ZSh8FQbqo/,FALSE,FALSE,,5,https://vt.tiktok.com/ZSh8FQbqo/,"kan fakta , kenapa harus minta maaf kak",7.0505E+18,wildan_rajin_menabung,https://www.tiktok.com/@hai_online/video/7473394493971074311
https://p16-common-sign-va.tiktokcdn-us.com/tos-maliva-avt-0068/979fca5de8ce183c7d3efd1df00db688~tplv-tiktokx-cropcenter:100:100.jpg?dr=9640&refresh_token=76c10909&x-expires=1746172800&x-signature=83yX7B7Tr0gFxDgVyn0mfjUs%2FK4%3D&t=4d5b0474&ps=13740610&shp=30310797&shcp=ff37627b&idc=useast5,7.47346E+18,1740049390,2025-02-20T11:03:10.000Z,6,https://vt.tiktok.com/ZSh8FQbqo/,FALSE,FALSE,,1,https://vt.tiktok.com/ZSh8FQbqo/,Apakah klarifikasi ke polisi bayar juga? 🤔🤔🤔,6.96315E+18,ciki_koyo,https://www.tiktok.com/@hai_online/video/7473394493971074311
https://p16-common-sign-sg.tiktokcdn-us.com/tos-alisg-avt-0068/8310d29958300b78d597ab01a049679b~tplv-tiktokx-cropcenter:100:100.jpg?dr=9640&refresh_token=ed517417&x-expires=1746172800&x-signature=UVQRqehjke%2FFtD0MddHVDk3gKIs%3D&t=4d5b0474&ps=13740610&shp=30310797&shcp=ff37627b&idc=useast5,7.47344E+18,1740046236,2025-02-20T10:10:36.000Z,11,https://vt.tiktok.com/ZSh8FQbqo/,FALSE,FALSE,,4,https://vt.tiktok.com/ZSh8FQbqo/,lah lah lah lahhh???????,6.66579E+18,deniindraaa_,https://www.tiktok.com/@hai_online/video/7473394493971074311
https://p16-common-sign-va.tiktokcdn-us.com/tos-maliva-avt-0068/7359842232910675973~tplv-tiktokx-cropcenter:100:100.jpg?dr=9640&refresh_token=73f7ad8c&x-expires=1746172800&x-signature=0SEuiFVmZ8mv9yATaFgX8wumqwM%3D&t=4d5b0474&ps=13740610&shp=30310797&shcp=ff37627b&idc=useast5,7.47341E+18,1740039762,2025-02-20T08:22:42.000Z,12,https://vt.tiktok.com/ZSh8FQbqo/,FALSE,FALSE,,3,https://vt.tiktok.com/ZSh8FQbqo/,ah elah ngapain juga kinta maaf sih,7.06084E+18,ramlyrajinibadah,https://www.tiktok.com/@hai_online/video/7473394493971074311
https://p16-common-sign-va.tiktokcdn-us.com/tos-maliva-avt-0068/fc252ce3ab6243f845d43997f5b5bda0~tplv-tiktokx-cropcenter:100:100.jpg?dr=9640&refresh_token=1f955f8d&x-expires=1746172800&x-signature=4yr%2Fbj3PfwEOtYSEwvNhFRUbpNo%3D&t=4d5b0474&ps=13740610&shp=30310797&shcp=ff37627b&idc=useast5,7.47341E+18,1740039191,2025-02-20T08:13:11.000Z,12,https://vt.tiktok.com/ZSh8FQbqo/,FALSE,FALSE,,0,https://vt.tiktok.com/ZSh8FQbqo/,akhirnya bisa liat muka sukatani,7.41227E+18,ardianto4917,https://www.tiktok.com/@hai_online/video/7473394493971074311
https://p16-common-sign-sg.tiktokcdn-us.com/tos-alisg-avt-0068/f06c2af9d513187d480a0f8acd9ea0bd~tplv-tiktokx-cropcenter:100:100.jpg?dr=9640&refresh_token=47723a23&x-expires=1746172800&x-signature=1FmOBRFIXuWWFJ1dCTfpQrf5hO4%3D&t=4d5b0474&ps=13740610&shp=30310797&shcp=ff37627b&idc=useast5,7.47346E+18,1740050077,2025-02-20T11:14:37.000Z,7,https://vt.tiktok.com/ZSh8FQbqo/,FALSE,FALSE,,4,https://vt.tiktok.com/ZSh8FQbqo/,kan emang bayar didunia ini g ada yang gratis😹,6.95866E+18,iqbalj_2,https://www.tiktok.com/@hai_online/video/7473394493971074311
https://p16-common-sign-va.tiktokcdn-us.com/tos-maliva-avt-0068/3c62a559af878b3daef71ddd8c966cd9~tplv-tiktokx-cropcenter:100:100.jpg?dr=9640&refresh_token=03d2496a&x-expires=1746172800&x-signature=opc%2BlA%2B1y6KDIEOHFucY3cqggKA%3D&t=4d5b0474&ps=13740610&shp=30310797&shcp=ff37627b&idc=useast5,7.47345E+18,1740049017,2025-02-20T10:56:57.000Z,21,https://vt.tiktok.com/ZSh8FQbqo/,FALSE,FALSE,,1,https://vt.tiktok.com/ZSh8FQbqo/,enak padahal lagune bayar bayar bayar,7.29177E+18,haris.rizqi,https://www.tiktok.com/@hai_online/video/7473394493971074311
https://p16-common-sign-va.tiktokcdn-us.com/tos-maliva-avt-0068/6768c205eee2acce20996bc974172aee~tplv-tiktokx-cropcenter:100:100.jpg?dr=9640&refresh_token=0a7cd136&x-expires=1746172800&x-signature=Rk6UA6mrBwG3F5P3dDBaTATGQv4%3D&t=4d5b0474&ps=13740610&shp=30310797&shcp=ff37627b&idc=useast5,7.47343E+18,1740042873,2025-02-20T09:14:33.000Z,31,https://vt.tiktok.com/ZSh8FQbqo/,FALSE,FALSE,,1,https://vt.tiktok.com/ZSh8FQbqo/,baru tau mukanya sukatani,7.34102E+18,ress.kausar,https://www.tiktok.com/@hai_online/video/7473394493971074311
https://p16-common-sign-sg.tiktokcdn-us.com/tos-alisg-avt-0068/3c8990938c4defe85aa8fe566e9027b5~tplv-tiktokx-cropcenter:100:100.jpg?dr=9640&refresh_token=5272d57e&x-expires=1746172800&x-signature=2YBbz1KnfIyy256SGqYcf9Z%2FeoU%3D&t=4d5b0474&ps=13740610&shp=30310797&shcp=ff37627b&idc=useast5,7.47343E+18,1740043289,2025-02-20T09:21:29.000Z,7,https://vt.tiktok.com/ZSh8FQbqo/,FALSE,FALSE,,0,https://vt.tiktok.com/ZSh8FQbqo/,KAMI BERSAMA SUKATANI 🤘,6.75039E+18,magnumwild_19,https://www.tiktok.com/@hai_online/video/7473394493971074311
https://p19-common-sign-va.tiktokcdn-us.com/tos-maliva-avt-0068/bc80203a01ed82cdee70b8f5b4345b62~tplv-tiktokx-cropcenter:100:100.jpg?dr=9640&refresh_token=ab9c13e7&x-expires=1746172800&x-signature=gORdQoMmkWjy6yCLFt9RV81h2JY%3D&t=4d5b0474&ps=13740610&shp=30310797&shcp=ff37627b&idc=useast5,7.47345E+18,1740047093,2025-02-20T10:24:53.000Z,5,https://vt.tiktok.com/ZSh8FQbqo/,FALSE,FALSE,,0,https://vt.tiktok.com/ZSh8FQbqo/,Sukatani keren padahal band bagus lagunya keren,6.5904E+18,denmassopran,https://www.tiktok.com/@hai_online/video/7473394493971074311
https://p16-common-sign-sg.tiktokcdn-us.com/tos-alisg-avt-0068/2adf05fa4c1bdc895af3dac41e23c735~tplv-tiktokx-cropcenter:100:100.jpg?dr=9640&refresh_token=9b9a7e63&x-expires=1746172800&x-signature=lP0QzwGPA%2Bs%2BBLm9pEhSFaKrvrg%3D&t=4d5b0474&ps=13740610&shp=30310797&shcp=ff37627b&idc=useast5,7.4734E+18,1740035850,2025-02-20T07:17:30.000Z,7,https://vt.tiktok.com/ZSh8FQbqo/,FALSE,FALSE,,0,https://vt.tiktok.com/ZSh8FQbqo/,kocak polri,7.04883E+18,hannfruciante,https://www.tiktok.com/@hai_online/video/7473394493971074311
https://p16-common-sign-va.tiktokcdn-us.com/tos-maliva-avt-0068/c6439bc035caaf80d562e5a30b6d3238~tplv-tiktokx-cropcenter:100:100.jpg?dr=9640&refresh_token=6f43ecb1&x-expires=1746172800&x-signature=%2FxqPHTmXJaFnhXYonlK2%2F33DP3k%3D&t=4d5b0474&ps=13740610&shp=30310797&shcp=ff37627b&idc=useast5,7.47369E+18,1740104750,2025-02-21T02:25:50.000Z,52,https://vt.tiktok.com/ZSh8FQbqo/,FALSE,FALSE,,0,https://vt.tiktok.com/ZSh8FQbqo/,"Lagu Bayar Bayar Bayar, lanjutkaaan",6.97359E+18,nissa2710said,https://www.tiktok.com/@hai_online/video/7473394493971074311
https://p16-common-sign-useast2a.tiktokcdn-us.com/tos-useast2a-avt-0068-giso/825379f80a0260998385ac5e258ac763~tplv-tiktokx-cropcenter:100:100.jpg?dr=9640&refresh_token=dae772d5&x-expires=1746172800&x-signature=Pv8uwJho0NCDNuql2QJ%2FJO0q0%2FM%3D&t=4d5b0474&ps=13740610&shp=30310797&shcp=ff37627b&idc=useast5,7.47348E+18,1740054481,2025-02-20T12:28:01.000Z,33,https://vt.tiktok.com/ZSh8FQbqo/,FALSE,FALSE,,0,https://vt.tiktok.com/ZSh8FQbqo/,"aku suka Lagunya bayar bayar bayar,",7.12157E+18,annisnanang,https://www.tiktok.com/@hai_online/video/7473394493971074311
https://p16-common-sign-va.tiktokcdn-us.com/tos-maliva-avt-0068/b5b50dad64df0954a10828d35daa493a~tplv-tiktokx-cropcenter:100:100.jpg?dr=9640&refresh_token=db39e9d5&x-expires=1746172800&x-signature=8iqwvHSsmnYx%2BrgKzIc5c5D0QYw%3D&t=4d5b0474&ps=13740610&shp=30310797&shcp=ff37627b&idc=useast5,7.47573E+18,1740579107,2025-02-26T14:11:47.000Z,0,https://vt.tiktok.com/ZSh8FQbqo/,FALSE,,7.47345E+18,,https://vt.tiktok.com/ZSh8FQbqo/,menurut polisi yang salah🤣🤣,7.02288E+18,putramancing79,https://www.tiktok.com/@hai_online/video/7473394493971074311
https://p16-common-sign-useast2a.tiktokcdn-us.com/tos-useast2a-avt-0068-giso/96389f3c5844ad5c2e38b78305427881~tplv-tiktokx-cropcenter:100:100.jpg?dr=9640&refresh_token=3f97eb19&x-expires=1746172800&x-signature=hhYz%2BNGB%2FBD6p%2BhnnmZqWfUa2d8%3D&t=4d5b0474&ps=13740610&shp=30310797&shcp=ff37627b&idc=useast5,7.47423E+18,1740230917,2025-02-22T13:28:37.000Z,0,https://vt.tiktok.com/ZSh8FQbqo/,FALSE,,7.47345E+18,,https://vt.tiktok.com/ZSh8FQbqo/,"jelas salah lah, salahnya mereka bikin lagu gk bayar polisi🤣",6.99234E+18,oby_bond,https://www.tiktok.com/@hai_online/video/7473394493971074311
https://p16-common-sign-va.tiktokcdn-us.com/tos-maliva-avt-0068/8b87f7577c1a564293a27d0a5a725717~tplv-tiktokx-cropcenter:100:100.jpg?dr=9640&refresh_token=5de6e6be&x-expires=1746172800&x-signature=SdG9rYN6Ww5kphrZr8oTMG6LZ1A%3D&t=4d5b0474&ps=13740610&shp=30310797&shcp=ff37627b&idc=useast5,7.47345E+18,1740048454,2025-02-20T10:47:34.000Z,0,https://vt.tiktok.com/ZSh8FQbqo/,FALSE,,7.47345E+18,,https://vt.tiktok.com/ZSh8FQbqo/,"ya nggak salah lah, yang salah mah BAYAR POLISI 🔥🔥🔥🔥",7.19943E+18,gilaan28,https://www.tiktok.com/@hai_online/video/7473394493971074311
https://p16-common-sign-useast2a.tiktokcdn-us.com/tos-useast2a-avt-0068-giso/1e7dceaba321d456996a6e8503a87100~tplv-tiktokx-cropcenter:100:100.jpg?dr=9640&refresh_token=d08a636e&x-expires=1746172800&x-signature=7wwy8V2FVPw%2BsadjY6nt%2BXdGBH8%3D&t=4d5b0474&ps=13740610&shp=30310797&shcp=ff37627b&idc=useast5,7.47365E+18,1740094574,2025-02-20T23:36:14.000Z,0,https://vt.tiktok.com/ZSh8FQbqo/,FALSE,,7.47348E+18,,https://vt.tiktok.com/ZSh8FQbqo/,s7,6.92521E+18,ezzaldanshop,https://www.tiktok.com/@hai_online/video/7473394493971074311
https://p16-common-sign-va.tiktokcdn-us.com/tos-maliva-avt-0068/76c30ea6cf5168b6c51aa9ac77b31e6a~tplv-tiktokx-cropcenter:100:100.jpg?dr=9640&refresh_token=a48bb4e2&x-expires=1746172800&x-signature=TirXZzRcWBcRlI5urDxB%2FUJak3k%3D&t=4d5b0474&ps=13740610&shp=30310797&shcp=ff37627b&idc=useast5,7.47348E+18,1740055891,2025-02-20T12:51:31.000Z,0,https://vt.tiktok.com/ZSh8FQbqo/,FALSE,,7.47348E+18,,https://vt.tiktok.com/ZSh8FQbqo/,yakin bang nggk usah klarifikasi abang udah benar,6.89221E+18,ajipras56,https://www.tiktok.com/@hai_online/video/7473394493971074311
https://p16-common-sign-sg.tiktokcdn-us.com/tos-alisg-avt-0068/a90bb8ad055666fe3f2a5cc45b9f8fe3~tplv-tiktokx-cropcenter:100:100.jpg?dr=9640&refresh_token=cbf790fa&x-expires=1746172800&x-signature=aGXhrkup5Bu%2F%2B7wi06DY%2FBESJ20%3D&t=4d5b0474&ps=13740610&shp=30310797&shcp=ff37627b&idc=useast5,7.47348E+18,1740055618,2025-02-20T12:46:58.000Z,0,https://vt.tiktok.com/ZSh8FQbqo/,FALSE,,7.47348E+18,,https://vt.tiktok.com/ZSh8FQbqo/,polisinya gak terima🗿,7.07263E+18,didinantoni,https://www.tiktok.com/@hai_online/video/7473394493971074311
https://p16-common-sign-sg.tiktokcdn-us.com/tos-alisg-avt-0068/f7f0255906d1d249c8be82e4ccf02b22~tplv-tiktokx-cropcenter:100:100.jpg?dr=9640&refresh_token=dab1424b&x-expires=1746172800&x-signature=aTIuZjvvhfK5olLSLzOmkE0w5Jc%3D&t=4d5b0474&ps=13740610&shp=30310797&shcp=ff37627b&idc=useast5,7.47349E+18,1740058590,2025-02-20T13:36:30.000Z,0,https://vt.tiktok.com/ZSh8FQbqo/,FALSE,,7.47348E+18,,https://vt.tiktok.com/ZSh8FQbqo/,oknumya yg ga bener wkwkw,6.90407E+18,dapaaiueo,https://www.tiktok.com/@hai_online/video/7473394493971074311
https://p16-common-sign-va.tiktokcdn-us.com/tos-maliva-avt-0068/735850f1d86ce4923f35464b3e0639e7~tplv-tiktokx-cropcenter:100:100.jpg?dr=9640&refresh_token=c4a80b0f&x-expires=1746172800&x-signature=tA4MenecNF4L3QGrYfUxBz8EOh8%3D&t=4d5b0474&ps=13740610&shp=30310797&shcp=ff37627b&idc=useast5,7.4735E+18,1740060638,2025-02-20T14:10:38.000Z,0,https://vt.tiktok.com/ZSh8FQbqo/,FALSE,,7.4735E+18,,https://vt.tiktok.com/ZSh8FQbqo/,"mereka memberikan tanda kutip, bahwa lagu ini di ciptakan untuk oknum.",7.10913E+18,idrjanuar,https://www.tiktok.com/@hai_online/video/7473394493971074311
https://p16-common-sign-sg.tiktokcdn-us.com/tos-alisg-avt-0068/4e8c0b7751afc3f071eeeadcf5f1947d~tplv-tiktokx-cropcenter:100:100.jpg?dr=9640&refresh_token=b440b410&x-expires=1746172800&x-signature=oSLNYume4a5q5YR1XkLOkfbYqj4%3D&t=4d5b0474&ps=13740610&shp=30310797&shcp=ff37627b&idc=useast5,7.47351E+18,1740062807,2025-02-20T14:46:47.000Z,0,https://vt.tiktok.com/ZSh8FQbqo/,FALSE,,7.4735E+18,,https://vt.tiktok.com/ZSh8FQbqo/,oknumnya mayoritas 😅😅,7.1617E+18,yadhee79,https://www.tiktok.com/@hai_online/video/7473394493971074311
https://p16-common-sign-sg.tiktokcdn-us.com/tos-alisg-avt-0068/8d021a6234eb3b815adc4919a059f35d~tplv-tiktokx-cropcenter:100:100.jpg?dr=9640&refresh_token=85cf2e75&x-expires=1746172800&x-signature=VpLjcC6hxgw14k8K7mtvlYjdmzo%3D&t=4d5b0474&ps=13740610&shp=30310797&shcp=ff37627b&idc=useast5,7.47433E+18,1740254054,2025-02-22T19:54:14.000Z,1,https://vt.tiktok.com/ZSh8FQbqo/,FALSE,,7.47428E+18,,https://vt.tiktok.com/ZSh8FQbqo/,"seperti kata Deidara, seni adalah ledakan 😏",6.9387E+18,antigadunpeternak,https://www.tiktok.com/@hai_online/video/7473394493971074311
https://p16-common-sign-sg.tiktokcdn-us.com/tos-alisg-avt-0068/85b4a796a2fbb7edb96dc3f0b42d05c3~tplv-tiktokx-cropcenter:100:100.jpg?dr=9640&refresh_token=c0cf4379&x-expires=1746172800&x-signature=j1TRm%2BOnRStPCMtk5Z5OjqWpFLQ%3D&t=4d5b0474&ps=13740610&shp=30310797&shcp=ff37627b&idc=useast5,7.47463E+18,1740322359,2025-02-23T14:52:39.000Z,1,https://vt.tiktok.com/ZSh8FQbqo/,FALSE,,7.47428E+18,,https://vt.tiktok.com/ZSh8FQbqo/,😂😂,6.96396E+18,dikleopards333,https://www.tiktok.com/@hai_online/video/7473394493971074311
https://p16-common-sign-useast2a.tiktokcdn-us.com/tos-useast2a-avt-0068-giso/7215773512978399258~tplv-tiktokx-cropcenter:100:100.jpg?dr=9640&refresh_token=0d0c2893&x-expires=1746172800&x-signature=N%2BVJxDFsZANzciD3WnoHzg1g26U%3D&t=4d5b0474&ps=13740610&shp=30310797&shcp=ff37627b&idc=useast5,7.47425E+18,1740233451,2025-02-22T14:10:51.000Z,1,https://vt.tiktok.com/ZSh8FQbqo/,FALSE,,7.47424E+18,,https://vt.tiktok.com/ZSh8FQbqo/,iya bener,7.02919E+18,hannanwidyonoputr,https://www.tiktok.com/@hai_online/video/7473394493971074311
https://p16-common-sign-va.tiktokcdn-us.com/tos-maliva-avt-0068/44139a644f28e1f51958c78acbc4c661~tplv-tiktokx-cropcenter:100:100.jpg?dr=9640&refresh_token=ab53c36a&x-expires=1746172800&x-signature=h91%2F%2FpLprcrGqF1VFtY3Zokvd4s%3D&t=4d5b0474&ps=13740610&shp=30310797&shcp=ff37627b&idc=useast5,7.47425E+18,1740234389,2025-02-22T14:26:29.000Z,2,https://vt.tiktok.com/ZSh8FQbqo/,FALSE,,7.47424E+18,,https://vt.tiktok.com/ZSh8FQbqo/,yakan bang,7.0505E+18,wildan_rajin_menabung,https://www.tiktok.com/@hai_online/video/7473394493971074311
https://p16-common-sign-useast2a.tiktokcdn-us.com/tos-useast2a-avt-0068-giso/7215773512978399258~tplv-tiktokx-cropcenter:100:100.jpg?dr=9640&refresh_token=0d0c2893&x-expires=1746172800&x-signature=N%2BVJxDFsZANzciD3WnoHzg1g26U%3D&t=4d5b0474&ps=13740610&shp=30310797&shcp=ff37627b&idc=useast5,7.47426E+18,1740237436,2025-02-22T15:17:16.000Z,1,https://vt.tiktok.com/ZSh8FQbqo/,FALSE,,7.47424E+18,,https://vt.tiktok.com/ZSh8FQbqo/,iya ni saya orang semarang kejadian bulan Desember 2024 polisi tembak siswa SMK diduga tawuran sampai tewas ternyata siswanya tidak tawuran saya tega liat polisi nakal,7.02919E+18,hannanwidyonoputr,https://www.tiktok.com/@hai_online/video/7473394493971074311
https://p16-common-sign-va.tiktokcdn-us.com/tos-maliva-avt-0068/15ed92343a26bf91b665c8bf38278467~tplv-tiktokx-cropcenter:100:100.jpg?dr=9640&refresh_token=a12ff522&x-expires=1746172800&x-signature=ubTLhvglmR%2Bgd8D801AF2h3INMo%3D&t=4d5b0474&ps=13740610&shp=30310797&shcp=ff37627b&idc=useast5,7.47428E+18,1740241821,2025-02-22T16:30:21.000Z,0,https://vt.tiktok.com/ZSh8FQbqo/,FALSE,,7.47424E+18,,https://vt.tiktok.com/ZSh8FQbqo/,seharus ny yg klarifikasi polisi ya,6.90722E+18,begitu1910,https://www.tiktok.com/@hai_online/video/7473394493971074311
https://p16-common-sign-va.tiktokcdn-us.com/tos-maliva-avt-0068/44139a644f28e1f51958c78acbc4c661~tplv-tiktokx-cropcenter:100:100.jpg?dr=9640&refresh_token=ab53c36a&x-expires=1746172800&x-signature=h91%2F%2FpLprcrGqF1VFtY3Zokvd4s%3D&t=4d5b0474&ps=13740610&shp=30310797&shcp=ff37627b&idc=useast5,7.4743E+18,1740246398,2025-02-22T17:46:38.000Z,0,https://vt.tiktok.com/ZSh8FQbqo/,FALSE,,7.47424E+18,,https://vt.tiktok.com/ZSh8FQbqo/,betull,7.0505E+18,wildan_rajin_menabung,https://www.tiktok.com/@hai_online/video/7473394493971074311
https://p16-common-sign-useast2a.tiktokcdn-us.com/tos-useast2a-avt-0068-giso/3f77529f1391457c69703e87a2f8ac83~tplv-tiktokx-cropcenter:100:100.jpg?dr=9640&refresh_token=a3f41a79&x-expires=1746172800&x-signature=ep8qla3tvHuXea0hZ%2Fbrl1zzP%2F8%3D&t=4d5b0474&ps=13740610&shp=30310797&shcp=ff37627b&idc=useast5,7.47341E+18,1740040164,2025-02-20T08:29:24.000Z,1,https://vt.tiktok.com/ZSh8FQbqo/,FALSE,,7.47341E+18,,https://vt.tiktok.com/ZSh8FQbqo/,"dipaksa itu, baca teks.",6.97575E+18,pauzorca,https://www.tiktok.com/@hai_online/video/7473394493971074311
https://p16-common-sign-useast2a.tiktokcdn-us.com/tos-useast2a-avt-0068-euttp/67720d6657032bf1bcaaddc59b52c00c~tplv-tiktokx-cropcenter:100:100.jpg?dr=9640&refresh_token=b866aaa7&x-expires=1746172800&x-signature=A8%2F2fdussNCCv6jOHx8OuWBKQLM%3D&t=4d5b0474&ps=13740610&shp=30310797&shcp=ff37627b&idc=useast5,7.47342E+18,1740040565,2025-02-20T08:36:05.000Z,0,https://vt.tiktok.com/ZSh8FQbqo/,FALSE,,7.47341E+18,,https://vt.tiktok.com/ZSh8FQbqo/,disuruh bang sama .....,6.78334E+18,timurtenggara21,https://www.tiktok.com/@hai_online/video/7473394493971074311
https://p16-common-sign-va.tiktokcdn-us.com/tos-maliva-avt-0068/b58d6e539f278ce5fecbb888bed8ca98~tplv-tiktokx-cropcenter:100:100.jpg?dr=9640&refresh_token=b726b18b&x-expires=1746172800&x-signature=VBjXA9xvbmyyUSqUmj%2FAwxWwv8o%3D&t=4d5b0474&ps=13740610&shp=30310797&shcp=ff37627b&idc=useast5,7.47342E+18,1740040727,2025-02-20T08:38:47.000Z,0,https://vt.tiktok.com/ZSh8FQbqo/,FALSE,,7.47341E+18,,https://vt.tiktok.com/ZSh8FQbqo/,diancem pasti itu bang😂,7.13675E+18,paksuubai,https://www.tiktok.com/@hai_online/video/7473394493971074311
https://p19-common-sign-va.tiktokcdn-us.com/tos-maliva-avt-0068/979fca5de8ce183c7d3efd1df00db688~tplv-tiktokx-cropcenter:100:100.jpg?dr=9640&refresh_token=79480d30&x-expires=1746172800&x-signature=HCPSqJZ6IniCdKM8OZJko5tg2cU%3D&t=4d5b0474&ps=13740610&shp=30310797&shcp=ff37627b&idc=useast5,7.47346E+18,1740049396,2025-02-20T11:03:16.000Z,3,https://vt.tiktok.com/ZSh8FQbqo/,FALSE,,7.47346E+18,,https://vt.tiktok.com/ZSh8FQbqo/,@Aa.FLuxzY,6.96315E+18,ciki_koyo,https://www.tiktok.com/@hai_online/video/7473394493971074311
https://p16-common-sign-va.tiktokcdn-us.com/tos-maliva-avt-0068/bce1e0469ccbb77b8bde8d4f8e9444de~tplv-tiktokx-cropcenter:100:100.jpg?dr=9640&refresh_token=07c698a3&x-expires=1746172800&x-signature=6Cy8iwcwVj8w%2Fdg2k88VETOp6Wc%3D&t=4d5b0474&ps=13740610&shp=30310797&shcp=ff37627b&idc=useast5,7.47346E+18,1740050242,2025-02-20T11:17:22.000Z,0,https://vt.tiktok.com/ZSh8FQbqo/,FALSE,,7.47346E+18,,https://vt.tiktok.com/ZSh8FQbqo/,jadi maksudmu masuk polisi itu juga bayar? katanya gratis 😡,7.06421E+18,hydim_rskynt,https://www.tiktok.com/@hai_online/video/7473394493971074311
https://p16-common-sign-sg.tiktokcdn-us.com/tos-alisg-avt-0068/f06c2af9d513187d480a0f8acd9ea0bd~tplv-tiktokx-cropcenter:100:100.jpg?dr=9640&refresh_token=47723a23&x-expires=1746172800&x-signature=1FmOBRFIXuWWFJ1dCTfpQrf5hO4%3D&t=4d5b0474&ps=13740610&shp=30310797&shcp=ff37627b&idc=useast5,7.47346E+18,1740050361,2025-02-20T11:19:21.000Z,0,https://vt.tiktok.com/ZSh8FQbqo/,FALSE,,7.47346E+18,,https://vt.tiktok.com/ZSh8FQbqo/,"lah bayar lah tes psikologi, tes kesehatan, operasi varises, persiapan berkas lu pikir kagak bayar",6.95866E+18,iqbalj_2,https://www.tiktok.com/@hai_online/video/7473394493971074311
https://p16-common-sign-va.tiktokcdn-us.com/tos-maliva-avt-0068/faabb80bd4acead2e76b59c0d01a6202~tplv-tiktokx-cropcenter:100:100.jpg?dr=9640&refresh_token=66fc0921&x-expires=1746172800&x-signature=%2FHsGrTDAwS2rCFfuPV1XvsBx%2Fk4%3D&t=4d5b0474&ps=13740610&shp=30310797&shcp=ff37627b&idc=useast5,7.47346E+18,1740050429,2025-02-20T11:20:29.000Z,2,https://vt.tiktok.com/ZSh8FQbqo/,FALSE,,7.47346E+18,,https://vt.tiktok.com/ZSh8FQbqo/,serius apa sarkas lu ngomong gini? polisi yg ktnya mengayomi masyarakat kok minta uang ke rakyat? anggarannya paling gede loh,7.0918E+18,dadang.konter,https://www.tiktok.com/@hai_online/video/7473394493971074311
https://p16-common-sign-va.tiktokcdn-us.com/tos-maliva-avt-0068/bce1e0469ccbb77b8bde8d4f8e9444de~tplv-tiktokx-cropcenter:100:100.jpg?dr=9640&refresh_token=07c698a3&x-expires=1746172800&x-signature=6Cy8iwcwVj8w%2Fdg2k88VETOp6Wc%3D&t=4d5b0474&ps=13740610&shp=30310797&shcp=ff37627b&idc=useast5,7.47404E+18,1740186148,2025-02-22T01:02:28.000Z,0,https://vt.tiktok.com/ZSh8FQbqo/,FALSE,,7.47346E+18,,https://vt.tiktok.com/ZSh8FQbqo/,biaya masuk yg ratusan juta ga disebutin?😡,7.06421E+18,hydim_rskynt,https://www.tiktok.com/@hai_online/video/7473394493971074311
https://p16-common-sign-sg.tiktokcdn-us.com/tos-alisg-avt-0068/8310d29958300b78d597ab01a049679b~tplv-tiktokx-cropcenter:100:100.jpg?dr=9640&refresh_token=ed517417&x-expires=1746172800&x-signature=UVQRqehjke%2FFtD0MddHVDk3gKIs%3D&t=4d5b0474&ps=13740610&shp=30310797&shcp=ff37627b&idc=useast5,7.47344E+18,1740046291,2025-02-20T10:11:31.000Z,3,https://vt.tiktok.com/ZSh8FQbqo/,FALSE,,7.47344E+18,,https://vt.tiktok.com/ZSh8FQbqo/,"itu fakta kaliii, ngapain nyuruh orang klarifikasii",6.66579E+18,deniindraaa_,https://www.tiktok.com/@hai_online/video/7473394493971074311
https://p16-common-sign-va.tiktokcdn-us.com/tos-maliva-avt-0068/0333246375e565dcf7d5610229640894~tplv-tiktokx-cropcenter:100:100.jpg?dr=9640&refresh_token=bf5bb934&x-expires=1746172800&x-signature=ZwaO%2B4tvvX9QWRwWqnh0okFeJWc%3D&t=4d5b0474&ps=13740610&shp=30310797&shcp=ff37627b&idc=useast5,7.47347E+18,1740052004,2025-02-20T11:46:44.000Z,0,https://vt.tiktok.com/ZSh8FQbqo/,FALSE,,7.47344E+18,,https://vt.tiktok.com/ZSh8FQbqo/,"fr, sebesar itu ego mereka sampe nyuruh mereka hapus lagunya. bukannya memperbaiki diri malah tersindir",7.01174E+18,scawmon,https://www.tiktok.com/@hai_online/video/7473394493971074311
https://p16-common-sign-sg.tiktokcdn-us.com/tos-alisg-avt-0068/8310d29958300b78d597ab01a049679b~tplv-tiktokx-cropcenter:100:100.jpg?dr=9640&refresh_token=ed517417&x-expires=1746172800&x-signature=UVQRqehjke%2FFtD0MddHVDk3gKIs%3D&t=4d5b0474&ps=13740610&shp=30310797&shcp=ff37627b&idc=useast5,7.47347E+18,1740052077,2025-02-20T11:47:57.000Z,1,https://vt.tiktok.com/ZSh8FQbqo/,FALSE,,7.47344E+18,,https://vt.tiktok.com/ZSh8FQbqo/,kan ga boleh kritik... ehh,6.66579E+18,deniindraaa_,https://www.tiktok.com/@hai_online/video/7473394493971074311
https://p16-common-sign-sg.tiktokcdn-us.com/tos-alisg-avt-0068/4904801465e4aa185016c3e526460386~tplv-tiktokx-cropcenter:100:100.jpg?dr=9640&refresh_token=75d624a9&x-expires=1746172800&x-signature=dfhqGwoLfR5FZyqTJWEllrLVEeY%3D&t=4d5b0474&ps=13740610&shp=30310797&shcp=ff37627b&idc=useast5,7.48597E+18,1742964149,2025-03-26T04:42:29.000Z,0,https://vt.tiktok.com/ZSh8FQbqo/,FALSE,,7.47344E+18,,https://vt.tiktok.com/ZSh8FQbqo/,"iya makanya kena jaguh seperti lagu nya .. lawan tetap lawan, iya ancaman datang lawan kok , bukan ikut apa yang pak lurah suruh .. nga connect sama lagu yang di perjuangkan",6.95863E+18,un1versa7meta7,https://www.tiktok.com/@hai_online/video/7473394493971074311
https://p16-common-sign-sg.tiktokcdn-us.com/tos-alisg-avt-0068/a00e3fd362ac945b92b7d8b0dc803469~tplv-tiktokx-cropcenter:100:100.jpg?dr=9640&refresh_token=6b5517a8&x-expires=1746172800&x-signature=tjO4dctWBjm6YgHyeb%2Bq1HIYjCk%3D&t=4d5b0474&ps=13740610&shp=30310797&shcp=ff37627b&idc=useast5,7.47347E+18,1740053293,2025-02-20T12:08:13.000Z,0,https://vt.tiktok.com/ZSh8FQbqo/,FALSE,,7.47345E+18,,https://vt.tiktok.com/ZSh8FQbqo/,"iya emng enak,cuma ada yg ga terima aib nya d nyanyiin🗿🗿",7.05188E+18,aeppitak2,https://www.tiktok.com/@hai_online/video/7473394493971074311
https://p16-common-sign-useast2a.tiktokcdn-us.com/tos-useast2a-avt-0068-euttp/7370922572345442336~tplv-tiktokx-cropcenter:100:100.jpg?dr=9640&refresh_token=1e77deb7&x-expires=1746172800&x-signature=stKvhWjYMb9zhVsopIS%2BaBy%2FEtI%3D&t=4d5b0474&ps=13740610&shp=30310797&shcp=ff37627b&idc=useast5,7.47347E+18,1740052202,2025-02-20T11:50:02.000Z,6,https://vt.tiktok.com/ZSh8FQbqo/,FALSE,FALSE,,4,https://vt.tiktok.com/ZSh8FQbqo/,gua pernah bikin surat kehilangan ATM ke Polsek kan nah terus udah mau beres suratnya oknumnya liatin gua seolah olah kode biar gua ngasih duit ke dia 🗿,7.08679E+18,pojokkanan123,https://www.tiktok.com/@hai_online/video/7473394493971074311
https://p16-common-sign-va.tiktokcdn-us.com/tos-maliva-avt-0068/7375214418034720773~tplv-tiktokx-cropcenter:100:100.jpg?dr=9640&refresh_token=b72f7226&x-expires=1746172800&x-signature=lHOy2IKFxOwxK6QASMr4kpqaFBE%3D&t=4d5b0474&ps=13740610&shp=30310797&shcp=ff37627b&idc=useast5,7.4734E+18,1740036142,2025-02-20T07:22:22.000Z,17,https://vt.tiktok.com/ZSh8FQbqo/,FALSE,FALSE,,27,https://vt.tiktok.com/ZSh8FQbqo/,Punk Klarifikasi 🗿,7.37521E+18,user74819461048392,https://www.tiktok.com/@hai_online/video/7473394493971074311
https://p16-common-sign-sg.tiktokcdn-us.com/tos-alisg-avt-0068/829d4b1669ed56706d7ecd8b4c3e7283~tplv-tiktokx-cropcenter:100:100.jpg?dr=9640&refresh_token=3e846fae&x-expires=1746172800&x-signature=zVPtv%2BCARydZA853hrVMDYReRrg%3D&t=4d5b0474&ps=13740610&shp=30310797&shcp=ff37627b&idc=useast5,7.4734E+18,1740036349,2025-02-20T07:25:49.000Z,80,https://vt.tiktok.com/ZSh8FQbqo/,FALSE,FALSE,7.4734E+18,,https://vt.tiktok.com/ZSh8FQbqo/,ini dipaksa soalnya😂,7.18907E+18,dikieezz,https://www.tiktok.com/@hai_online/video/7473394493971074311
https://p16-common-sign-sg.tiktokcdn-us.com/tos-alisg-avt-0068/df4069bb67bca12a7b680fcac0696f4d~tplv-tiktokx-cropcenter:100:100.jpg?dr=9640&refresh_token=081f8be9&x-expires=1746172800&x-signature=nyITeNgwOd2f3AXzl7IDds9ibhk%3D&t=4d5b0474&ps=13740610&shp=30310797&shcp=ff37627b&idc=useast5,7.48206E+18,1742052552,2025-03-15T15:29:12.000Z,3,https://vt.tiktok.com/ZSh8FQbqo/,FALSE,FALSE,,0,https://vt.tiktok.com/ZSh8FQbqo/,"aku org Malaysia.....nama polis semua sama sahaja.....Ade uang ,,undang² bole dibeli...",7.39211E+18,afif_1030,https://www.tiktok.com/@hai_online/video/7473394493971074311
https://p16-common-sign-sg.tiktokcdn-us.com/tos-alisg-avt-0068/7ec9329dbf177b8b06c9c027cec14b1f~tplv-tiktokx-cropcenter:100:100.jpg?dr=9640&refresh_token=a7441550&x-expires=1746172800&x-signature=TA8nxZEv%2F13HrozuWKP0PgCaIf0%3D&t=4d5b0474&ps=13740610&shp=30310797&shcp=ff37627b&idc=useast5,7.49496E+18,1745055478,2025-04-19T09:37:58.000Z,1,https://vt.tiktok.com/ZSh8FQbqo/,FALSE,FALSE,,0,https://vt.tiktok.com/ZSh8FQbqo/,ga ush minta maaf emng fakta nya kaya gitu,7.49319E+18,xyqhana,https://www.tiktok.com/@hai_online/video/7473394493971074311
https://p16-common-sign-sg.tiktokcdn-us.com/tos-alisg-avt-0068/3afc2ac887fbf19e36d83dc06ee2467a~tplv-tiktokx-cropcenter:100:100.jpg?dr=9640&refresh_token=7921337c&x-expires=1746172800&x-signature=7IWILeuhueEF1PHXnbRzaxn7eMo%3D&t=4d5b0474&ps=13740610&shp=30310797&shcp=ff37627b&idc=useast5,7.48353E+18,1742394029,2025-03-19T14:20:29.000Z,3,https://vt.tiktok.com/ZSh8FQbqo/,FALSE,FALSE,,0,https://vt.tiktok.com/ZSh8FQbqo/,knpa harus minta maaf kan emang fakta nya udh banyak 👍👍🤣,7.36406E+18,heru8936,https://www.tiktok.com/@hai_online/video/7473394493971074311
https://p16-common-sign-va.tiktokcdn-us.com/tos-maliva-avt-0068/0816d8615c8bfafd2e35e9ee6072c6ff~tplv-tiktokx-cropcenter:100:100.jpg?dr=9640&refresh_token=04dee0ef&x-expires=1746172800&x-signature=yjjYVE65IC4sx1%2FfGoSewSiIegc%3D&t=4d5b0474&ps=13740610&shp=30310797&shcp=ff37627b&idc=useast5,7.4889E+18,1743644590,2025-04-03T01:43:10.000Z,2,https://vt.tiktok.com/ZSh8FQbqo/,FALSE,FALSE,,0,https://vt.tiktok.com/ZSh8FQbqo/,Wehh kenapa wehh yg harus klarifikasi itu polisi🗿,6.82051E+18,zokkenehsns,https://www.tiktok.com/@hai_online/video/7473394493971074311
https://p16-common-sign-va.tiktokcdn-us.com/tos-maliva-avt-0068/5e1e3e46e1022f025fc94f968dfefb07~tplv-tiktokx-cropcenter:100:100.jpg?dr=9640&refresh_token=bdc8d840&x-expires=1746172800&x-signature=ZGGWkIL0EOWE%2FNNXQ1IzQFR1pSA%3D&t=4d5b0474&ps=13740610&shp=30310797&shcp=ff37627b&idc=useast5,7.49171E+18,1744298584,2025-04-10T15:23:04.000Z,1,https://vt.tiktok.com/ZSh8FQbqo/,FALSE,FALSE,,0,https://vt.tiktok.com/ZSh8FQbqo/,salahnya apa,7.23886E+18,grandong7882,https://www.tiktok.com/@hai_online/video/7473394493971074311
https://p16-common-sign-sg.tiktokcdn-us.com/tos-alisg-avt-0068/379f8e18486df1e908e95e5e6177e832~tplv-tiktokx-cropcenter:100:100.jpg?dr=9640&refresh_token=29a3aab3&x-expires=1746172800&x-signature=Nw5CV%2BEh196LeDFdNdWCU4hKQ2I%3D&t=4d5b0474&ps=13740610&shp=30310797&shcp=ff37627b&idc=useast5,7.47821E+18,1741175670,2025-03-05T11:54:30.000Z,2,https://vt.tiktok.com/ZSh8FQbqo/,FALSE,FALSE,,0,https://vt.tiktok.com/ZSh8FQbqo/,ga perlu minta maaf emang kenyataan,7.451E+18,peucang3795,https://www.tiktok.com/@hai_online/video/7473394493971074311
https://p16-common-sign-sg.tiktokcdn-us.com/tos-alisg-avt-0068/c849ec23ba6e57c11eb481565e166e13~tplv-tiktokx-cropcenter:100:100.jpg?dr=9640&refresh_token=46780bab&x-expires=1746172800&x-signature=AJeABQ87LGAv3eq7UQJLlFjYeXM%3D&t=4d5b0474&ps=13740610&shp=30310797&shcp=ff37627b&idc=useast5,7.48573E+18,1742907604,2025-03-25T13:00:04.000Z,2,https://vt.tiktok.com/ZSh8FQbqo/,FALSE,FALSE,,0,https://vt.tiktok.com/ZSh8FQbqo/,Knpa minta maaf? Kan lagu nya emg berdasarkan kisah nyata😂🙏🏻,6.52632E+18,rsasstka_,https://www.tiktok.com/@hai_online/video/7473394493971074311
https://p16-common-sign-sg.tiktokcdn-us.com/tos-alisg-avt-0068/695bc013b5eaedf6c4159e4ffa9cba91~tplv-tiktokx-cropcenter:100:100.jpg?dr=9640&refresh_token=01f7b9ca&x-expires=1746172800&x-signature=EnWA9JbLfdgIWKg2b09nHMpX%2BNs%3D&t=4d5b0474&ps=13740610&shp=30310797&shcp=ff37627b&idc=useast5,7.479E+18,1741351194,2025-03-07T12:39:54.000Z,1,https://vt.tiktok.com/ZSh8FQbqo/,FALSE,FALSE,,0,https://vt.tiktok.com/ZSh8FQbqo/,Kapolri Jenderal Listyo Sigit Prabowo mengajak band Sukatani menjadi duta Polri! Ini langkah positif untuk memperbaiki citra institusi kita. Kritik,7.28303E+18,budiprayoga76,https://www.tiktok.com/@hai_online/video/7473394493971074311
https://p16-common-sign-va.tiktokcdn-us.com/tos-maliva-avt-0068/46b56fbfe273b17b42af847effde2f39~tplv-tiktokx-cropcenter:100:100.jpg?dr=9640&refresh_token=2ba5b6f1&x-expires=1746172800&x-signature=9Q2caM5RVYqqebmtNq87qT4HJ9k%3D&t=4d5b0474&ps=13740610&shp=30310797&shcp=ff37627b&idc=useast5,7.47722E+18,1740926424,2025-03-02T14:40:24.000Z,1,https://vt.tiktok.com/ZSh8FQbqo/,FALSE,FALSE,,0,https://vt.tiktok.com/ZSh8FQbqo/,#kamibersamaSUKATANI,6.55951E+18,wijaya2178021277,https://www.tiktok.com/@hai_online/video/7473394493971074311
https://p16-common-sign-sg.tiktokcdn-us.com/tos-alisg-avt-0068/ad03e17eaf418f36d1d55236f1e2dc91~tplv-tiktokx-cropcenter:100:100.jpg?dr=9640&refresh_token=e2b23e51&x-expires=1746172800&x-signature=yKj3Yo86WB8epC82%2BdSubtX2Lvk%3D&t=4d5b0474&ps=13740610&shp=30310797&shcp=ff37627b&idc=useast5,7.47935E+18,1741421387,2025-03-08T08:09:47.000Z,1,https://vt.tiktok.com/ZSh8FQbqo/,FALSE,FALSE,,0,https://vt.tiktok.com/ZSh8FQbqo/,Gua dukung kalian. Sukatani.,6.85714E+18,hotmanjayahook,https://www.tiktok.com/@hai_online/video/7473394493971074311
https://p16-common-sign-sg.tiktokcdn-us.com/tos-alisg-avt-0068/56f25b2c2b2e3001f373631f2829d0a3~tplv-tiktokx-cropcenter:100:100.jpg?dr=9640&refresh_token=cd405443&x-expires=1746172800&x-signature=gLOG3fIeHA3EB%2BwaWBq5KTn3Ze0%3D&t=4d5b0474&ps=13740610&shp=30310797&shcp=ff37627b&idc=useast5,7.49617E+18,1745338660,2025-04-22T16:17:40.000Z,1,https://vt.tiktok.com/ZSh8FQbqo/,FALSE,FALSE,,0,https://vt.tiktok.com/ZSh8FQbqo/,kayanya grup bend sukatani gak bisa bayar nih hingga minta maaf.. 😂,7.22144E+18,dadanabdurohman,https://www.tiktok.com/@hai_online/video/7473394493971074311
https://p16-common-sign-sg.tiktokcdn-us.com/tos-alisg-avt-0068/a9ef416de3a32261d06c57ee78e75fd4~tplv-tiktokx-cropcenter:100:100.jpg?dr=9640&refresh_token=8c923bb6&x-expires=1746172800&x-signature=F6uW9GWnNbuURxdLxs8Ot138xMY%3D&t=4d5b0474&ps=13740610&shp=30310797&shcp=ff37627b&idc=useast5,7.4775E+18,1740990319,2025-03-03T08:25:19.000Z,1,https://vt.tiktok.com/ZSh8FQbqo/,FALSE,FALSE,,0,https://vt.tiktok.com/ZSh8FQbqo/,"jadi bingung gua ..
di TV katanya KAPOLRI bersama Sukatani .
disini malah klarifikasi",6.95172E+18,sablon.konveksi.batam,https://www.tiktok.com/@hai_online/video/7473394493971074311
https://p16-common-sign-va.tiktokcdn-us.com/tos-maliva-avt-0068/0e0392b0b780d911305f2fbb0fa898d9~tplv-tiktokx-cropcenter:100:100.jpg?dr=9640&refresh_token=4e241270&x-expires=1746172800&x-signature=w%2Bc0Ob8ug5dKK2V%2FtFASoko3xnM%3D&t=4d5b0474&ps=13740610&shp=30310797&shcp=ff37627b&idc=useast5,7.47812E+18,1741135399,2025-03-05T00:43:19.000Z,1,https://vt.tiktok.com/ZSh8FQbqo/,FALSE,FALSE,,0,https://vt.tiktok.com/ZSh8FQbqo/,"Kenapa harus mencabut lagunya bro, bayar aja polisinya 😂😂",7.27908E+18,potrekgraphy,https://www.tiktok.com/@hai_online/video/7473394493971074311
https://p16-common-sign-sg.tiktokcdn-us.com/tos-alisg-avt-0068/1bb07f0c62864bf6251901f8cb09e217~tplv-tiktokx-cropcenter:100:100.jpg?dr=9640&refresh_token=d22e6403&x-expires=1746172800&x-signature=XU2lhiXEthqfi3T18Mw9c9nM2o8%3D&t=4d5b0474&ps=13740610&shp=30310797&shcp=ff37627b&idc=useast5,7.47756E+18,1741005811,2025-03-03T12:43:31.000Z,1,https://vt.tiktok.com/ZSh8FQbqo/,FALSE,FALSE,,0,https://vt.tiktok.com/ZSh8FQbqo/,"demokrasi hilang kalo gini sih🤟
ingat kata² andika pratama
demokrasi : ""yang demo di kerasi""",7.11194E+18,acalapatibf,https://www.tiktok.com/@hai_online/video/7473394493971074311
https://p19-common-sign-va.tiktokcdn-us.com/tos-maliva-avt-0068/7d2c33d12c2e0e55859497bfac9c4e77~tplv-tiktokx-cropcenter:100:100.jpg?dr=9640&refresh_token=03c3f088&x-expires=1746172800&x-signature=0LcCN8dFiNcDe2xPmG19SK7rYD0%3D&t=4d5b0474&ps=13740610&shp=30310797&shcp=ff37627b&idc=useast5,7.47841E+18,1741202185,2025-03-05T19:16:25.000Z,1,https://vt.tiktok.com/ZSh8FQbqo/,FALSE,FALSE,,0,https://vt.tiktok.com/ZSh8FQbqo/,adakah polisi disini 🙄,7.32466E+18,ndreee954,https://www.tiktok.com/@hai_online/video/7473394493971074311
https://p16-common-sign-va.tiktokcdn-us.com/tos-maliva-avt-0068/fd9fe7befd13922c4de6cec2bb2c1ef4~tplv-tiktokx-cropcenter:100:100.jpg?dr=9640&refresh_token=00402a95&x-expires=1746172800&x-signature=qny4rgkvp404K%2FEmEVleBQmMzZY%3D&t=4d5b0474&ps=13740610&shp=30310797&shcp=ff37627b&idc=useast5,7.47796E+18,1741098969,2025-03-04T14:36:09.000Z,1,https://vt.tiktok.com/ZSh8FQbqo/,FALSE,FALSE,,0,https://vt.tiktok.com/ZSh8FQbqo/,min knp lu nggaa lihat ini padahal ini bener,7.37136E+18,muhammadrizqykaff,https://www.tiktok.com/@hai_online/video/7473394493971074311
https://p16-common-sign-sg.tiktokcdn-us.com/tos-alisg-avt-0068/b9af9a098c2ddd768a4288d639e310f9~tplv-tiktokx-cropcenter:100:100.jpg?dr=9640&refresh_token=d7857329&x-expires=1746172800&x-signature=1HXgRjFL0RvHlpHCa2BcVlwmv0M%3D&t=4d5b0474&ps=13740610&shp=30310797&shcp=ff37627b&idc=useast5,7.47733E+18,1740950506,2025-03-02T21:21:46.000Z,1,https://vt.tiktok.com/ZSh8FQbqo/,FALSE,FALSE,,0,https://vt.tiktok.com/ZSh8FQbqo/,ngpain minta maaf,7.22326E+18,jjay656965v,https://www.tiktok.com/@hai_online/video/7473394493971074311
https://p16-common-sign-sg.tiktokcdn-us.com/tos-alisg-avt-0068/3c8970052e6ccf33700770c44e6667f3~tplv-tiktokx-cropcenter:100:100.jpg?dr=9640&refresh_token=035534de&x-expires=1746172800&x-signature=2XBX8vEJw9qGlkkVbO4gi7bgs7Y%3D&t=4d5b0474&ps=13740610&shp=30310797&shcp=ff37627b&idc=useast5,7.48521E+18,1742786317,2025-03-24T03:18:37.000Z,1,https://vt.tiktok.com/ZSh8FQbqo/,FALSE,FALSE,,0,https://vt.tiktok.com/ZSh8FQbqo/,knp harus minta maaf kocak kn memng kenyatan,6.95656E+18,anitaquinzaa3,https://www.tiktok.com/@hai_online/video/7473394493971074311
https://p16-common-sign-sg.tiktokcdn-us.com/tos-alisg-avt-0068/18df149333257061edbaa6b15d9eb4c0~tplv-tiktokx-cropcenter:100:100.jpg?dr=9640&refresh_token=699241ad&x-expires=1746172800&x-signature=hsitrR6bzWZes6fG7mmF01LkCUc%3D&t=4d5b0474&ps=13740610&shp=30310797&shcp=ff37627b&idc=useast5,7.47848E+18,1741219590,2025-03-06T00:06:30.000Z,1,https://vt.tiktok.com/ZSh8FQbqo/,FALSE,FALSE,,0,https://vt.tiktok.com/ZSh8FQbqo/,ngapain minta maaf,7.39845E+18,kazage35,https://www.tiktok.com/@hai_online/video/7473394493971074311
https://p19-common-sign-va.tiktokcdn-us.com/tos-maliva-avt-0068/eda42cf40042c16b686c60c2fb3954f7~tplv-tiktokx-cropcenter:100:100.jpg?dr=9640&refresh_token=f9194ae5&x-expires=1746172800&x-signature=WDos%2F8kwMznCDfzWOh7w0uXbMmY%3D&t=4d5b0474&ps=13740610&shp=30310797&shcp=ff37627b&idc=useast5,7.47786E+18,1741073920,2025-03-04T07:38:40.000Z,1,https://vt.tiktok.com/ZSh8FQbqo/,FALSE,FALSE,,0,https://vt.tiktok.com/ZSh8FQbqo/,knapa harus minta maaf emang faktanya begitu,6.85526E+18,ruditsk,https://www.tiktok.com/@hai_online/video/7473394493971074311
https://p16-common-sign-sg.tiktokcdn-us.com/tos-alisg-avt-0068/f0d336b964618080ff83cbb136c55268~tplv-tiktokx-cropcenter:100:100.jpg?dr=9640&refresh_token=38db5ab3&x-expires=1746172800&x-signature=rCfj85z51U21AGKPuNdxHrtEtTc%3D&t=4d5b0474&ps=13740610&shp=30310797&shcp=ff37627b&idc=useast5,7.47743E+18,1740974830,2025-03-03T04:07:10.000Z,1,https://vt.tiktok.com/ZSh8FQbqo/,FALSE,FALSE,,0,https://vt.tiktok.com/ZSh8FQbqo/,ngapain minta maaf broo ahhhhh ga usaaahhh,7.36194E+18,lukman_perenk,https://www.tiktok.com/@hai_online/video/7473394493971074311
https://p16-common-sign-sg.tiktokcdn-us.com/tos-alisg-avt-0068/4904801465e4aa185016c3e526460386~tplv-tiktokx-cropcenter:100:100.jpg?dr=9640&refresh_token=75d624a9&x-expires=1746172800&x-signature=dfhqGwoLfR5FZyqTJWEllrLVEeY%3D&t=4d5b0474&ps=13740610&shp=30310797&shcp=ff37627b&idc=useast5,7.48597E+18,1742962927,2025-03-26T04:22:07.000Z,0,https://vt.tiktok.com/ZSh8FQbqo/,FALSE,FALSE,,0,https://vt.tiktok.com/ZSh8FQbqo/,"sukatani gagal , bisa 2 iya minta maaf sama pak lurah .. lagunya nampak jaguhan tp bisa bisa takut sama pak lurah.. ini kak Mau saling mengingat fikir dulu sebelum buat sesuatu iya kak .. 🙏🙏🙏",6.95863E+18,un1versa7meta7,https://www.tiktok.com/@hai_online/video/7473394493971074311
https://p16-common-sign-va.tiktokcdn-us.com/tos-maliva-avt-0068/7356905577756229638~tplv-tiktokx-cropcenter:100:100.jpg?dr=9640&refresh_token=b36b8eb1&x-expires=1746172800&x-signature=wWwWoWuHKPxn%2BQzRnFGTEvxM1R8%3D&t=4d5b0474&ps=13740610&shp=30310797&shcp=ff37627b&idc=useast5,7.47906E+18,1741355417,2025-03-07T13:50:17.000Z,0,https://vt.tiktok.com/ZSh8FQbqo/,FALSE,FALSE,,0,https://vt.tiktok.com/ZSh8FQbqo/,sukses sukatani,7.3373E+18,tuya_0834,https://www.tiktok.com/@hai_online/video/7473394493971074311
https://p16-common-sign-sg.tiktokcdn-us.com/tos-alisg-avt-0068/422277ce679dc4ddcc1627534dc7f18b~tplv-tiktokx-cropcenter:100:100.jpg?dr=9640&refresh_token=5779cd0c&x-expires=1746172800&x-signature=BQDanxtjDovBljEInm78gVH5G%2F4%3D&t=4d5b0474&ps=13740610&shp=30310797&shcp=ff37627b&idc=useast5,7.47898E+18,1741351200,2025-03-07T12:40:00.000Z,0,https://vt.tiktok.com/ZSh8FQbqo/,FALSE,FALSE,,0,https://vt.tiktok.com/ZSh8FQbqo/,"Kapolri Jaga Kita, Sukatani Jaga Hukum! 🇲🇨 #Sukatani #Polisi #Hukum",7.28339E+18,pranatardii2,https://www.tiktok.com/@hai_online/video/7473394493971074311
https://p16-common-sign-sg.tiktokcdn-us.com/tos-alisg-avt-0068/d83c166da5d28b932d2edaa0acc863e7~tplv-tiktokx-cropcenter:100:100.jpg?dr=9640&refresh_token=92534cb4&x-expires=1746172800&x-signature=sxZAu5sbRvuxaH8ll4Hi79zDbVM%3D&t=4d5b0474&ps=13740610&shp=30310797&shcp=ff37627b&idc=useast5,7.47898E+18,1741343098,2025-03-07T10:24:58.000Z,0,https://vt.tiktok.com/ZSh8FQbqo/,FALSE,FALSE,,0,https://vt.tiktok.com/ZSh8FQbqo/,"Sukatani, band yang telah mengungkapkan kritik terhadap oknum polisi dengan cara yang konstruktif. Kini, Polri menawarkan dukungan dengan mengajak",7.2834E+18,aseepkrtiko95,https://www.tiktok.com/@hai_online/video/7473394493971074311
https://p16-common-sign-sg.tiktokcdn-us.com/tos-alisg-avt-0068/688fb007c5ae5c7b7a8ccc53abb61c56~tplv-tiktokx-cropcenter:100:100.jpg?dr=9640&refresh_token=f2eb5e8a&x-expires=1746172800&x-signature=PY41xsAUo1HLVOZRM%2B7YJvfEsNc%3D&t=4d5b0474&ps=13740610&shp=30310797&shcp=ff37627b&idc=useast5,7.47792E+18,1741088646,2025-03-04T11:44:06.000Z,0,https://vt.tiktok.com/ZSh8FQbqo/,FALSE,FALSE,,0,https://vt.tiktok.com/ZSh8FQbqo/,"bukan klarifikasi tapi terintimidasi.
#kami bersamamu sukatani",7.33328E+18,zoel.fadil,https://www.tiktok.com/@hai_online/video/7473394493971074311
https://p16-common-sign-sg.tiktokcdn-us.com/tos-alisg-avt-0068/306c467e6e119b7a19d04aa1fa47b646~tplv-tiktokx-cropcenter:100:100.jpg?dr=9640&refresh_token=bda59bbf&x-expires=1746172800&x-signature=QR5miBN51VZAo2ej4%2F0iO6xe%2B3A%3D&t=4d5b0474&ps=13740610&shp=30310797&shcp=ff37627b&idc=useast5,7.47819E+18,1741152896,2025-03-05T05:34:56.000Z,0,https://vt.tiktok.com/ZSh8FQbqo/,FALSE,FALSE,,0,https://vt.tiktok.com/ZSh8FQbqo/,MADURA BERSAMA SUKATANI,7.45829E+18,mamang.nafi,https://www.tiktok.com/@hai_online/video/7473394493971074311
https://p16-common-sign-sg.tiktokcdn-us.com/tos-alisg-avt-0068/24d23e665fada3b7f4858d027bd8f4b0~tplv-tiktokx-cropcenter:100:100.jpg?dr=9640&refresh_token=24278c15&x-expires=1746172800&x-signature=tOh%2FharBfkWB0MgEwz%2FxiOee52g%3D&t=4d5b0474&ps=13740610&shp=30310797&shcp=ff37627b&idc=useast5,7.47897E+18,1741343095,2025-03-07T10:24:55.000Z,0,https://vt.tiktok.com/ZSh8FQbqo/,FALSE,FALSE,,0,https://vt.tiktok.com/ZSh8FQbqo/,"Selamat pagi, teman-teman! Kapolri Jenderal Listyo Sigit Prabowo mengajak band Sukatani sebagai duta Polri. Ini adalah positif untuk memperkuat",7.28339E+18,febryazahra26,https://www.tiktok.com/@hai_online/video/7473394493971074311
https://p16-common-sign-sg.tiktokcdn-us.com/tos-alisg-avt-0068/3748027b0d81015705793e53c5e66040~tplv-tiktokx-cropcenter:100:100.jpg?dr=9640&refresh_token=99cefed6&x-expires=1746172800&x-signature=Xln7vkfUoS%2BFi3WjRaUGLBWxhcU%3D&t=4d5b0474&ps=13740610&shp=30310797&shcp=ff37627b&idc=useast5,7.47343E+18,1740043668,2025-02-20T09:27:48.000Z,18,https://vt.tiktok.com/ZSh8FQbqo/,FALSE,,7.47343E+18,,https://vt.tiktok.com/ZSh8FQbqo/,makanya kebayang kan itu intimidasinya kayak gmn sampe harus face reveal,6.89603E+18,thisisterehere,https://www.tiktok.com/@hai_online/video/7473394493971074311
https://p16-common-sign-va.tiktokcdn-us.com/tos-maliva-avt-0068/5b94e3dd89b038d65f87db0a60659c76~tplv-tiktokx-cropcenter:100:100.jpg?dr=9640&refresh_token=9c12d3ce&x-expires=1746172800&x-signature=1GGQyOJ%2BsFFSY56Umm18ng2I7I0%3D&t=4d5b0474&ps=13740610&shp=30310797&shcp=ff37627b&idc=useast5,7.47347E+18,1740052717,2025-02-20T11:58:37.000Z,0,https://vt.tiktok.com/ZSh8FQbqo/,FALSE,,7.47347E+18,,https://vt.tiktok.com/ZSh8FQbqo/,kenapa gak ke bank langsung mas? saya pernah ke bank langsung bisa,7.36128E+18,neocroptes,https://www.tiktok.com/@hai_online/video/7473394493971074311
https://p16-common-sign-useast2a.tiktokcdn-us.com/tos-useast2a-avt-0068-euttp/7343809040541515809~tplv-tiktokx-cropcenter:100:100.jpg?dr=9640&refresh_token=51b941d4&x-expires=1746172800&x-signature=VkKfAY%2BMUsej7%2FthaXwleTSh4OI%3D&t=4d5b0474&ps=13740610&shp=30310797&shcp=ff37627b&idc=useast5,7.47347E+18,1740053109,2025-02-20T12:05:09.000Z,0,https://vt.tiktok.com/ZSh8FQbqo/,FALSE,,7.47347E+18,,https://vt.tiktok.com/ZSh8FQbqo/,"saya pernah juga kehilangan ATM, disuruh buat laporan kehilangan di Polsek",6.80178E+18,_haikal666,https://www.tiktok.com/@hai_online/video/7473394493971074311
https://p16-common-sign-va.tiktokcdn-us.com/tos-maliva-avt-0068/5b94e3dd89b038d65f87db0a60659c76~tplv-tiktokx-cropcenter:100:100.jpg?dr=9640&refresh_token=9c12d3ce&x-expires=1746172800&x-signature=1GGQyOJ%2BsFFSY56Umm18ng2I7I0%3D&t=4d5b0474&ps=13740610&shp=30310797&shcp=ff37627b&idc=useast5,7.47347E+18,1740053199,2025-02-20T12:06:39.000Z,0,https://vt.tiktok.com/ZSh8FQbqo/,FALSE,,7.47347E+18,,https://vt.tiktok.com/ZSh8FQbqo/,"oh gitu, udah beda mungkin skrg, saya 5 thn lalu",7.36128E+18,neocroptes,https://www.tiktok.com/@hai_online/video/7473394493971074311
https://p16-common-sign-sg.tiktokcdn-us.com/tos-alisg-avt-0068/e9197c55d71f6c29b45087f72d0a0b4d~tplv-tiktokx-cropcenter:100:100.jpg?dr=9640&refresh_token=5169e1f2&x-expires=1746172800&x-signature=Wz6tDgxyutjDK9sI6vLl0CG2Sgc%3D&t=4d5b0474&ps=13740610&shp=30310797&shcp=ff37627b&idc=useast5,7.47385E+18,1740140680,2025-02-21T12:24:40.000Z,0,https://vt.tiktok.com/ZSh8FQbqo/,FALSE,,7.47347E+18,,https://vt.tiktok.com/ZSh8FQbqo/,padahal bilang saja kartunya ketelen. asal ingat kapan terakhir transaksi pake ATM nya ☺️,7.45894E+18,arrizky656,https://www.tiktok.com/@hai_online/video/7473394493971074311
https://p16-common-sign-va.tiktokcdn-us.com/tos-maliva-avt-0068/8f9c413bc93580496b178cb8d4059aee~tplv-tiktokx-cropcenter:100:100.jpg?dr=9640&refresh_token=f9e8339e&x-expires=1746172800&x-signature=pG2PO54NGYmmclU9cMeZQjV91Vo%3D&t=4d5b0474&ps=13740610&shp=30310797&shcp=ff37627b&idc=useast5,7.47353E+18,1740066697,2025-02-20T15:51:37.000Z,1,https://vt.tiktok.com/ZSh8FQbqo/,FALSE,,7.4734E+18,,https://vt.tiktok.com/ZSh8FQbqo/,di intimidasi ya,6.95848E+18,epannzp,https://www.tiktok.com/@hai_online/video/7473394493971074311
https://p16-common-sign-va.tiktokcdn-us.com/musically-maliva-obj/1594805258216454~tplv-tiktokx-cropcenter:100:100.jpg?dr=9640&refresh_token=8a29684a&x-expires=1746172800&x-signature=7DZto9hg0aqFDqq0kULxMSzQbEQ%3D&t=4d5b0474&ps=13740610&shp=30310797&shcp=ff37627b&idc=useast5,7.47363E+18,1740089040,2025-02-20T22:04:00.000Z,0,https://vt.tiktok.com/ZSh8FQbqo/,FALSE,,7.4734E+18,,https://vt.tiktok.com/ZSh8FQbqo/,kok jujur itu dilarang ya,7.45163E+18,bapak2randompadaumumnya,https://www.tiktok.com/@hai_online/video/7473394493971074311
https://p19-common-sign-va.tiktokcdn-us.com/tos-maliva-avt-0068/0f78718c103b75d1684a4d585fbaca8d~tplv-tiktokx-cropcenter:100:100.jpg?dr=9640&refresh_token=a1e1b834&x-expires=1746172800&x-signature=LqgECVf7LNeCAJEJ01BJ7oyVkZE%3D&t=4d5b0474&ps=13740610&shp=30310797&shcp=ff37627b&idc=useast5,7.47377E+18,1740121948,2025-02-21T07:12:28.000Z,0,https://vt.tiktok.com/ZSh8FQbqo/,FALSE,,7.4734E+18,,https://vt.tiktok.com/ZSh8FQbqo/,Jujur adalah aib -Pulici,6.87728E+18,nukeliquid,https://www.tiktok.com/@hai_online/video/7473394493971074311
https://p16-common-sign-va.tiktokcdn-us.com/tos-maliva-avt-0068/7300040375917608966~tplv-tiktokx-cropcenter:100:100.jpg?dr=9640&refresh_token=1b733a29&x-expires=1746172800&x-signature=p6ubCY%2FcJrqFOcyPKL5H1Kz%2FEK8%3D&t=4d5b0474&ps=13740610&shp=30310797&shcp=ff37627b&idc=useast5,7.4734E+18,1740036202,2025-02-20T07:23:22.000Z,15,https://vt.tiktok.com/ZSh8FQbqo/,FALSE,,7.4734E+18,,https://vt.tiktok.com/ZSh8FQbqo/,lu belum pernah di gebukin polisi yang pakek senjata ya bg,7.29979E+18,tkecang,https://www.tiktok.com/@hai_online/video/7473394493971074311
https://p16-common-sign-va.tiktokcdn-us.com/tos-maliva-avt-0068/572f1d4ffc16308ceff7b0af2eaff964~tplv-tiktokx-cropcenter:100:100.jpg?dr=9640&refresh_token=ad99237e&x-expires=1746172800&x-signature=UbZrcLxHISupgjtCMduJRrZ0OBw%3D&t=4d5b0474&ps=13740610&shp=30310797&shcp=ff37627b&idc=useast5,7.47349E+18,1740058638,2025-02-20T13:37:18.000Z,0,https://vt.tiktok.com/ZSh8FQbqo/,FALSE,,7.4734E+18,,https://vt.tiktok.com/ZSh8FQbqo/,Dari pada punk legislatif😆,6.90763E+18,pegawaiswastaa,https://www.tiktok.com/@hai_online/video/7473394493971074311
https://p16-common-sign-va.tiktokcdn-us.com/tos-maliva-avt-0068/c7c4619e420f66da744a4e3fdd3c95dc~tplv-tiktokx-cropcenter:100:100.jpg?dr=9640&refresh_token=7fde2982&x-expires=1746172800&x-signature=dM12YSOpj%2B74SIThMhSm5OdaAzE%3D&t=4d5b0474&ps=13740610&shp=30310797&shcp=ff37627b&idc=useast5,7.47349E+18,1740056389,2025-02-20T12:59:49.000Z,0,https://vt.tiktok.com/ZSh8FQbqo/,FALSE,,7.4734E+18,,https://vt.tiktok.com/ZSh8FQbqo/,yaelah polisi pake akun fake yahahha😹😹 culs lu bang,6.81266E+18,jekkirene,https://www.tiktok.com/@hai_online/video/7473394493971074311
https://p16-common-sign-va.tiktokcdn-us.com/tos-maliva-avt-0068/5523e9709e03c93803ecc149a259bd44~tplv-tiktokx-cropcenter:100:100.jpg?dr=9640&refresh_token=b448249d&x-expires=1746172800&x-signature=nVXWl0%2BwhKceoZ82jk2vOruDgxs%3D&t=4d5b0474&ps=13740610&shp=30310797&shcp=ff37627b&idc=useast5,7.47347E+18,1740051895,2025-02-20T11:44:55.000Z,0,https://vt.tiktok.com/ZSh8FQbqo/,FALSE,,7.4734E+18,,https://vt.tiktok.com/ZSh8FQbqo/,BCD !!!,7.23714E+18,tumisterasi,https://www.tiktok.com/@hai_online/video/7473394493971074311
https://p19-common-sign-sg.tiktokcdn-us.com/tos-alisg-avt-0068/6050c1d95c56cae6aff4a29e3740db21~tplv-tiktokx-cropcenter:100:100.jpg?dr=9640&refresh_token=c3f67072&x-expires=1746172800&x-signature=hCYjGYlz1hDh6MV1fyrgL7hSkbI%3D&t=4d5b0474&ps=13740610&shp=30310797&shcp=ff37627b&idc=useast5,7.47343E+18,1740043305,2025-02-20T09:21:45.000Z,0,https://vt.tiktok.com/ZSh8FQbqo/,FALSE,,7.4734E+18,,https://vt.tiktok.com/ZSh8FQbqo/,dari pada mati mending klarifikasi,6.56961E+18,sisirkiri,https://www.tiktok.com/@hai_online/video/7473394493971074311
https://p16-common-sign-sg.tiktokcdn-us.com/tos-alisg-avt-0068/e439ae581ac5cfd0455ebcbd064764cb~tplv-tiktokx-cropcenter:100:100.jpg?dr=9640&refresh_token=80c9a2a5&x-expires=1746172800&x-signature=bsm%2BSG9qi4I9GAZRlKDUXdexm%2FM%3D&t=4d5b0474&ps=13740610&shp=30310797&shcp=ff37627b&idc=useast5,7.47342E+18,1740041505,2025-02-20T08:51:45.000Z,0,https://vt.tiktok.com/ZSh8FQbqo/,FALSE,,7.4734E+18,,https://vt.tiktok.com/ZSh8FQbqo/,"jangan ada komentar “PUNK KOK KLARIFIKASI” dengan dia berani menyuarakan lewat lagunya sudah mewakili keresahan kita semua.mungkin instansi yg dikritik melalui lagu tersbut,tidak menerima fakta fakta",6.97981E+18,14.avy,https://www.tiktok.com/@hai_online/video/7473394493971074311
https://p16-common-sign-sg.tiktokcdn-us.com/tos-alisg-avt-0068/2fe4973cfb25e286100cde60253f3c44~tplv-tiktokx-cropcenter:100:100.jpg?dr=9640&refresh_token=05047591&x-expires=1746172800&x-signature=5IakT9YG%2FnzdrwIc0LMfGWoI%2FPE%3D&t=4d5b0474&ps=13740610&shp=30310797&shcp=ff37627b&idc=useast5,7.47341E+18,1740039403,2025-02-20T08:16:43.000Z,0,https://vt.tiktok.com/ZSh8FQbqo/,FALSE,,7.4734E+18,,https://vt.tiktok.com/ZSh8FQbqo/,lu polisi ya,6.98509E+18,fearspreader,https://www.tiktok.com/@hai_online/video/7473394493971074311
https://p19-common-sign-sg.tiktokcdn-us.com/tos-alisg-avt-0068/b3a15c9548807ca43246ea599e2fcc7b~tplv-tiktokx-cropcenter:100:100.jpg?dr=9640&refresh_token=5821d0ec&x-expires=1746172800&x-signature=G2K5xdxoguXPQzGDzzVNjBpyFoI%3D&t=4d5b0474&ps=13740610&shp=30310797&shcp=ff37627b&idc=useast5,7.47342E+18,1740041277,2025-02-20T08:47:57.000Z,0,https://vt.tiktok.com/ZSh8FQbqo/,FALSE,,7.4734E+18,,https://vt.tiktok.com/ZSh8FQbqo/,wkwkwkw,6.92764E+18,rizkiramadhani_69,https://www.tiktok.com/@hai_online/video/7473394493971074311
https://p16-common-sign-sg.tiktokcdn-us.com/tos-alisg-avt-0068/e729849b08c93d24ccd8b75c952a311f~tplv-tiktokx-cropcenter:100:100.jpg?dr=9640&refresh_token=d03ebfcf&x-expires=1746172800&x-signature=fI16DWm%2B8JuYQ2E%2F7rPT%2BpDYJdk%3D&t=4d5b0474&ps=13740610&shp=30310797&shcp=ff37627b&idc=useast5,7.47341E+18,1740039043,2025-02-20T08:10:43.000Z,0,https://vt.tiktok.com/ZSh8FQbqo/,FALSE,,7.4734E+18,,https://vt.tiktok.com/ZSh8FQbqo/,polisinya muncul,7.02447E+18,mochirock03,https://www.tiktok.com/@hai_online/video/7473394493971074311
https://p16-common-sign-sg.tiktokcdn-us.com/tos-alisg-avt-0068/e0fb27c2a0d4ce807e5938ad599d4fdb~tplv-tiktokx-cropcenter:100:100.jpg?dr=9640&refresh_token=3b8c85ea&x-expires=1746172800&x-signature=38H7Yx2f%2BHpQOwQSsnW1SQWnt7g%3D&t=4d5b0474&ps=13740610&shp=30310797&shcp=ff37627b&idc=useast5,7.47341E+18,1740038797,2025-02-20T08:06:37.000Z,0,https://vt.tiktok.com/ZSh8FQbqo/,FALSE,,7.4734E+18,,https://vt.tiktok.com/ZSh8FQbqo/,lolot,7.11511E+18,igeemmm,https://www.tiktok.com/@hai_online/video/7473394493971074311
https://p16-common-sign-va.tiktokcdn-us.com/tos-maliva-avt-0068/0b60b23163fdc038ba18104121b2ae5f~tplv-tiktokx-cropcenter:100:100.jpg?dr=9640&refresh_token=7e7ad099&x-expires=1746172800&x-signature=fs1ROiOgaXbyk8YqnC%2B1oE%2F%2FtX8%3D&t=4d5b0474&ps=13740610&shp=30310797&shcp=ff37627b&idc=useast5,7.47341E+18,1740038742,2025-02-20T08:05:42.000Z,0,https://vt.tiktok.com/ZSh8FQbqo/,FALSE,,7.4734E+18,,https://vt.tiktok.com/ZSh8FQbqo/,lu tau ga seberapa berat ancaman mereka sampe buka topeng gini?,6.82264E+18,shuttershott,https://www.tiktok.com/@hai_online/video/7473394493971074311
https://p16-common-sign-sg.tiktokcdn-us.com/tos-alisg-avt-0068/a611b7483ab5ac0f2dd4e25f05bfe164~tplv-tiktokx-cropcenter:100:100.jpg?dr=9640&refresh_token=ea358395&x-expires=1746172800&x-signature=2PM1ObVphpumcXm0IcyHZWr29eU%3D&t=4d5b0474&ps=13740610&shp=30310797&shcp=ff37627b&idc=useast5,7.4734E+18,1740037359,2025-02-20T07:42:39.000Z,0,https://vt.tiktok.com/ZSh8FQbqo/,FALSE,,7.4734E+18,,https://vt.tiktok.com/ZSh8FQbqo/,PUNK bukan berarti kebal,7.02473E+18,user192529066,https://www.tiktok.com/@hai_online/video/7473394493971074311
https://p16-common-sign-sg.tiktokcdn-us.com/tos-alisg-avt-0068/9e96bad0efd01d95cb1bbde972309fe5~tplv-tiktokx-cropcenter:100:100.jpg?dr=9640&refresh_token=81a58342&x-expires=1746172800&x-signature=1kD9DFxTbngKaPbnKiRr3yit1HE%3D&t=4d5b0474&ps=13740610&shp=30310797&shcp=ff37627b&idc=useast5,7.4734E+18,1740037096,2025-02-20T07:38:16.000Z,5,https://vt.tiktok.com/ZSh8FQbqo/,FALSE,,7.4734E+18,,https://vt.tiktok.com/ZSh8FQbqo/,lu mikir ga kalo mereka di ancem??,6.98485E+18,sir55rrrr,https://www.tiktok.com/@hai_online/video/7473394493971074311
https://p16-common-sign-sg.tiktokcdn-us.com/tos-alisg-avt-0068/0c23be7cbea52e8f4944971e73594512~tplv-tiktokx-cropcenter:100:100.jpg?dr=9640&refresh_token=740eb511&x-expires=1746172800&x-signature=HxY%2F5cReRnmiDMp6NaTyRkGRSzU%3D&t=4d5b0474&ps=13740610&shp=30310797&shcp=ff37627b&idc=useast5,7.4734E+18,1740037459,2025-02-20T07:44:19.000Z,3,https://vt.tiktok.com/ZSh8FQbqo/,FALSE,,7.4734E+18,,https://vt.tiktok.com/ZSh8FQbqo/,"yang ini klarifikasi karna ditindas, yang sebelah klarifikasi karna menindas🤭",7.02321E+18,jrigoodhuman,https://www.tiktok.com/@hai_online/video/7473394493971074311
https://p16-common-sign-va.tiktokcdn-us.com/tos-maliva-avt-0068/64f81438a0d7c78f0a5ad58018f1f062~tplv-tiktokx-cropcenter:100:100.jpg?dr=9640&refresh_token=9e6e65e5&x-expires=1746172800&x-signature=E0yAK%2Bv7Q%2FpdaOPDc%2F0arES7JcY%3D&t=4d5b0474&ps=13740610&shp=30310797&shcp=ff37627b&idc=useast5,7.47342E+18,1740040638,2025-02-20T08:37:18.000Z,1,https://vt.tiktok.com/ZSh8FQbqo/,FALSE,,7.4734E+18,,https://vt.tiktok.com/ZSh8FQbqo/,takut sama fakta lu?,6.88264E+18,voidbluee,https://www.tiktok.com/@hai_online/video/7473394493971074311
https://p16-common-sign-va.tiktokcdn-us.com/tos-maliva-avt-0068/7ebc18d87844565a442bf100aa0f4f3e~tplv-tiktokx-cropcenter:100:100.jpg?dr=9640&refresh_token=1bdd835d&x-expires=1746172800&x-signature=EazWqgywub3WvP2dAUjwb0aGasU%3D&t=4d5b0474&ps=13740610&shp=30310797&shcp=ff37627b&idc=useast5,7.47367E+18,1740098780,2025-02-21T00:46:20.000Z,0,https://vt.tiktok.com/ZSh8FQbqo/,FALSE,,7.4734E+18,,https://vt.tiktok.com/ZSh8FQbqo/,daripada mati co😂,7.21348E+18,cigarettesafterbreak11,https://www.tiktok.com/@hai_online/video/7473394493971074311
https://p16-common-sign-sg.tiktokcdn-us.com/tos-alisg-avt-0068/35ffac54a3c7ec64a00da1d406ebd52c~tplv-tiktokx-cropcenter:100:100.jpg?dr=9640&refresh_token=00efa6b9&x-expires=1746172800&x-signature=ZtnLWqEIVrC4ZTr4SV2slEvbZqw%3D&t=4d5b0474&ps=13740610&shp=30310797&shcp=ff37627b&idc=useast5,7.47742E+18,1740972327,2025-03-03T03:25:27.000Z,0,https://vt.tiktok.com/ZSh8FQbqo/,FALSE,FALSE,,0,https://vt.tiktok.com/ZSh8FQbqo/,nggak usah emang pantes,7.18848E+18,666.hanjoo,https://www.tiktok.com/@hai_online/video/7473394493971074311
https://p16-common-sign-sg.tiktokcdn-us.com/tos-alisg-avt-0068/ccff598c6e15fb90feafa9e837dd3315~tplv-tiktokx-cropcenter:100:100.jpg?dr=9640&refresh_token=97a940a9&x-expires=1746172800&x-signature=CKzOuHaEedcJVGoiRii2FyfWZDA%3D&t=4d5b0474&ps=13740610&shp=30310797&shcp=ff37627b&idc=useast5,7.49708E+18,1745549399,2025-04-25T02:49:59.000Z,0,https://vt.tiktok.com/ZSh8FQbqo/,FALSE,FALSE,,0,https://vt.tiktok.com/ZSh8FQbqo/,polisi nya ga terima njir wkwkwk polisi polisi numpang tanya 😭,7.06532E+18,_julllmpng_46,https://www.tiktok.com/@hai_online/video/7473394493971074311
https://p16-common-sign-sg.tiktokcdn-us.com/tos-alisg-avt-0068/cb5070526c6526563aeea40ea01b2a0c~tplv-tiktokx-cropcenter:100:100.jpg?dr=9640&refresh_token=dca458f6&x-expires=1746172800&x-signature=HHF%2BeqXjPzUsKzsAYfGP63UeGdQ%3D&t=4d5b0474&ps=13740610&shp=30310797&shcp=ff37627b&idc=useast5,7.47811E+18,1741132642,2025-03-04T23:57:22.000Z,0,https://vt.tiktok.com/ZSh8FQbqo/,FALSE,FALSE,,0,https://vt.tiktok.com/ZSh8FQbqo/,yaelah bang gaush maaf da emang bener lagu mu fakta bang lagumu seperti dunia nyata,7.32358E+18,alivcowonyalse,https://www.tiktok.com/@hai_online/video/7473394493971074311
https://p16-common-sign-sg.tiktokcdn-us.com/tos-alisg-avt-0068/7bfa33cd136561b347243b4196b28385~tplv-tiktokx-cropcenter:100:100.jpg?dr=9640&refresh_token=f53ce0fe&x-expires=1746172800&x-signature=yjul0WKKOKQn3BK2qVYGbtVOSB0%3D&t=4d5b0474&ps=13740610&shp=30310797&shcp=ff37627b&idc=useast5,7.4781E+18,1741131924,2025-03-04T23:45:24.000Z,0,https://vt.tiktok.com/ZSh8FQbqo/,FALSE,FALSE,,1,https://vt.tiktok.com/ZSh8FQbqo/,kenapa minta maaf memang itu fakta,7.40635E+18,gegemart2015,https://www.tiktok.com/@hai_online/video/7473394493971074311
https://p16-common-sign-useast2a.tiktokcdn-us.com/tos-useast2a-avt-0068-giso/7144966506748018715~tplv-tiktokx-cropcenter:100:100.jpg?dr=9640&refresh_token=3730b47a&x-expires=1746172800&x-signature=ipDPKBx%2BpxulSs6VlE92%2BzvggUg%3D&t=4d5b0474&ps=13740610&shp=30310797&shcp=ff37627b&idc=useast5,7.4781E+18,1741131496,2025-03-04T23:38:16.000Z,0,https://vt.tiktok.com/ZSh8FQbqo/,FALSE,FALSE,,0,https://vt.tiktok.com/ZSh8FQbqo/,"bener kata Ahok. orang miskin jangan lawan orang kaya,orang kaya jangan lawan pejabat . sekalipun kalian ini bener",7.14497E+18,ulfajpr75,https://www.tiktok.com/@hai_online/video/7473394493971074311
https://p16-common-sign-sg.tiktokcdn-us.com/tos-alisg-avt-0068/67b7ad401e35e1ac8b3743278c516de6~tplv-tiktokx-cropcenter:100:100.jpg?dr=9640&refresh_token=0ba4e255&x-expires=1746172800&x-signature=tUTmJjsddwGdc7KFA8GOz2cECyg%3D&t=4d5b0474&ps=13740610&shp=30310797&shcp=ff37627b&idc=useast5,7.47742E+18,1740971421,2025-03-03T03:10:21.000Z,0,https://vt.tiktok.com/ZSh8FQbqo/,FALSE,FALSE,,0,https://vt.tiktok.com/ZSh8FQbqo/,ga salah ko mas dan mbk...,6.69316E+18,gantileorsaja,https://www.tiktok.com/@hai_online/video/7473394493971074311
https://p19-common-sign-va.tiktokcdn-us.com/tos-maliva-avt-0068/455376d9dbdb1862cd004d08d0a9c9c0~tplv-tiktokx-cropcenter:100:100.jpg?dr=9640&refresh_token=e8f44c42&x-expires=1746172800&x-signature=4QX%2B1EFds9EY%2FvgCQLM9UL9IxkI%3D&t=4d5b0474&ps=13740610&shp=30310797&shcp=ff37627b&idc=useast5,7.47804E+18,1741118023,2025-03-04T19:53:43.000Z,0,https://vt.tiktok.com/ZSh8FQbqo/,FALSE,FALSE,,0,https://vt.tiktok.com/ZSh8FQbqo/,ya kamu sih lupa bayar paling,7.42307E+18,bondan5757,https://www.tiktok.com/@hai_online/video/7473394493971074311
https://p16-common-sign-sg.tiktokcdn-us.com/tos-alisg-avt-0068/c35cac95444e450c2fd6979a15332681~tplv-tiktokx-cropcenter:100:100.jpg?dr=9640&refresh_token=a92effc2&x-expires=1746172800&x-signature=1g%2BCYQ0aukixUp7D%2BpUNPt5g5V0%3D&t=4d5b0474&ps=13740610&shp=30310797&shcp=ff37627b&idc=useast5,7.48342E+18,1742368365,2025-03-19T07:12:45.000Z,0,https://vt.tiktok.com/ZSh8FQbqo/,FALSE,FALSE,,0,https://vt.tiktok.com/ZSh8FQbqo/,memang faktanya begitu,6.81999E+18,ianrahmatdany,https://www.tiktok.com/@hai_online/video/7473394493971074311
https://p16-common-sign-useast2a.tiktokcdn-us.com/tos-useast2a-avt-0068-giso/c29b52b34b97b212aa18d451db56197b~tplv-tiktokx-cropcenter:100:100.jpg?dr=9640&refresh_token=1c6abf0d&x-expires=1746172800&x-signature=pGDGNYayg4U3nsl6d1g%2B1wHxupw%3D&t=4d5b0474&ps=13740610&shp=30310797&shcp=ff37627b&idc=useast5,7.47799E+18,1741105690,2025-03-04T16:28:10.000Z,0,https://vt.tiktok.com/ZSh8FQbqo/,FALSE,FALSE,,0,https://vt.tiktok.com/ZSh8FQbqo/,Ini yg namanya sejahtera?,6.80627E+18,lalasolin,https://www.tiktok.com/@hai_online/video/7473394493971074311
https://p16-common-sign-sg.tiktokcdn-us.com/tos-alisg-avt-0068/1d3bf5a8cbe1371af32eb7a723bd765d~tplv-tiktokx-cropcenter:100:100.jpg?dr=9640&refresh_token=377cedc7&x-expires=1746172800&x-signature=YjlNUHWkX98GZvN0RjuPvHOYeeo%3D&t=4d5b0474&ps=13740610&shp=30310797&shcp=ff37627b&idc=useast5,7.47799E+18,1741105471,2025-03-04T16:24:31.000Z,0,https://vt.tiktok.com/ZSh8FQbqo/,FALSE,FALSE,,0,https://vt.tiktok.com/ZSh8FQbqo/,ora salah kok minta maaf😁,7.44937E+18,kodam974,https://www.tiktok.com/@hai_online/video/7473394493971074311
https://p16-common-sign-sg.tiktokcdn-us.com/tos-alisg-avt-0068/b2c1fbb9420c17c99ec8c68c36706870~tplv-tiktokx-cropcenter:100:100.jpg?dr=9640&refresh_token=30c3effa&x-expires=1746172800&x-signature=D44PjQT5C1SGJuvB1XBlnIG7%2BDY%3D&t=4d5b0474&ps=13740610&shp=30310797&shcp=ff37627b&idc=useast5,7.47798E+18,1741102782,2025-03-04T15:39:42.000Z,0,https://vt.tiktok.com/ZSh8FQbqo/,FALSE,FALSE,,0,https://vt.tiktok.com/ZSh8FQbqo/,polisinya panas🔥,7.44926E+18,engine11_za,https://www.tiktok.com/@hai_online/video/7473394493971074311
https://p16-common-sign-sg.tiktokcdn-us.com/tos-alisg-avt-0068/0780a4064b6834f47317189e1c78430c~tplv-tiktokx-cropcenter:100:100.jpg?dr=9640&refresh_token=c9cac574&x-expires=1746172800&x-signature=toKDnbqtDzNrGquomchA9JwVPTE%3D&t=4d5b0474&ps=13740610&shp=30310797&shcp=ff37627b&idc=useast5,7.486E+18,1742970173,2025-03-26T06:22:53.000Z,0,https://vt.tiktok.com/ZSh8FQbqo/,FALSE,FALSE,,0,https://vt.tiktok.com/ZSh8FQbqo/,kenapa minta maaf kan memang kenyataan.,6.65629E+18,christianblessfullchris1,https://www.tiktok.com/@hai_online/video/7473394493971074311
https://p19-common-sign-va.tiktokcdn-us.com/tos-maliva-avt-0068/70ce3bdbe573a96b98cca4cc08030652~tplv-tiktokx-cropcenter:100:100.jpg?dr=9640&refresh_token=eecf2a0a&x-expires=1746172800&x-signature=8ZF4llUeqlowof3sHLS7Wad3jyg%3D&t=4d5b0474&ps=13740610&shp=30310797&shcp=ff37627b&idc=useast5,7.47796E+18,1741098363,2025-03-04T14:26:03.000Z,0,https://vt.tiktok.com/ZSh8FQbqo/,FALSE,FALSE,,0,https://vt.tiktok.com/ZSh8FQbqo/,"ga kebayang
di balik topengnya orangnya kelihatan sederhana...",7.13634E+18,dedipriyanto678,https://www.tiktok.com/@hai_online/video/7473394493971074311
https://p19-common-sign-va.tiktokcdn-us.com/tos-maliva-avt-0068/084d9577354440a6ddfbd86c7341c4ec~tplv-tiktokx-cropcenter:100:100.jpg?dr=9640&refresh_token=3064f5e1&x-expires=1746172800&x-signature=SiYAvjEONoCap%2Bw%2FeC%2Bhpd1yGeY%3D&t=4d5b0474&ps=13740610&shp=30310797&shcp=ff37627b&idc=useast5,7.4861E+18,1742994536,2025-03-26T13:08:56.000Z,0,https://vt.tiktok.com/ZSh8FQbqo/,FALSE,FALSE,,0,https://vt.tiktok.com/ZSh8FQbqo/,"gausah minta maaf kak..kakak kakak gak salah
emang kenyataannya seperti itu kok.uupppsss",7.2952E+18,rohmahraya,https://www.tiktok.com/@hai_online/video/7473394493971074311
https://p16-common-sign-useast2a.tiktokcdn-us.com/tos-useast2a-avt-0068-giso/f72a86fdde0a58c7ac17b1afafeb58ef~tplv-tiktokx-cropcenter:100:100.jpg?dr=9640&refresh_token=cb1816fd&x-expires=1746172800&x-signature=OU7ooBcb4eulQ%2FFzlFJCL7i8ekw%3D&t=4d5b0474&ps=13740610&shp=30310797&shcp=ff37627b&idc=useast5,7.48328E+18,1742336499,2025-03-18T22:21:39.000Z,0,https://vt.tiktok.com/ZSh8FQbqo/,FALSE,FALSE,,0,https://vt.tiktok.com/ZSh8FQbqo/,ngapain minta maaf..😏 memang kenyataan kok,6.75874E+18,aqmar21,https://www.tiktok.com/@hai_online/video/7473394493971074311
https://p16-common-sign-sg.tiktokcdn-us.com/tos-alisg-avt-0068/4904801465e4aa185016c3e526460386~tplv-tiktokx-cropcenter:100:100.jpg?dr=9640&refresh_token=75d624a9&x-expires=1746172800&x-signature=dfhqGwoLfR5FZyqTJWEllrLVEeY%3D&t=4d5b0474&ps=13740610&shp=30310797&shcp=ff37627b&idc=useast5,7.48597E+18,1742964338,2025-03-26T04:45:38.000Z,0,https://vt.tiktok.com/ZSh8FQbqo/,FALSE,FALSE,,0,https://vt.tiktok.com/ZSh8FQbqo/,loh line up nya tak sejaguh lagunya ..,6.95863E+18,un1versa7meta7,https://www.tiktok.com/@hai_online/video/7473394493971074311
https://p16-common-sign-va.tiktokcdn-us.com/tos-maliva-avt-0068/6b6ec30bbf6747485e9de69f77028f3b~tplv-tiktokx-cropcenter:100:100.jpg?dr=9640&refresh_token=dc861db8&x-expires=1746172800&x-signature=6A4Nj0Y%2BMfi9UxDXfn%2FbwqdDMes%3D&t=4d5b0474&ps=13740610&shp=30310797&shcp=ff37627b&idc=useast5,7.47791E+18,1741086842,2025-03-04T11:14:02.000Z,0,https://vt.tiktok.com/ZSh8FQbqo/,FALSE,FALSE,,0,https://vt.tiktok.com/ZSh8FQbqo/,hadeh ne fakta...kq mnta maap ...,7.27481E+18,syu7391,https://www.tiktok.com/@hai_online/video/7473394493971074311
https://p16-common-sign-sg.tiktokcdn-us.com/tos-alisg-avt-0068/e7a25bdf055168565ea4894e46138386~tplv-tiktokx-cropcenter:100:100.jpg?dr=9640&refresh_token=cf1ff6bd&x-expires=1746172800&x-signature=FKiI1IKk%2BrdZPhFN4wRXkJNqxfA%3D&t=4d5b0474&ps=13740610&shp=30310797&shcp=ff37627b&idc=useast5,7.47812E+18,1741134890,2025-03-05T00:34:50.000Z,0,https://vt.tiktok.com/ZSh8FQbqo/,FALSE,FALSE,,0,https://vt.tiktok.com/ZSh8FQbqo/,"zaman sekarang berbicara real n fakta d medsos koq malah harus d paksa d klarifikasi yak,ada pa indonesia",7.25973E+18,windy12392,https://www.tiktok.com/@hai_online/video/7473394493971074311
https://p19-common-sign-sg.tiktokcdn-us.com/tos-alisg-avt-0068/6656d2f80b27a451ea11d5c062e081b5~tplv-tiktokx-cropcenter:100:100.jpg?dr=9640&refresh_token=7fa976f6&x-expires=1746172800&x-signature=kBmdiDH92R61T%2F%2Bl0UEU2nIspBE%3D&t=4d5b0474&ps=13740610&shp=30310797&shcp=ff37627b&idc=useast5,7.4779E+18,1741085104,2025-03-04T10:45:04.000Z,0,https://vt.tiktok.com/ZSh8FQbqo/,FALSE,FALSE,,0,https://vt.tiktok.com/ZSh8FQbqo/,harus klarifikasi padahal fakta🔥,7.25769E+18,sovian_,https://www.tiktok.com/@hai_online/video/7473394493971074311
https://p16-common-sign-sg.tiktokcdn-us.com/tos-alisg-avt-0068/a6536d1c3759ac93e87133e4ec046487~tplv-tiktokx-cropcenter:100:100.jpg?dr=9640&refresh_token=516905c2&x-expires=1746172800&x-signature=mhNFnGt%2BU2aqtea2fxarYPfRkz4%3D&t=4d5b0474&ps=13740610&shp=30310797&shcp=ff37627b&idc=useast5,7.48317E+18,1742311830,2025-03-18T15:30:30.000Z,0,https://vt.tiktok.com/ZSh8FQbqo/,FALSE,FALSE,,0,https://vt.tiktok.com/ZSh8FQbqo/,bayar ical,7.47525E+18,arilll4534,https://www.tiktok.com/@hai_online/video/7473394493971074311
https://p16-common-sign-sg.tiktokcdn-us.com/tos-alisg-avt-0068/12208dc7490fdbe605ab61c7da0112ca~tplv-tiktokx-cropcenter:100:100.jpg?dr=9640&refresh_token=c1c12649&x-expires=1746172800&x-signature=arcaDMqYQqKHMNIAgWr73vCWyxo%3D&t=4d5b0474&ps=13740610&shp=30310797&shcp=ff37627b&idc=useast5,7.47787E+18,1741077013,2025-03-04T08:30:13.000Z,0,https://vt.tiktok.com/ZSh8FQbqo/,FALSE,FALSE,,0,https://vt.tiktok.com/ZSh8FQbqo/,ini pasti sudah di intimidasi. pdhal kapolri bicara tidak ada masalah dengan lagu nya. fakta beda sama di lapangan. atasan nya saja gk di dengarin. apalagi rakyat,6.55286E+18,bangjait310,https://www.tiktok.com/@hai_online/video/7473394493971074311
https://p16-common-sign-va.tiktokcdn-us.com/tos-maliva-avt-0068/f4e820ebcefe6d3a189f02cdbbb305d2~tplv-tiktokx-cropcenter:100:100.jpg?dr=9640&refresh_token=dd14d6f1&x-expires=1746172800&x-signature=Igyj2O41cuCb%2Bu4TVwi5lpfzgYA%3D&t=4d5b0474&ps=13740610&shp=30310797&shcp=ff37627b&idc=useast5,7.47783E+18,1741067857,2025-03-04T05:57:37.000Z,0,https://vt.tiktok.com/ZSh8FQbqo/,FALSE,FALSE,,0,https://vt.tiktok.com/ZSh8FQbqo/,gak usah mintak maaf bang ....fakta di lapangan memang bayar ...saya kehilangan. sepeda motor saja buat laporan harus bayar baru di buatkan surat kehilangan ...,7.0797E+18,yuli.hariyanto1,https://www.tiktok.com/@hai_online/video/7473394493971074311
https://p16-common-sign-va.tiktokcdn-us.com/tos-maliva-avt-0068/4d274fac87061d35c0145b388e664ae3~tplv-tiktokx-cropcenter:100:100.jpg?dr=9640&refresh_token=dbbf31d2&x-expires=1746172800&x-signature=Ly%2BNMOFX%2BapwlVpJfl3%2BaSbg9CM%3D&t=4d5b0474&ps=13740610&shp=30310797&shcp=ff37627b&idc=useast5,7.47743E+18,1740975993,2025-03-03T04:26:33.000Z,0,https://vt.tiktok.com/ZSh8FQbqo/,FALSE,FALSE,,0,https://vt.tiktok.com/ZSh8FQbqo/,kemarin koar koar kok sekarang klarifikasi,7.44153E+18,gapett.nii,https://www.tiktok.com/@hai_online/video/7473394493971074311
https://p16-common-sign-useast2a.tiktokcdn-us.com/tos-useast2a-avt-0068-giso/81795b01ec24617842553fda65bf3e30~tplv-tiktokx-cropcenter:100:100.jpg?dr=9640&refresh_token=717931d4&x-expires=1746172800&x-signature=uS4qw%2Fjy6cJlBJPDvSBQAKANSAU%3D&t=4d5b0474&ps=13740610&shp=30310797&shcp=ff37627b&idc=useast5,7.47782E+18,1741065127,2025-03-04T05:12:07.000Z,0,https://vt.tiktok.com/ZSh8FQbqo/,FALSE,FALSE,,0,https://vt.tiktok.com/ZSh8FQbqo/,terintimidasi in mah,6.76876E+18,sitinuraini088,https://www.tiktok.com/@hai_online/video/7473394493971074311
https://p16-common-sign-sg.tiktokcdn-us.com/tos-alisg-avt-0068/7b8b34008d2370c1a3aabdf086dfa318~tplv-tiktokx-cropcenter:100:100.jpg?dr=9640&refresh_token=18ecd7be&x-expires=1746172800&x-signature=8lf%2Bk9OJFYPF6ELPVjIELQojg1o%3D&t=4d5b0474&ps=13740610&shp=30310797&shcp=ff37627b&idc=useast5,7.47775E+18,1741062217,2025-03-04T04:23:37.000Z,0,https://vt.tiktok.com/ZSh8FQbqo/,FALSE,FALSE,,0,https://vt.tiktok.com/ZSh8FQbqo/,bnr dan fakta,7.25621E+18,sitiyusriati26,https://www.tiktok.com/@hai_online/video/7473394493971074311
https://p16-common-sign-sg.tiktokcdn-us.com/tos-alisg-avt-0068/49ba17cb18a0c65a36d3e1f470d422b7~tplv-tiktokx-cropcenter:100:100.jpg?dr=9640&refresh_token=19a8ee36&x-expires=1746172800&x-signature=4QinSAEVWt0R477KmdJaW7lRI8k%3D&t=4d5b0474&ps=13740610&shp=30310797&shcp=ff37627b&idc=useast5,7.48367E+18,1742427039,2025-03-19T23:30:39.000Z,0,https://vt.tiktok.com/ZSh8FQbqo/,FALSE,FALSE,,1,https://vt.tiktok.com/ZSh8FQbqo/,ngapain minta maaf emang itu fakta🤣🤣🤣,7.18811E+18,djyo21,https://www.tiktok.com/@hai_online/video/7473394493971074311
https://p16-common-sign-sg.tiktokcdn-us.com/tos-alisg-avt-0068/9c383f9507416dd055dac79638176548~tplv-tiktokx-cropcenter:100:100.jpg?dr=9640&refresh_token=f81e51fc&x-expires=1746172800&x-signature=DL4dzwnegunShda7PXcEP0GEX7M%3D&t=4d5b0474&ps=13740610&shp=30310797&shcp=ff37627b&idc=useast5,7.47814E+18,1741140457,2025-03-05T02:07:37.000Z,0,https://vt.tiktok.com/ZSh8FQbqo/,FALSE,FALSE,,0,https://vt.tiktok.com/ZSh8FQbqo/,"ngapain klarifikasi minta maaf,",7.44123E+18,daniah3209,https://www.tiktok.com/@hai_online/video/7473394493971074311
https://p16-common-sign-sg.tiktokcdn-us.com/tos-alisg-avt-0068/5521df021c1b0103339d5378122279b7~tplv-tiktokx-cropcenter:100:100.jpg?dr=9640&refresh_token=dafd902e&x-expires=1746172800&x-signature=B6Hq%2B1RcjVqivnfN7JDEzYU8lNQ%3D&t=4d5b0474&ps=13740610&shp=30310797&shcp=ff37627b&idc=useast5,7.48243E+18,1742138571,2025-03-16T15:22:51.000Z,0,https://vt.tiktok.com/ZSh8FQbqo/,FALSE,FALSE,,0,https://vt.tiktok.com/ZSh8FQbqo/,kanpa di klarifikasi lo pdahal kerenn,6.91875E+18,180598raden,https://www.tiktok.com/@hai_online/video/7473394493971074311
https://p16-common-sign-va.tiktokcdn-us.com/tos-maliva-avt-0068/7342713455965241350~tplv-tiktokx-cropcenter:100:100.jpg?dr=9640&refresh_token=c646a7b9&x-expires=1746172800&x-signature=gsXuChqsrOAdGH6gw5xrkrFbDO4%3D&t=4d5b0474&ps=13740610&shp=30310797&shcp=ff37627b&idc=useast5,7.4778E+18,1741061360,2025-03-04T04:09:20.000Z,0,https://vt.tiktok.com/ZSh8FQbqo/,FALSE,FALSE,,0,https://vt.tiktok.com/ZSh8FQbqo/,lanjutin,7.15607E+18,gelap.roster.fram,https://www.tiktok.com/@hai_online/video/7473394493971074311
https://p16-common-sign-sg.tiktokcdn-us.com/tos-alisg-avt-0068/9ee1589cd0293b41f7958619b25a08e3~tplv-tiktokx-cropcenter:100:100.jpg?dr=9640&refresh_token=cd072b9e&x-expires=1746172800&x-signature=7tzcRvSIeG%2BZg65ymS%2BbYH8eHr4%3D&t=4d5b0474&ps=13740610&shp=30310797&shcp=ff37627b&idc=useast5,7.47746E+18,1740982027,2025-03-03T06:07:07.000Z,0,https://vt.tiktok.com/ZSh8FQbqo/,FALSE,FALSE,,0,https://vt.tiktok.com/ZSh8FQbqo/,klarifikasi tpi kaya ngebaca tp gtau ya ini penglihatan gua doang,7.25949E+18,nilamsari_24,https://www.tiktok.com/@hai_online/video/7473394493971074311
https://p16-common-sign-sg.tiktokcdn-us.com/tos-alisg-avt-0068/ae8f3448a46bd4864b012ed7318aaafa~tplv-tiktokx-cropcenter:100:100.jpg?dr=9640&refresh_token=e79dd68c&x-expires=1746172800&x-signature=kuk5LHvdYdyPckkUGLq%2B4t0QEEs%3D&t=4d5b0474&ps=13740610&shp=30310797&shcp=ff37627b&idc=useast5,7.47816E+18,1741145284,2025-03-05T03:28:04.000Z,0,https://vt.tiktok.com/ZSh8FQbqo/,FALSE,,7.4781E+18,,https://vt.tiktok.com/ZSh8FQbqo/,oya dak tau,7.44699E+18,kucing_tob_tobi_tob,https://www.tiktok.com/@hai_online/video/7473394493971074311
https://p16-common-sign-sg.tiktokcdn-us.com/tos-alisg-avt-0068/4bf609d2ba8396a09d393dfb02f8b494~tplv-tiktokx-cropcenter:100:100.jpg?dr=9640&refresh_token=03856155&x-expires=1746172800&x-signature=3zf5BSplITQGpZGtHn0sUSuH%2BOU%3D&t=4d5b0474&ps=13740610&shp=30310797&shcp=ff37627b&idc=useast5,7.484E+18,1742504751,2025-03-20T21:05:51.000Z,0,https://vt.tiktok.com/ZSh8FQbqo/,FALSE,,7.48367E+18,,https://vt.tiktok.com/ZSh8FQbqo/,padahal fakta tapi tak mau mengakui😹😹😹,7.12235E+18,mdfzzk,https://www.tiktok.com/@hai_online/video/7473394493971074311
https://p16-common-sign-va.tiktokcdn-us.com/tos-maliva-avt-0068/16fc91f61ea200d1358e5791438ec8cb~tplv-tiktokx-cropcenter:100:100.jpg?dr=9640&refresh_token=75f8e7ed&x-expires=1746172800&x-signature=TPZblQbN631%2BSw%2BOgNY8AHcuTLw%3D&t=4d5b0474&ps=13740610&shp=30310797&shcp=ff37627b&idc=useast5,7.47837E+18,1741193433,2025-03-05T16:50:33.000Z,0,https://vt.tiktok.com/ZSh8FQbqo/,FALSE,FALSE,,0,https://vt.tiktok.com/ZSh8FQbqo/,Lagu itu kisah nyata kok dan real saya liat dengan mata kepala sendiri tenang aja😂,6.89525E+18,zakiazmi911,https://www.tiktok.com/@hai_online/video/7473394493971074311
https://p16-common-sign-va.tiktokcdn-us.com/tos-maliva-avt-0068/7298954452017348614~tplv-tiktokx-cropcenter:100:100.jpg?dr=9640&refresh_token=2bdd2bb0&x-expires=1746172800&x-signature=cLzrJJt3GgQZByHJH7J21StXaHA%3D&t=4d5b0474&ps=13740610&shp=30310797&shcp=ff37627b&idc=useast5,7.47842E+18,1741205880,2025-03-05T20:18:00.000Z,0,https://vt.tiktok.com/ZSh8FQbqo/,FALSE,FALSE,,0,https://vt.tiktok.com/ZSh8FQbqo/,"tdk ada paksaan tp rona wajah mrk tegang gt, kasian,,jd curiga",7.29417E+18,wellyus.tanting,https://www.tiktok.com/@hai_online/video/7473394493971074311
https://p16-common-sign-va.tiktokcdn-us.com/tos-maliva-avt-0068/eceb76a26e943902a636ff3c7307989c~tplv-tiktokx-cropcenter:100:100.jpg?dr=9640&refresh_token=4a9ff6a4&x-expires=1746172800&x-signature=U%2FJf1hwirgh%2FrkO24bI5FJr6d3I%3D&t=4d5b0474&ps=13740610&shp=30310797&shcp=ff37627b&idc=useast5,7.47846E+18,1741213580,2025-03-05T22:26:20.000Z,0,https://vt.tiktok.com/ZSh8FQbqo/,FALSE,FALSE,,0,https://vt.tiktok.com/ZSh8FQbqo/,tapi ini kenyataaan boyyyyy,6.52426E+18,adhwaa_nahdah,https://www.tiktok.com/@hai_online/video/7473394493971074311
https://p16-common-sign-sg.tiktokcdn-us.com/tos-alisg-avt-0068/0ddc6ae3162047e74fa24715a309f8d9~tplv-tiktokx-cropcenter:100:100.jpg?dr=9640&refresh_token=db1f8d4d&x-expires=1746172800&x-signature=Ma7B0lgk%2BcUnzKDTYGyMU7r47YE%3D&t=4d5b0474&ps=13740610&shp=30310797&shcp=ff37627b&idc=useast5,7.47743E+18,1740975565,2025-03-03T04:19:25.000Z,0,https://vt.tiktok.com/ZSh8FQbqo/,FALSE,FALSE,,0,https://vt.tiktok.com/ZSh8FQbqo/,"polisi merasa kesinggung 🤣
padahal iya kenyataan nya",7.27192E+18,gblok7293,https://www.tiktok.com/@hai_online/video/7473394493971074311
https://p16-common-sign-va.tiktokcdn-us.com/tos-maliva-avt-0068/2e1bec4259d13f52f2c78c873c4b0051~tplv-tiktokx-cropcenter:100:100.jpg?dr=9640&refresh_token=32b8b930&x-expires=1746172800&x-signature=YT8F96WqAXwXDCKKUKEZTm4pd%2BI%3D&t=4d5b0474&ps=13740610&shp=30310797&shcp=ff37627b&idc=useast5,7.48416E+18,1742541741,2025-03-21T07:22:21.000Z,0,https://vt.tiktok.com/ZSh8FQbqo/,FALSE,FALSE,,0,https://vt.tiktok.com/ZSh8FQbqo/,ga ush klarifikasi KA.. lagu Kaka smua fakta koo.,7.44419E+18,user987564913,https://www.tiktok.com/@hai_online/video/7473394493971074311
https://p16-common-sign-sg.tiktokcdn-us.com/tos-alisg-avt-0068/7334446787811344402~tplv-tiktokx-cropcenter:100:100.jpg?dr=9640&refresh_token=b2ded9b0&x-expires=1746172800&x-signature=4NNyWWK5tcmWEJz9UhoqeKLFp%2BM%3D&t=4d5b0474&ps=13740610&shp=30310797&shcp=ff37627b&idc=useast5,7.49816E+18,1745801160,2025-04-28T00:46:00.000Z,0,https://vt.tiktok.com/ZSh8FQbqo/,FALSE,FALSE,,0,https://vt.tiktok.com/ZSh8FQbqo/,kog minta maaf..kan fakta,6.54826E+18,kirana2316,https://www.tiktok.com/@hai_online/video/7473394493971074311
https://p16-common-sign-va.tiktokcdn-us.com/tos-maliva-avt-0068/b32f5e63936fda2a21be1441972c6d1f~tplv-tiktokx-cropcenter:100:100.jpg?dr=9640&refresh_token=b928e07c&x-expires=1746172800&x-signature=TfiQx%2FrG%2FnKMQQYR7%2F3nEFfZc7M%3D&t=4d5b0474&ps=13740610&shp=30310797&shcp=ff37627b&idc=useast5,7.47897E+18,1741332844,2025-03-07T07:34:04.000Z,0,https://vt.tiktok.com/ZSh8FQbqo/,FALSE,FALSE,,0,https://vt.tiktok.com/ZSh8FQbqo/,knp mnt maaf mmng betul k gt d indonesia ni,6.95322E+18,_dedikelana_,https://www.tiktok.com/@hai_online/video/7473394493971074311
https://p16-common-sign-sg.tiktokcdn-us.com/tos-alisg-avt-0068/06a76123470c07817328c1fd353e6bd1~tplv-tiktokx-cropcenter:100:100.jpg?dr=9640&refresh_token=749c2bbc&x-expires=1746172800&x-signature=1rljYrWy53O8dMgta%2Fq1%2F%2BUIIY0%3D&t=4d5b0474&ps=13740610&shp=30310797&shcp=ff37627b&idc=useast5,7.47896E+18,1741330859,2025-03-07T07:00:59.000Z,0,https://vt.tiktok.com/ZSh8FQbqo/,FALSE,FALSE,,0,https://vt.tiktok.com/ZSh8FQbqo/,Novi lu keren,7.286E+18,ndung.gondrong,https://www.tiktok.com/@hai_online/video/7473394493971074311
https://p16-common-sign-va.tiktokcdn-us.com/tos-maliva-avt-0068/3fda21de8724a4a4b364620a3f38d33e~tplv-tiktokx-cropcenter:100:100.jpg?dr=9640&refresh_token=3658cf00&x-expires=1746172800&x-signature=msQwjaPuU%2FEvdCeghszCjqf5xQ4%3D&t=4d5b0474&ps=13740610&shp=30310797&shcp=ff37627b&idc=useast5,7.47895E+18,1741329589,2025-03-07T06:39:49.000Z,0,https://vt.tiktok.com/ZSh8FQbqo/,FALSE,FALSE,,0,https://vt.tiktok.com/ZSh8FQbqo/,Buat apa minta maaf orang fakta,6.91124E+18,xwyz_2,https://www.tiktok.com/@hai_online/video/7473394493971074311
https://p16-common-sign-sg.tiktokcdn-us.com/tos-alisg-avt-0068/49ca2f3c5d5a90fc8a3f9772dbc56e1e~tplv-tiktokx-cropcenter:100:100.jpg?dr=9640&refresh_token=916e0a24&x-expires=1746172800&x-signature=X1r6O8nKbUASUGp0YVrcwa60q08%3D&t=4d5b0474&ps=13740610&shp=30310797&shcp=ff37627b&idc=useast5,7.47796E+18,1741099241,2025-03-04T14:40:41.000Z,0,https://vt.tiktok.com/ZSh8FQbqo/,FALSE,FALSE,,0,https://vt.tiktok.com/ZSh8FQbqo/,kenapa haruss minta maaf lagu KK suda benar yg tersinggung berarti mereka pernah berbuat,75214739985,zulfikar280492,https://www.tiktok.com/@hai_online/video/7473394493971074311
https://p19-common-sign-sg.tiktokcdn-us.com/tos-alisg-avt-0068/47ad5f658d8662569c16abb0f0909dcb~tplv-tiktokx-cropcenter:100:100.jpg?dr=9640&refresh_token=72b06d1f&x-expires=1746172800&x-signature=r%2FyxqVC4r7t%2BFd%2FRibAYESNuqn8%3D&t=4d5b0474&ps=13740610&shp=30310797&shcp=ff37627b&idc=useast5,7.47793E+18,1741090173,2025-03-04T12:09:33.000Z,0,https://vt.tiktok.com/ZSh8FQbqo/,FALSE,FALSE,,0,https://vt.tiktok.com/ZSh8FQbqo/,yang intimidasi siapa? GA MUNGKIN TIBA-TIBA MINTA MAAF🤣,7.18081E+18,lev1s30,https://www.tiktok.com/@hai_online/video/7473394493971074311
https://p16-common-sign-va.tiktokcdn-us.com/tos-maliva-avt-0068/91f6efd90d568eec4ee5b0e68c92fa7f~tplv-tiktokx-cropcenter:100:100.jpg?dr=9640&refresh_token=b4564120&x-expires=1746172800&x-signature=LOF07o8LpYt7%2FTZKZApEBY64Tu4%3D&t=4d5b0474&ps=13740610&shp=30310797&shcp=ff37627b&idc=useast5,7.49195E+18,1744356208,2025-04-11T07:23:28.000Z,0,https://vt.tiktok.com/ZSh8FQbqo/,FALSE,FALSE,,0,https://vt.tiktok.com/ZSh8FQbqo/,gak perlu minta maaf bang rakyat indonesia bersamamu🤟🤟🤟,7.39586E+18,sixteencustom3,https://www.tiktok.com/@hai_online/video/7473394493971074311
https://p19-common-sign-sg.tiktokcdn-us.com/tos-alisg-avt-0068/0f296622490f17ccb0ab30387db75ceb~tplv-tiktokx-cropcenter:100:100.jpg?dr=9640&refresh_token=7b3bafb8&x-expires=1746172800&x-signature=TuBW5vRY07AhiIIuW4ftR2XZrOk%3D&t=4d5b0474&ps=13740610&shp=30310797&shcp=ff37627b&idc=useast5,7.47874E+18,1741280061,2025-03-06T16:54:21.000Z,0,https://vt.tiktok.com/ZSh8FQbqo/,FALSE,FALSE,,0,https://vt.tiktok.com/ZSh8FQbqo/,"Tak perlu minta maaf, emang faktanya begitu. KALIAN KEREN !!!",7.00356E+18,irfanro369,https://www.tiktok.com/@hai_online/video/7473394493971074311
https://p16-common-sign-useast2a.tiktokcdn-us.com/tos-useast2a-avt-0068-giso/782f1d1d2e58fc14e7f4abcae5048c26~tplv-tiktokx-cropcenter:100:100.jpg?dr=9640&refresh_token=399dd255&x-expires=1746172800&x-signature=ebNdaJZ6RNODMQ1P02e08FcFTL0%3D&t=4d5b0474&ps=13740610&shp=30310797&shcp=ff37627b&idc=useast5,7.47858E+18,1741243300,2025-03-06T06:41:40.000Z,0,https://vt.tiktok.com/ZSh8FQbqo/,FALSE,FALSE,,0,https://vt.tiktok.com/ZSh8FQbqo/,lagunya best 👍👍👍,7.09695E+18,paisalhamid12,https://www.tiktok.com/@hai_online/video/7473394493971074311
https://p16-common-sign-sg.tiktokcdn-us.com/tos-alisg-avt-0068/7332250388273299457~tplv-tiktokx-cropcenter:100:100.jpg?dr=9640&refresh_token=d88c3762&x-expires=1746172800&x-signature=bLeToU7azVAjRP7e2hkjO7NA0PY%3D&t=4d5b0474&ps=13740610&shp=30310797&shcp=ff37627b&idc=useast5,7.48416E+18,1742540738,2025-03-21T07:05:38.000Z,0,https://vt.tiktok.com/ZSh8FQbqo/,FALSE,FALSE,,0,https://vt.tiktok.com/ZSh8FQbqo/,klarifikasi ya karena blm bayar polisi 😂,6.80473E+18,q2ddoanx,https://www.tiktok.com/@hai_online/video/7473394493971074311
https://p16-common-sign-sg.tiktokcdn-us.com/tos-alisg-avt-0068/21221d46753e6ff5fd7503ef992cb939~tplv-tiktokx-cropcenter:100:100.jpg?dr=9640&refresh_token=ff053cbd&x-expires=1746172800&x-signature=MXpdRTGhlxFmUpGWrSPhvWJOan0%3D&t=4d5b0474&ps=13740610&shp=30310797&shcp=ff37627b&idc=useast5,7.48413E+18,1742535024,2025-03-21T05:30:24.000Z,0,https://vt.tiktok.com/ZSh8FQbqo/,FALSE,FALSE,,0,https://vt.tiktok.com/ZSh8FQbqo/,itu fakta bos,7.35765E+18,kacangtanah842,https://www.tiktok.com/@hai_online/video/7473394493971074311
https://p16-common-sign-sg.tiktokcdn-us.com/tos-alisg-avt-0068/75e27778c9aa71c3ec4e405165892ae6~tplv-tiktokx-cropcenter:100:100.jpg?dr=9640&refresh_token=a304b5ec&x-expires=1746172800&x-signature=nADnHwgkfWjwuxwwIhefQOOXqsw%3D&t=4d5b0474&ps=13740610&shp=30310797&shcp=ff37627b&idc=useast5,7.47857E+18,1741240190,2025-03-06T05:49:50.000Z,0,https://vt.tiktok.com/ZSh8FQbqo/,FALSE,FALSE,,0,https://vt.tiktok.com/ZSh8FQbqo/,"knpa hrus klarifikasi...?
toh oknum polisi memang begitu ko di jalan",7.30909E+18,mahruri.ruri,https://www.tiktok.com/@hai_online/video/7473394493971074311
https://p16-common-sign-sg.tiktokcdn-us.com/tos-alisg-avt-0068/171879329c6b894158155d18db85fc3d~tplv-tiktokx-cropcenter:100:100.jpg?dr=9640&refresh_token=67c7e71b&x-expires=1746172800&x-signature=AJnWtzzv6JawSGOCtOgrBB27RfY%3D&t=4d5b0474&ps=13740610&shp=30310797&shcp=ff37627b&idc=useast5,7.47731E+18,1740946504,2025-03-02T20:15:04.000Z,0,https://vt.tiktok.com/ZSh8FQbqo/,FALSE,FALSE,,0,https://vt.tiktok.com/ZSh8FQbqo/,intinya bayar bayar bayar wee bayar,7.44387E+18,la.rami2,https://www.tiktok.com/@hai_online/video/7473394493971074311
https://p16-common-sign-useast2a.tiktokcdn-us.com/tos-useast2a-avt-0068-giso/f606f361f5cbf10f1032b6272e26977f~tplv-tiktokx-cropcenter:100:100.jpg?dr=9640&refresh_token=27ee1f11&x-expires=1746172800&x-signature=mNSrO08LgC%2B3NtwEVjMDHJ5R4PQ%3D&t=4d5b0474&ps=13740610&shp=30310797&shcp=ff37627b&idc=useast5,7.47784E+18,1741070055,2025-03-04T06:34:15.000Z,0,https://vt.tiktok.com/ZSh8FQbqo/,FALSE,FALSE,,0,https://vt.tiktok.com/ZSh8FQbqo/,lha kok gtu,7.01662E+18,rustamaji662,https://www.tiktok.com/@hai_online/video/7473394493971074311
https://p16-common-sign-va.tiktokcdn-us.com/tos-maliva-avt-0068/b3cc275299a56c64cb18c7d0eb3756ae~tplv-tiktokx-cropcenter:100:100.jpg?dr=9640&refresh_token=54033c7c&x-expires=1746172800&x-signature=n2FTySJBiA2StI50AEjErsfdHco%3D&t=4d5b0474&ps=13740610&shp=30310797&shcp=ff37627b&idc=useast5,7.48435E+18,1742585730,2025-03-21T19:35:30.000Z,0,https://vt.tiktok.com/ZSh8FQbqo/,FALSE,FALSE,,0,https://vt.tiktok.com/ZSh8FQbqo/,"blm terlalu kuat bang, nanti lanjutkan aja",7.38547E+18,dhadhi777777,https://www.tiktok.com/@hai_online/video/7473394493971074311
https://p16-common-sign-useast2a.tiktokcdn-us.com/tos-useast2a-avt-0068-giso/7163710688567754779~tplv-tiktokx-cropcenter:100:100.jpg?dr=9640&refresh_token=1833270a&x-expires=1746172800&x-signature=h6x2u0YXsL6J3GlttScMEpQv3mM%3D&t=4d5b0474&ps=13740610&shp=30310797&shcp=ff37627b&idc=useast5,7.47927E+18,1741404200,2025-03-08T03:23:20.000Z,0,https://vt.tiktok.com/ZSh8FQbqo/,FALSE,FALSE,,0,https://vt.tiktok.com/ZSh8FQbqo/,kritik itu wajar ...kenapa harus minta maaf,7.03282E+18,ibusptii,https://www.tiktok.com/@hai_online/video/7473394493971074311
https://p16-common-sign-sg.tiktokcdn-us.com/tos-alisg-avt-0068/faa3ff62adb16ea639c61d66fc6e3d2d~tplv-tiktokx-cropcenter:100:100.jpg?dr=9640&refresh_token=e054e997&x-expires=1746172800&x-signature=0N1SCeQ87PhMTkwVVfXiGTh9Sxg%3D&t=4d5b0474&ps=13740610&shp=30310797&shcp=ff37627b&idc=useast5,7.48461E+18,1742646331,2025-03-22T12:25:31.000Z,0,https://vt.tiktok.com/ZSh8FQbqo/,FALSE,FALSE,,0,https://vt.tiktok.com/ZSh8FQbqo/,lagunya sudah di bayar,7.36833E+18,fadli.li21,https://www.tiktok.com/@hai_online/video/7473394493971074311
https://p16-common-sign-sg.tiktokcdn-us.com/tos-alisg-avt-0068/e976b853fab2840ec25393cd8b2607de~tplv-tiktokx-cropcenter:100:100.jpg?dr=9640&refresh_token=567fbf85&x-expires=1746172800&x-signature=Nmt00OmXWOu%2FSif%2BsOt7Ec6yZ9Q%3D&t=4d5b0474&ps=13740610&shp=30310797&shcp=ff37627b&idc=useast5,7.47733E+18,1740951086,2025-03-02T21:31:26.000Z,0,https://vt.tiktok.com/ZSh8FQbqo/,FALSE,FALSE,,0,https://vt.tiktok.com/ZSh8FQbqo/,knoa minta maap..kmu bnr ko,7.38752E+18,kanyaah658,https://www.tiktok.com/@hai_online/video/7473394493971074311
https://p16-common-sign-useast2a.tiktokcdn-us.com/tos-useast2a-avt-0068-aiso/60dca8a55b711a2c2a374f8d50ee60ee~tplv-tiktokx-cropcenter:100:100.jpg?dr=9640&refresh_token=45aed903&x-expires=1746172800&x-signature=cW%2FGGjlkml34MSLwdDdhqlalTLc%3D&t=4d5b0474&ps=13740610&shp=30310797&shcp=ff37627b&idc=useast5,7.47927E+18,1741403183,2025-03-08T03:06:23.000Z,0,https://vt.tiktok.com/ZSh8FQbqo/,FALSE,FALSE,,0,https://vt.tiktok.com/ZSh8FQbqo/,gk ush minta maaf. #reals kenyataan di indonesia 😂,6.81073E+18,arisswp_,https://www.tiktok.com/@hai_online/video/7473394493971074311
https://p16-common-sign-va.tiktokcdn-us.com/tos-maliva-avt-0068/38c3a50067c47e9d87bcacd045390b28~tplv-tiktokx-cropcenter:100:100.jpg?dr=9640&refresh_token=3985b8ed&x-expires=1746172800&x-signature=ZGKi4OtK%2F0ZTTxkBU5q0H9ZWUVU%3D&t=4d5b0474&ps=13740610&shp=30310797&shcp=ff37627b&idc=useast5,7.47923E+18,1741392921,2025-03-08T00:15:21.000Z,0,https://vt.tiktok.com/ZSh8FQbqo/,FALSE,FALSE,,0,https://vt.tiktok.com/ZSh8FQbqo/,kalian keren 🔥,7.31588E+18,pen4824,https://www.tiktok.com/@hai_online/video/7473394493971074311
https://p16-common-sign-sg.tiktokcdn-us.com/tos-alisg-avt-0068/db62805c400e58765892f917a469ee6a~tplv-tiktokx-cropcenter:100:100.jpg?dr=9640&refresh_token=44511ead&x-expires=1746172800&x-signature=K%2FOhyIrefsmKcm%2BctWVFW447Y90%3D&t=4d5b0474&ps=13740610&shp=30310797&shcp=ff37627b&idc=useast5,7.4778E+18,1741061701,2025-03-04T04:15:01.000Z,0,https://vt.tiktok.com/ZSh8FQbqo/,FALSE,FALSE,,0,https://vt.tiktok.com/ZSh8FQbqo/,"periksa semua polisi kuat minta duit, turuskn band sukatani membawa suara rakyat Indonesia",7.29428E+18,dhamlag,https://www.tiktok.com/@hai_online/video/7473394493971074311
https://p16-common-sign-va.tiktokcdn-us.com/tos-maliva-avt-0068/7356490561111719942~tplv-tiktokx-cropcenter:100:100.jpg?dr=9640&refresh_token=eeb1d3e8&x-expires=1746172800&x-signature=YW4wKQSo%2Bt5VdFRGBVLT6ywj8hg%3D&t=4d5b0474&ps=13740610&shp=30310797&shcp=ff37627b&idc=useast5,7.47786E+18,1741076092,2025-03-04T08:14:52.000Z,0,https://vt.tiktok.com/ZSh8FQbqo/,FALSE,FALSE,,0,https://vt.tiktok.com/ZSh8FQbqo/,gas terus lagu nya tepat sasaran,7.35111E+18,jibun.parkir,https://www.tiktok.com/@hai_online/video/7473394493971074311
https://p16-common-sign-va.tiktokcdn-us.com/tos-maliva-avt-0068/3cbe3b7c22e8d603d987f18404391104~tplv-tiktokx-cropcenter:100:100.jpg?dr=9640&refresh_token=53d27158&x-expires=1746172800&x-signature=VedAyF4Pbd6Gccj3MlII6MlTZwM%3D&t=4d5b0474&ps=13740610&shp=30310797&shcp=ff37627b&idc=useast5,7.4791E+18,1741363019,2025-03-07T15:56:59.000Z,0,https://vt.tiktok.com/ZSh8FQbqo/,FALSE,FALSE,,0,https://vt.tiktok.com/ZSh8FQbqo/,"lagu iramanya enak didengar,",7.21133E+18,mhdrashidchania,https://www.tiktok.com/@hai_online/video/7473394493971074311
https://p16-common-sign-sg.tiktokcdn-us.com/tos-alisg-avt-0068/e1b0bf0bad051b963cf2ed8bab0bfc8a~tplv-tiktokx-cropcenter:100:100.jpg?dr=9640&refresh_token=b0fba3c1&x-expires=1746172800&x-signature=7hYZH2NgUFPSrOT%2BZoyIcQvwqkU%3D&t=4d5b0474&ps=13740610&shp=30310797&shcp=ff37627b&idc=useast5,7.47741E+18,1740969168,2025-03-03T02:32:48.000Z,0,https://vt.tiktok.com/ZSh8FQbqo/,FALSE,FALSE,,0,https://vt.tiktok.com/ZSh8FQbqo/,jangan di tarik...itu nyata,6.98366E+18,asep.sopian.129,https://www.tiktok.com/@hai_online/video/7473394493971074311
https://p16-common-sign-va.tiktokcdn-us.com/tos-maliva-avt-0068/3e16f4d52f5efbc7726e1a919a5716aa~tplv-tiktokx-cropcenter:100:100.jpg?dr=9640&refresh_token=f6dfa8da&x-expires=1746172800&x-signature=uqfcIle%2BDo7UdLIBGFahxLi%2Fjlk%3D&t=4d5b0474&ps=13740610&shp=30310797&shcp=ff37627b&idc=useast5,7.47752E+18,1740996622,2025-03-03T10:10:22.000Z,0,https://vt.tiktok.com/ZSh8FQbqo/,FALSE,FALSE,,0,https://vt.tiktok.com/ZSh8FQbqo/,ayo berani nga seniman musik kita bikin lagu terus upload ditiktok,7.3146E+18,user39753959591506,https://www.tiktok.com/@hai_online/video/7473394493971074311
https://p16-common-sign-sg.tiktokcdn-us.com/tos-alisg-avt-0068/7c8c68836e5d39c3f518703aedc24275~tplv-tiktokx-cropcenter:100:100.jpg?dr=9640&refresh_token=a5ab8ded&x-expires=1746172800&x-signature=BI1yKUPHaljhCKckaUpJA0R8M9g%3D&t=4d5b0474&ps=13740610&shp=30310797&shcp=ff37627b&idc=useast5,7.48041E+18,1741668995,2025-03-11T04:56:35.000Z,0,https://vt.tiktok.com/ZSh8FQbqo/,FALSE,FALSE,,0,https://vt.tiktok.com/ZSh8FQbqo/,pantang mundur,7.46722E+18,js9999km,https://www.tiktok.com/@hai_online/video/7473394493971074311
https://p16-common-sign-va.tiktokcdn-us.com/tos-maliva-avt-0068/fce6d0b2baf357076277b717f2230903~tplv-tiktokx-cropcenter:100:100.jpg?dr=9640&refresh_token=a5fcdb7a&x-expires=1746172800&x-signature=Men%2FYa8Lne4Kpi8%2FggdefcSohiI%3D&t=4d5b0474&ps=13740610&shp=30310797&shcp=ff37627b&idc=useast5,7.47721E+18,1740923931,2025-03-02T13:58:51.000Z,0,https://vt.tiktok.com/ZSh8FQbqo/,FALSE,FALSE,,0,https://vt.tiktok.com/ZSh8FQbqo/,Jangan minta maaf Rakyat mendukung Suka TANI,7.37098E+18,topa.sari,https://www.tiktok.com/@hai_online/video/7473394493971074311
https://p16-common-sign-va.tiktokcdn-us.com/tos-maliva-avt-0068/f7276b4631b700db1a766067bf3c28f3~tplv-tiktokx-cropcenter:100:100.jpg?dr=9640&refresh_token=4755da21&x-expires=1746172800&x-signature=pYjqCK9xA6ZFHAk%2BLVSkLnzl%2FCs%3D&t=4d5b0474&ps=13740610&shp=30310797&shcp=ff37627b&idc=useast5,7.48082E+18,1741765189,2025-03-12T07:39:49.000Z,0,https://vt.tiktok.com/ZSh8FQbqo/,FALSE,FALSE,,0,https://vt.tiktok.com/ZSh8FQbqo/,kalian bnr polisi nma nya aslinya sie begitu,7.24999E+18,setia7832,https://www.tiktok.com/@hai_online/video/7473394493971074311
https://p16-common-sign-sg.tiktokcdn-us.com/tos-alisg-avt-0068/fc05e5559132c50011fed2c9a7de47d4~tplv-tiktokx-cropcenter:100:100.jpg?dr=9640&refresh_token=f49b6aad&x-expires=1746172800&x-signature=WPTezVoWhgeM8sPsmrbIpKeWzCs%3D&t=4d5b0474&ps=13740610&shp=30310797&shcp=ff37627b&idc=useast5,7.47716E+18,1740912982,2025-03-02T10:56:22.000Z,0,https://vt.tiktok.com/ZSh8FQbqo/,FALSE,FALSE,,0,https://vt.tiktok.com/ZSh8FQbqo/,yaaaa sayang bangett harus hpus lagunya pdahll 🔥loh lagunyas,7.2455E+18,aayy1121,https://www.tiktok.com/@hai_online/video/7473394493971074311
https://p16-common-sign-va.tiktokcdn-us.com/tos-maliva-avt-0068/7389605308874227718~tplv-tiktokx-cropcenter:100:100.jpg?dr=9640&refresh_token=424c18c4&x-expires=1746172800&x-signature=zgd0yLR%2BzNdn2Mx%2FHcIxe6mZJIg%3D&t=4d5b0474&ps=13740610&shp=30310797&shcp=ff37627b&idc=useast5,7.48225E+18,1742097680,2025-03-16T04:01:20.000Z,0,https://vt.tiktok.com/ZSh8FQbqo/,FALSE,FALSE,,0,https://vt.tiktok.com/ZSh8FQbqo/,bang siapa yg nyuruh minta maaf masarakat medukung lagu bayar bayar,7.3896E+18,erwan.solo1,https://www.tiktok.com/@hai_online/video/7473394493971074311
https://p16-common-sign-sg.tiktokcdn-us.com/tos-alisg-avt-0068/08361e85983685be00f0be65e3f77c35~tplv-tiktokx-cropcenter:100:100.jpg?dr=9640&refresh_token=b725bb2d&x-expires=1746172800&x-signature=YwD1Gsb3wLKBXZCwS%2B8abtJbXTQ%3D&t=4d5b0474&ps=13740610&shp=30310797&shcp=ff37627b&idc=useast5,7.4776E+18,1741015544,2025-03-03T15:25:44.000Z,0,https://vt.tiktok.com/ZSh8FQbqo/,FALSE,FALSE,,0,https://vt.tiktok.com/ZSh8FQbqo/,itu kan fakta,6.82117E+18,alexsandersimaboer,https://www.tiktok.com/@hai_online/video/7473394493971074311
https://p16-common-sign-sg.tiktokcdn-us.com/tos-alisg-avt-0068/8cba28550b652096f8dffb99d3a0b779~tplv-tiktokx-cropcenter:100:100.jpg?dr=9640&refresh_token=26fd4c6c&x-expires=1746172800&x-signature=U9gsn1lZpx9jEXRo8v8AnbE2XNc%3D&t=4d5b0474&ps=13740610&shp=30310797&shcp=ff37627b&idc=useast5,7.48229E+18,1742107276,2025-03-16T06:41:16.000Z,0,https://vt.tiktok.com/ZSh8FQbqo/,FALSE,FALSE,,0,https://vt.tiktok.com/ZSh8FQbqo/,Wkwk,7.31123E+18,alvrzzysptra,https://www.tiktok.com/@hai_online/video/7473394493971074311
https://p16-common-sign-sg.tiktokcdn-us.com/tos-alisg-avt-0068/b840bfade97d30228b8183e63f2a67fd~tplv-tiktokx-cropcenter:100:100.jpg?dr=9640&refresh_token=8a073cc7&x-expires=1746172800&x-signature=2ybcZQpyc3AynuqNWujEApN3T4I%3D&t=4d5b0474&ps=13740610&shp=30310797&shcp=ff37627b&idc=useast5,7.47746E+18,1740982658,2025-03-03T06:17:38.000Z,0,https://vt.tiktok.com/ZSh8FQbqo/,FALSE,FALSE,,0,https://vt.tiktok.com/ZSh8FQbqo/,"yuk bikin lagu yu,, yu bisa yu, bayar bayar bayar,",6.9406E+18,tokoayahaqil,https://www.tiktok.com/@hai_online/video/7473394493971074311
https://p16-common-sign-sg.tiktokcdn-us.com/tos-alisg-avt-0068/423ecdc1452f8c0b344a4a8b90ef4da2~tplv-tiktokx-cropcenter:100:100.jpg?dr=9640&refresh_token=25181cd9&x-expires=1746172800&x-signature=5feSPcP71jGdrW6%2Fe4pOIQEhTEM%3D&t=4d5b0474&ps=13740610&shp=30310797&shcp=ff37627b&idc=useast5,7.48121E+18,1741853870,2025-03-13T08:17:50.000Z,0,https://vt.tiktok.com/ZSh8FQbqo/,FALSE,FALSE,,0,https://vt.tiktok.com/ZSh8FQbqo/,fakta,7.27421E+18,jagalayam29,https://www.tiktok.com/@hai_online/video/7473394493971074311
https://p19-common-sign-sg.tiktokcdn-us.com/tos-alisg-avt-0068/2b13235eabdffa20443d679cc92b35db~tplv-tiktokx-cropcenter:100:100.jpg?dr=9640&refresh_token=1aa838d0&x-expires=1746172800&x-signature=azbu5y8rJQOfDe3kBoTpBVX4pXM%3D&t=4d5b0474&ps=13740610&shp=30310797&shcp=ff37627b&idc=useast5,7.48534E+18,1742817224,2025-03-24T11:53:44.000Z,0,https://vt.tiktok.com/ZSh8FQbqo/,FALSE,FALSE,,0,https://vt.tiktok.com/ZSh8FQbqo/,"keren lagunya jgn di hapus,.....😁",7.34994E+18,nacjwa02,https://www.tiktok.com/@hai_online/video/7473394493971074311
https://p19-common-sign-va.tiktokcdn-us.com/tos-maliva-avt-0068/7333747074577956869~tplv-tiktokx-cropcenter:100:100.jpg?dr=9640&refresh_token=a3e157bb&x-expires=1746172800&x-signature=j6f02cpE3CCaRG8LSW5jcpDV%2BcQ%3D&t=4d5b0474&ps=13740610&shp=30310797&shcp=ff37627b&idc=useast5,7.483E+18,1742272141,2025-03-18T04:29:01.000Z,0,https://vt.tiktok.com/ZSh8FQbqo/,FALSE,FALSE,,0,https://vt.tiktok.com/ZSh8FQbqo/,lagunya keren lho,7.22911E+18,alikha.dzakia.sha,https://www.tiktok.com/@hai_online/video/7473394493971074311
https://p16-common-sign-va.tiktokcdn-us.com/tos-maliva-avt-0068/2aa3bb5a0799ac4ab0bf0c34af908ab0~tplv-tiktokx-cropcenter:100:100.jpg?dr=9640&refresh_token=7f67e819&x-expires=1746172800&x-signature=l17dybmGHkjyX6vKFdbsJsFf6sI%3D&t=4d5b0474&ps=13740610&shp=30310797&shcp=ff37627b&idc=useast5,7.47762E+18,1741019303,2025-03-03T16:28:23.000Z,0,https://vt.tiktok.com/ZSh8FQbqo/,FALSE,FALSE,,0,https://vt.tiktok.com/ZSh8FQbqo/,"emang fakta bro gak perlu minta maaf,gasken",7.1686E+18,bondans12,https://www.tiktok.com/@hai_online/video/7473394493971074311
https://p16-common-sign-sg.tiktokcdn-us.com/tos-alisg-avt-0068/61fc1c4ed05d3961a1b1706effaee1aa~tplv-tiktokx-cropcenter:100:100.jpg?dr=9640&refresh_token=0c4d61b5&x-expires=1746172800&x-signature=m95KpoFjjsWMnWxHwlHpOa%2FukJg%3D&t=4d5b0474&ps=13740610&shp=30310797&shcp=ff37627b&idc=useast5,7.47745E+18,1740979253,2025-03-03T05:20:53.000Z,0,https://vt.tiktok.com/ZSh8FQbqo/,FALSE,FALSE,,0,https://vt.tiktok.com/ZSh8FQbqo/,ga peka bgt pdhl bentuk kritikan tpi di anggap menjelek an 😂,6.95855E+18,lowfairy0,https://www.tiktok.com/@hai_online/video/7473394493971074311
https://p16-common-sign-va.tiktokcdn-us.com/musically-maliva-obj/1594805258216454~tplv-tiktokx-cropcenter:100:100.jpg?dr=9640&refresh_token=8a29684a&x-expires=1746172800&x-signature=7DZto9hg0aqFDqq0kULxMSzQbEQ%3D&t=4d5b0474&ps=13740610&shp=30310797&shcp=ff37627b&idc=useast5,7.47745E+18,1740980448,2025-03-03T05:40:48.000Z,0,https://vt.tiktok.com/ZSh8FQbqo/,FALSE,FALSE,,0,https://vt.tiktok.com/ZSh8FQbqo/,Partai coklat kebakaran jenggot,7.30301E+18,ninis05810,https://www.tiktok.com/@hai_online/video/7473394493971074311
https://p16-common-sign-sg.tiktokcdn-us.com/tos-alisg-avt-0068/9f8659688c4e9722fb42b0badbef7069~tplv-tiktokx-cropcenter:100:100.jpg?dr=9640&refresh_token=4534d47a&x-expires=1746172800&x-signature=IHm32nq%2FqbGLP1Hscl2va3%2B%2F1sE%3D&t=4d5b0474&ps=13740610&shp=30310797&shcp=ff37627b&idc=useast5,7.48863E+18,1743582772,2025-04-02T08:32:52.000Z,0,https://vt.tiktok.com/ZSh8FQbqo/,FALSE,FALSE,,0,https://vt.tiktok.com/ZSh8FQbqo/,bukan kah itu sebuah realita?,7.15549E+18,samsoenovi23,https://www.tiktok.com/@hai_online/video/7473394493971074311
https://p16-common-sign-va.tiktokcdn-us.com/tos-maliva-avt-0068/41b14ad1b431bb9b15dc77df2ce4bae2~tplv-tiktokx-cropcenter:100:100.jpg?dr=9640&refresh_token=78bd4346&x-expires=1746172800&x-signature=6KWAJgSui5agbzsJmxrhK7BwfSM%3D&t=4d5b0474&ps=13740610&shp=30310797&shcp=ff37627b&idc=useast5,7.47922E+18,1741392554,2025-03-08T00:09:14.000Z,0,https://vt.tiktok.com/ZSh8FQbqo/,FALSE,FALSE,,0,https://vt.tiktok.com/ZSh8FQbqo/,"kenapa harus minta maaf..?
kalian benar band SUKATANI",7.32709E+18,adi.rsd,https://www.tiktok.com/@hai_online/video/7473394493971074311
https://p16-common-sign-sg.tiktokcdn-us.com/tos-alisg-avt-0068/7327585861820743682~tplv-tiktokx-cropcenter:100:100.jpg?dr=9640&refresh_token=1d043382&x-expires=1746172800&x-signature=Y7qbLZr7uQIJx%2BJjAhMdhL4rcWU%3D&t=4d5b0474&ps=13740610&shp=30310797&shcp=ff37627b&idc=useast5,7.47715E+18,1740910756,2025-03-02T10:19:16.000Z,0,https://vt.tiktok.com/ZSh8FQbqo/,FALSE,FALSE,,0,https://vt.tiktok.com/ZSh8FQbqo/,kenapa klarifikasi karena belum bayar😂,6.55619E+18,febi_zahra,https://www.tiktok.com/@hai_online/video/7473394493971074311
https://p16-common-sign-useast2a.tiktokcdn-us.com/tos-useast2a-avt-0068-giso/572332550ed1a13abcb69303ce1b024e~tplv-tiktokx-cropcenter:100:100.jpg?dr=9640&refresh_token=ce78c086&x-expires=1746172800&x-signature=i%2Fkj9GH6QdmxsUiYohH8j77oVUQ%3D&t=4d5b0474&ps=13740610&shp=30310797&shcp=ff37627b&idc=useast5,7.47841E+18,1741203441,2025-03-05T19:37:21.000Z,0,https://vt.tiktok.com/ZSh8FQbqo/,FALSE,FALSE,,0,https://vt.tiktok.com/ZSh8FQbqo/,"salah apa,,,,,😃😃😃kog minta maaf",6.5621E+18,leo76hi,https://www.tiktok.com/@hai_online/video/7473394493971074311
https://p16-common-sign-va.tiktokcdn-us.com/tos-maliva-avt-0068/9342dd130239c402f50065a127be4f9c~tplv-tiktokx-cropcenter:100:100.jpg?dr=9640&refresh_token=fce741a6&x-expires=1746172800&x-signature=kI3zCJgbEW894g%2BMDiX5B2caG8s%3D&t=4d5b0474&ps=13740610&shp=30310797&shcp=ff37627b&idc=useast5,7.48969E+18,1743829866,2025-04-05T05:11:06.000Z,0,https://vt.tiktok.com/ZSh8FQbqo/,FALSE,FALSE,,0,https://vt.tiktok.com/ZSh8FQbqo/,"gak usah minta maaf bang,,Krn itu mang benar adanya...yg trjdi d dlm masyarakat kita mang sperti itu....!!!!",7.14996E+18,asysyarof.1309,https://www.tiktok.com/@hai_online/video/7473394493971074311
https://p16-common-sign-useast2a.tiktokcdn-us.com/tos-useast2a-avt-0068-giso/970cfaf6ac2de5bd0e4c7c2b3682a7a3~tplv-tiktokx-cropcenter:100:100.jpg?dr=9640&refresh_token=6e37a9da&x-expires=1746172800&x-signature=p99xtRcQf7JOhhWo7HpZ7DS8ht0%3D&t=4d5b0474&ps=13740610&shp=30310797&shcp=ff37627b&idc=useast5,7.47764E+18,1741023319,2025-03-03T17:35:19.000Z,0,https://vt.tiktok.com/ZSh8FQbqo/,FALSE,FALSE,,0,https://vt.tiktok.com/ZSh8FQbqo/,orang hebat menurut saya,7.11503E+18,samsudinsbw4,https://www.tiktok.com/@hai_online/video/7473394493971074311
https://p16-common-sign-sg.tiktokcdn-us.com/tos-alisg-avt-0068/3108553cb5261fccf6f070b79f28c990~tplv-tiktokx-cropcenter:100:100.jpg?dr=9640&refresh_token=4425c26f&x-expires=1746172800&x-signature=9AN6PbjcWx%2B6Y%2Bhpt7Zu8jM3K7Y%3D&t=4d5b0474&ps=13740610&shp=30310797&shcp=ff37627b&idc=useast5,7.47834E+18,1741185737,2025-03-05T14:42:17.000Z,0,https://vt.tiktok.com/ZSh8FQbqo/,FALSE,FALSE,,0,https://vt.tiktok.com/ZSh8FQbqo/,kesalahan mereka adalah mereka gak bayar polisi🗿,6.83661E+18,starsyndrome__,https://www.tiktok.com/@hai_online/video/7473394493971074311
https://p16-common-sign-va.tiktokcdn-us.com/tos-maliva-avt-0068/79d18e32df6dadbc606b89f47524a0aa~tplv-tiktokx-cropcenter:100:100.jpg?dr=9640&refresh_token=4a2e8f71&x-expires=1746172800&x-signature=kBz8%2BsixzH3R95Vy8PMBPJJFMuY%3D&t=4d5b0474&ps=13740610&shp=30310797&shcp=ff37627b&idc=useast5,7.48563E+18,1742884088,2025-03-25T06:28:08.000Z,0,https://vt.tiktok.com/ZSh8FQbqo/,FALSE,FALSE,,0,https://vt.tiktok.com/ZSh8FQbqo/,"kami dung band sukatani,,, terimaksih sudah menyerukan suara rakyat",7.27843E+18,baguz.afn,https://www.tiktok.com/@hai_online/video/7473394493971074311
https://p19-common-sign-sg.tiktokcdn-us.com/tos-alisg-avt-0068/e92ee0062d90e8ad86575128c2724115~tplv-tiktokx-cropcenter:100:100.jpg?dr=9640&refresh_token=9a72794d&x-expires=1746172800&x-signature=Sex91Ft8X5ECrkfqYYNvsRlemgk%3D&t=4d5b0474&ps=13740610&shp=30310797&shcp=ff37627b&idc=useast5,7.47767E+18,1741031853,2025-03-03T19:57:33.000Z,0,https://vt.tiktok.com/ZSh8FQbqo/,FALSE,FALSE,,0,https://vt.tiktok.com/ZSh8FQbqo/,bravo Sukatani,7.03359E+18,martonika0575,https://www.tiktok.com/@hai_online/video/7473394493971074311
https://p16-common-sign-va.tiktokcdn-us.com/tos-maliva-avt-0068/d4f7a9413e6f15178b987780e62be848~tplv-tiktokx-cropcenter:100:100.jpg?dr=9640&refresh_token=47b1a309&x-expires=1746172800&x-signature=qdOTS1ZcT2Ov2PjWFrRe8aJnU20%3D&t=4d5b0474&ps=13740610&shp=30310797&shcp=ff37627b&idc=useast5,7.48564E+18,1742886368,2025-03-25T07:06:08.000Z,0,https://vt.tiktok.com/ZSh8FQbqo/,FALSE,FALSE,,0,https://vt.tiktok.com/ZSh8FQbqo/,tertekan dalam memberikan klarifikasi permohonan maaf. kami tau dan paham kalian sedang tidak baik-baik saja.,7.39445E+18,sar.lastri,https://www.tiktok.com/@hai_online/video/7473394493971074311
https://p16-common-sign-sg.tiktokcdn-us.com/tos-alisg-avt-0068/5ae1c591e90ae55b30de4268f899a8e7~tplv-tiktokx-cropcenter:100:100.jpg?dr=9640&refresh_token=a05e78bb&x-expires=1746172800&x-signature=02ts2n30%2BphU5kzAofY%2ByaSrtY0%3D&t=4d5b0474&ps=13740610&shp=30310797&shcp=ff37627b&idc=useast5,7.47824E+18,1741164137,2025-03-05T08:42:17.000Z,0,https://vt.tiktok.com/ZSh8FQbqo/,FALSE,FALSE,,0,https://vt.tiktok.com/ZSh8FQbqo/,terrus kan ben sukatani rakyat bersama mu kao lah mewakili rak yat,7.44973E+18,yann39180,https://www.tiktok.com/@hai_online/video/7473394493971074311
https://p16-common-sign-va.tiktokcdn-us.com/tos-maliva-avt-0068/92a7642b37ce3d0c54b31326d98468e1~tplv-tiktokx-cropcenter:100:100.jpg?dr=9640&refresh_token=71f01d06&x-expires=1746172800&x-signature=S4quMEPtfQO95Mqsil2ZkjKPBkg%3D&t=4d5b0474&ps=13740610&shp=30310797&shcp=ff37627b&idc=useast5,7.49916E+18,1746034148,2025-04-30T17:29:08.000Z,0,https://vt.tiktok.com/ZSh8FQbqo/,FALSE,FALSE,,0,https://vt.tiktok.com/ZSh8FQbqo/,ngapain jg klarifikasi wong realita kok 😂,7.3445E+18,gghggg723,https://www.tiktok.com/@hai_online/video/7473394493971074311
https://p16-common-sign-useast2a.tiktokcdn-us.com/tos-useast2a-avt-0068-giso/b49679b7123783a6705c65086c48219c~tplv-tiktokx-cropcenter:100:100.jpg?dr=9640&refresh_token=c23ef0da&x-expires=1746172800&x-signature=Ek7%2BkQOaHY0zN%2Bsm0M4XVBubImA%3D&t=4d5b0474&ps=13740610&shp=30310797&shcp=ff37627b&idc=useast5,7.47823E+18,1741160797,2025-03-05T07:46:37.000Z,0,https://vt.tiktok.com/ZSh8FQbqo/,FALSE,FALSE,,0,https://vt.tiktok.com/ZSh8FQbqo/,aku baru nk menikmati lagi ni,6.64103E+18,melatio28,https://www.tiktok.com/@hai_online/video/7473394493971074311
https://p16-common-sign-va.tiktokcdn-us.com/tos-maliva-avt-0068/f5fea1067068c67558c08abc6709f00c~tplv-tiktokx-cropcenter:100:100.jpg?dr=9640&refresh_token=7837bac0&x-expires=1746172800&x-signature=FHzkCkPqrR7%2Fyku6kOyiIaP%2B8Dc%3D&t=4d5b0474&ps=13740610&shp=30310797&shcp=ff37627b&idc=useast5,7.47713E+18,1740905918,2025-03-02T08:58:38.000Z,0,https://vt.tiktok.com/ZSh8FQbqo/,FALSE,FALSE,,0,https://vt.tiktok.com/ZSh8FQbqo/,Fakta membuktikan,7.18436E+18,lelitakurniasih8,https://www.tiktok.com/@hai_online/video/7473394493971074311
https://p19-common-sign-sg.tiktokcdn-us.com/tos-alisg-avt-0068/7523742d9f26ec57bcac8434b92dc381~tplv-tiktokx-cropcenter:100:100.jpg?dr=9640&refresh_token=680580e8&x-expires=1746172800&x-signature=hgfnLnR2FDpoRKSzVjMFV3lVXLA%3D&t=4d5b0474&ps=13740610&shp=30310797&shcp=ff37627b&idc=useast5,7.48564E+18,1742886857,2025-03-25T07:14:17.000Z,0,https://vt.tiktok.com/ZSh8FQbqo/,FALSE,FALSE,,0,https://vt.tiktok.com/ZSh8FQbqo/,Napa minta maaf emang real kok 🗿,6.87006E+18,kopoamat3,https://www.tiktok.com/@hai_online/video/7473394493971074311
https://p16-common-sign-va.tiktokcdn-us.com/tos-maliva-avt-0068/28b4221de0647efd6574cc00b990ce7b~tplv-tiktokx-cropcenter:100:100.jpg?dr=9640&refresh_token=5b1b18b5&x-expires=1746172800&x-signature=BBYwADsXpx8qulyyERsUBTo8DmI%3D&t=4d5b0474&ps=13740610&shp=30310797&shcp=ff37627b&idc=useast5,7.4782E+18,1741153121,2025-03-05T05:38:41.000Z,0,https://vt.tiktok.com/ZSh8FQbqo/,FALSE,FALSE,,0,https://vt.tiktok.com/ZSh8FQbqo/,polisi polisi polisi 🤣🤣🤣,7.11519E+18,adi_rusmin95,https://www.tiktok.com/@hai_online/video/7473394493971074311
https://p16-common-sign-va.tiktokcdn-us.com/musically-maliva-obj/1594805258216454~tplv-tiktokx-cropcenter:100:100.jpg?dr=9640&refresh_token=8a29684a&x-expires=1746172800&x-signature=7DZto9hg0aqFDqq0kULxMSzQbEQ%3D&t=4d5b0474&ps=13740610&shp=30310797&shcp=ff37627b&idc=useast5,7.49649E+18,1745413504,2025-04-23T13:05:04.000Z,0,https://vt.tiktok.com/ZSh8FQbqo/,FALSE,FALSE,,0,https://vt.tiktok.com/ZSh8FQbqo/,mau naya. para nitizen percaya ga sma perkataan mereka ber dua😁😁😁,6.96865E+18,fake____akun,https://www.tiktok.com/@hai_online/video/7473394493971074311
https://p16-common-sign-va.tiktokcdn-us.com/tos-maliva-avt-0068/0f55acb18282df999ed7883e6caf8ce3~tplv-tiktokx-cropcenter:100:100.jpg?dr=9640&refresh_token=30ce843d&x-expires=1746172800&x-signature=xforx9YG0f%2B8FkncSNv3I1hFSgg%3D&t=4d5b0474&ps=13740610&shp=30310797&shcp=ff37627b&idc=useast5,7.48413E+18,1742534185,2025-03-21T05:16:25.000Z,0,https://vt.tiktok.com/ZSh8FQbqo/,FALSE,FALSE,,0,https://vt.tiktok.com/ZSh8FQbqo/,"napa??????
kn fakta😭😭😭😭",7.28118E+18,filza852,https://www.tiktok.com/@hai_online/video/7473394493971074311
https://p19-common-sign-sg.tiktokcdn-us.com/tos-alisg-avt-0068/19e62192f64df6b48147e7edc3395f6a~tplv-tiktokx-cropcenter:100:100.jpg?dr=9640&refresh_token=cd8ca144&x-expires=1746172800&x-signature=v2ToIitleJOJ0enLHPDeKEL%2FpNU%3D&t=4d5b0474&ps=13740610&shp=30310797&shcp=ff37627b&idc=useast5,7.47819E+18,1741152092,2025-03-05T05:21:32.000Z,0,https://vt.tiktok.com/ZSh8FQbqo/,FALSE,FALSE,,0,https://vt.tiktok.com/ZSh8FQbqo/,sukatani klarifikasi karna belum BAYAR POLISI!!!,6.94906E+18,inzz_9,https://www.tiktok.com/@hai_online/video/7473394493971074311
https://p16-common-sign-sg.tiktokcdn-us.com/tos-alisg-avt-0068/f511f7ce46e69725e998a03cedbe9140~tplv-tiktokx-cropcenter:100:100.jpg?dr=9640&refresh_token=7d0d9932&x-expires=1746172800&x-signature=kQBhCw1Ff9yq6dnHrnkeAnOiFUU%3D&t=4d5b0474&ps=13740610&shp=30310797&shcp=ff37627b&idc=useast5,7.47714E+18,1740907637,2025-03-02T09:27:17.000Z,0,https://vt.tiktok.com/ZSh8FQbqo/,FALSE,FALSE,,0,https://vt.tiktok.com/ZSh8FQbqo/,😔,7.38E+18,cchyyx3ow,https://www.tiktok.com/@hai_online/video/7473394493971074311
https://p16-common-sign-useast2a.tiktokcdn-us.com/tos-useast2a-avt-0068-giso/5c139af774021a92b729c8bdd6549897~tplv-tiktokx-cropcenter:100:100.jpg?dr=9640&refresh_token=14e057fb&x-expires=1746172800&x-signature=LErG5D8dQ0G7kHWyvPh7BR7eJEs%3D&t=4d5b0474&ps=13740610&shp=30310797&shcp=ff37627b&idc=useast5,7.47758E+18,1741009116,2025-03-03T13:38:36.000Z,1,https://vt.tiktok.com/ZSh8FQbqo/,FALSE,FALSE,,0,https://vt.tiktok.com/ZSh8FQbqo/,@peze'e i- one 82,6.94007E+18,ilyassa52,https://www.tiktok.com/@hai_online/video/7473394493971074311
https://p16-common-sign-va.tiktokcdn-us.com/tos-maliva-avt-0068/3d97d68217182084c7fd77beab0c43fc~tplv-tiktokx-cropcenter:100:100.jpg?dr=9640&refresh_token=4ee66d81&x-expires=1746172800&x-signature=BOpt%2FhuvEMFyTNzwcB8VBkjdXw4%3D&t=4d5b0474&ps=13740610&shp=30310797&shcp=ff37627b&idc=useast5,7.47823E+18,1741162245,2025-03-05T08:10:45.000Z,0,https://vt.tiktok.com/ZSh8FQbqo/,FALSE,FALSE,,0,https://vt.tiktok.com/ZSh8FQbqo/,😁,6.98701E+18,thengthengblues,https://www.tiktok.com/@hai_online/video/7473394493971074311
https://p16-common-sign-sg.tiktokcdn-us.com/tos-alisg-avt-0068/9618cc66f697abd24cbc07781726a5ab~tplv-tiktokx-cropcenter:100:100.jpg?dr=9640&refresh_token=a9bcfe08&x-expires=1746172800&x-signature=sj0U2EKvhewiMYc7F6YdsnAYbqs%3D&t=4d5b0474&ps=13740610&shp=30310797&shcp=ff37627b&idc=useast5,7.47823E+18,1741160391,2025-03-05T07:39:51.000Z,0,https://vt.tiktok.com/ZSh8FQbqo/,FALSE,FALSE,,0,https://vt.tiktok.com/ZSh8FQbqo/,🗿,7.45968E+18,katakatastorywamu558,https://www.tiktok.com/@hai_online/video/7473394493971074311
https://p16-common-sign-sg.tiktokcdn-us.com/tos-alisg-avt-0068/8f048ae8244097fdcbcf9059bdadd795~tplv-tiktokx-cropcenter:100:100.jpg?dr=9640&refresh_token=b381a7e2&x-expires=1746172800&x-signature=7vtrN%2F1SAIH%2BS7Xo8PSfFEghS4c%3D&t=4d5b0474&ps=13740610&shp=30310797&shcp=ff37627b&idc=useast5,7.47818E+18,1741148950,2025-03-05T04:29:10.000Z,0,https://vt.tiktok.com/ZSh8FQbqo/,FALSE,FALSE,,0,https://vt.tiktok.com/ZSh8FQbqo/,😳,7.28419E+18,danilo120721,https://www.tiktok.com/@hai_online/video/7473394493971074311
https://p16-common-sign-sg.tiktokcdn-us.com/tos-alisg-avt-0068/7334267627470061569~tplv-tiktokx-cropcenter:100:100.jpg?dr=9640&refresh_token=95df1b63&x-expires=1746172800&x-signature=wgokD%2BzELU9RENmyH9Oa6ccpnEg%3D&t=4d5b0474&ps=13740610&shp=30310797&shcp=ff37627b&idc=useast5,7.47817E+18,1741147422,2025-03-05T04:03:42.000Z,0,https://vt.tiktok.com/ZSh8FQbqo/,FALSE,FALSE,,0,https://vt.tiktok.com/ZSh8FQbqo/,🥰,6.81427E+18,halimah312,https://www.tiktok.com/@hai_online/video/7473394493971074311
https://p16-common-sign-sg.tiktokcdn-us.com/tos-alisg-avt-0068/3f57d84b55e7ee65816eb6c7e5a55c5b~tplv-tiktokx-cropcenter:100:100.jpg?dr=9640&refresh_token=69e2686d&x-expires=1746172800&x-signature=vp1oZ2UbJhf%2BcOPLA7Y%2Fekh%2BjQ0%3D&t=4d5b0474&ps=13740610&shp=30310797&shcp=ff37627b&idc=useast5,7.47817E+18,1741146819,2025-03-05T03:53:39.000Z,0,https://vt.tiktok.com/ZSh8FQbqo/,FALSE,FALSE,,0,https://vt.tiktok.com/ZSh8FQbqo/,😁,7.30903E+18,salzxz0,https://www.tiktok.com/@hai_online/video/7473394493971074311
https://p16-common-sign-va.tiktokcdn-us.com/tos-maliva-avt-0068/8d0b9d8ddd4f2e363bc1ec27dbc45c18~tplv-tiktokx-cropcenter:100:100.jpg?dr=9640&refresh_token=0b829e33&x-expires=1746172800&x-signature=uK%2FeTccNFSYpnLW0wLO%2F%2BNZqWFw%3D&t=4d5b0474&ps=13740610&shp=30310797&shcp=ff37627b&idc=useast5,7.48709E+18,1743222872,2025-03-29T04:34:32.000Z,0,https://vt.tiktok.com/ZSh8FQbqo/,FALSE,FALSE,,0,https://vt.tiktok.com/ZSh8FQbqo/,😳😳😳,7.01703E+18,salwa_lutfi225,https://www.tiktok.com/@hai_online/video/7473394493971074311
https://p16-common-sign-va.tiktokcdn-us.com/tos-maliva-avt-0068/4f527766222317be492891c86dc66602~tplv-tiktokx-cropcenter:100:100.jpg?dr=9640&refresh_token=2df3124d&x-expires=1746172800&x-signature=QPVFcnv9p73uVWekc3yipIdWSH4%3D&t=4d5b0474&ps=13740610&shp=30310797&shcp=ff37627b&idc=useast5,7.48633E+18,1743046026,2025-03-27T03:27:06.000Z,0,https://vt.tiktok.com/ZSh8FQbqo/,FALSE,FALSE,,0,https://vt.tiktok.com/ZSh8FQbqo/,😁,6.98734E+18,upik3358,https://www.tiktok.com/@hai_online/video/7473394493971074311
https://p16-common-sign-sg.tiktokcdn-us.com/tos-alisg-avt-0068/4a6efdc7178de61053346ee1fcf59158~tplv-tiktokx-cropcenter:100:100.jpg?dr=9640&refresh_token=64e64818&x-expires=1746172800&x-signature=3jitiZTBKiZJcRufHnjt5yhUfZc%3D&t=4d5b0474&ps=13740610&shp=30310797&shcp=ff37627b&idc=useast5,7.47816E+18,1741143901,2025-03-05T03:05:01.000Z,0,https://vt.tiktok.com/ZSh8FQbqo/,FALSE,FALSE,,0,https://vt.tiktok.com/ZSh8FQbqo/,💪,7.25104E+18,osi.gosiyah,https://www.tiktok.com/@hai_online/video/7473394493971074311
https://p16-common-sign-sg.tiktokcdn-us.com/tos-alisg-avt-0068/c4a7d307b0c16e2547cbb065f82fbc68~tplv-tiktokx-cropcenter:100:100.jpg?dr=9640&refresh_token=d94a6753&x-expires=1746172800&x-signature=UsSEZV54TNRV0WGL5%2FgAdmRyt2M%3D&t=4d5b0474&ps=13740610&shp=30310797&shcp=ff37627b&idc=useast5,7.47812E+18,1741135001,2025-03-05T00:36:41.000Z,0,https://vt.tiktok.com/ZSh8FQbqo/,FALSE,FALSE,,0,https://vt.tiktok.com/ZSh8FQbqo/,🥰,7.36093E+18,trisantoso99,https://www.tiktok.com/@hai_online/video/7473394493971074311
https://p19-common-sign-sg.tiktokcdn-us.com/tos-alisg-avt-0068/b83cba20f5ce3e895ace51345572bf05~tplv-tiktokx-cropcenter:100:100.jpg?dr=9640&refresh_token=20069057&x-expires=1746172800&x-signature=zFgKIz0py9i3cu%2BTEJdaalriAhY%3D&t=4d5b0474&ps=13740610&shp=30310797&shcp=ff37627b&idc=useast5,7.47738E+18,1740963945,2025-03-03T01:05:45.000Z,0,https://vt.tiktok.com/ZSh8FQbqo/,FALSE,FALSE,,0,https://vt.tiktok.com/ZSh8FQbqo/,🥰,7.43425E+18,dendy.yap,https://www.tiktok.com/@hai_online/video/7473394493971074311
https://p16-common-sign-sg.tiktokcdn-us.com/tos-alisg-avt-0068/f3dd212800c49d091ae1f7fd2dcc588d~tplv-tiktokx-cropcenter:100:100.jpg?dr=9640&refresh_token=116924ef&x-expires=1746172800&x-signature=BhxETQaJePO8cV6nVWRKFWyFHeI%3D&t=4d5b0474&ps=13740610&shp=30310797&shcp=ff37627b&idc=useast5,7.47808E+18,1741126482,2025-03-04T22:14:42.000Z,0,https://vt.tiktok.com/ZSh8FQbqo/,FALSE,FALSE,,0,https://vt.tiktok.com/ZSh8FQbqo/,🥰,6.99387E+18,prmtaanggga,https://www.tiktok.com/@hai_online/video/7473394493971074311
https://p16-common-sign-va.tiktokcdn-us.com/tos-maliva-avt-0068/eb3b108fa9a3b422284d58441ef50748~tplv-tiktokx-cropcenter:100:100.jpg?dr=9640&refresh_token=1d3b33c6&x-expires=1746172800&x-signature=wQIaqWc8CqT7vcW8qaEsyB%2FmXqI%3D&t=4d5b0474&ps=13740610&shp=30310797&shcp=ff37627b&idc=useast5,7.47807E+18,1741122763,2025-03-04T21:12:43.000Z,0,https://vt.tiktok.com/ZSh8FQbqo/,FALSE,FALSE,,0,https://vt.tiktok.com/ZSh8FQbqo/,🤭,6.95932E+18,fitrimega87,https://www.tiktok.com/@hai_online/video/7473394493971074311
https://p16-common-sign-sg.tiktokcdn-us.com/tos-alisg-avt-0068/af7d41cdb3392c7323e7b40358553d70~tplv-tiktokx-cropcenter:100:100.jpg?dr=9640&refresh_token=e3361296&x-expires=1746172800&x-signature=3yk3FPCSj7RM%2B%2BXFiR23wuL%2BdeQ%3D&t=4d5b0474&ps=13740610&shp=30310797&shcp=ff37627b&idc=useast5,7.48347E+18,1742380832,2025-03-19T10:40:32.000Z,0,https://vt.tiktok.com/ZSh8FQbqo/,FALSE,FALSE,,0,https://vt.tiktok.com/ZSh8FQbqo/,😭,6.52681E+18,__sayangkuu,https://www.tiktok.com/@hai_online/video/7473394493971074311
https://p16-common-sign-va.tiktokcdn-us.com/musically-maliva-obj/1594805258216454~tplv-tiktokx-cropcenter:100:100.jpg?dr=9640&refresh_token=8a29684a&x-expires=1746172800&x-signature=7DZto9hg0aqFDqq0kULxMSzQbEQ%3D&t=4d5b0474&ps=13740610&shp=30310797&shcp=ff37627b&idc=useast5,7.49542E+18,1745164032,2025-04-20T15:47:12.000Z,0,https://vt.tiktok.com/ZSh8FQbqo/,FALSE,FALSE,,0,https://vt.tiktok.com/ZSh8FQbqo/,❤️,7.43086E+18,azaleaa_628,https://www.tiktok.com/@hai_online/video/7473394493971074311
https://p16-common-sign-va.tiktokcdn-us.com/tos-maliva-avt-0068/35ca67f86688930464bec01ebe6990d1~tplv-tiktokx-cropcenter:100:100.jpg?dr=9640&refresh_token=faaeb071&x-expires=1746172800&x-signature=UdbpMzrOVBgSyzmrGca16j9sdfQ%3D&t=4d5b0474&ps=13740610&shp=30310797&shcp=ff37627b&idc=useast5,7.48608E+18,1742989951,2025-03-26T11:52:31.000Z,0,https://vt.tiktok.com/ZSh8FQbqo/,FALSE,FALSE,,0,https://vt.tiktok.com/ZSh8FQbqo/,😂,7.43041E+18,felici1ttyy_,https://www.tiktok.com/@hai_online/video/7473394493971074311
https://p16-common-sign-sg.tiktokcdn-us.com/tos-alisg-avt-0068/78557a5a5cb5b5cfde374c16d56cbce1~tplv-tiktokx-cropcenter:100:100.jpg?dr=9640&refresh_token=69e688ad&x-expires=1746172800&x-signature=bEEuaObsy6uvFIxL8P2uh3CBOtI%3D&t=4d5b0474&ps=13740610&shp=30310797&shcp=ff37627b&idc=useast5,7.47795E+18,1741096147,2025-03-04T13:49:07.000Z,0,https://vt.tiktok.com/ZSh8FQbqo/,FALSE,FALSE,,0,https://vt.tiktok.com/ZSh8FQbqo/,😳,7.14438E+18,putrahifzi89,https://www.tiktok.com/@hai_online/video/7473394493971074311
https://p16-common-sign-sg.tiktokcdn-us.com/tos-alisg-avt-0068/7ab321b2e58610d2c454b361f99f664f~tplv-tiktokx-cropcenter:100:100.jpg?dr=9640&refresh_token=e1f156ad&x-expires=1746172800&x-signature=PBf5H3QkLojW58sWNWOVdaeXbtc%3D&t=4d5b0474&ps=13740610&shp=30310797&shcp=ff37627b&idc=useast5,7.49471E+18,1744999255,2025-04-18T18:00:55.000Z,0,https://vt.tiktok.com/ZSh8FQbqo/,FALSE,FALSE,,0,https://vt.tiktok.com/ZSh8FQbqo/,🥰,7.19596E+18,khairulhamdi46,https://www.tiktok.com/@hai_online/video/7473394493971074311
https://p16-common-sign-va.tiktokcdn-us.com/tos-maliva-avt-0068/5a09ec9c1d97619027bfea3bb01c378a~tplv-tiktokx-cropcenter:100:100.jpg?dr=9640&refresh_token=df337ac8&x-expires=1746172800&x-signature=7jG6awUngOqWcbZnpNVWPm6YSLY%3D&t=4d5b0474&ps=13740610&shp=30310797&shcp=ff37627b&idc=useast5,7.48326E+18,1742331313,2025-03-18T20:55:13.000Z,0,https://vt.tiktok.com/ZSh8FQbqo/,FALSE,FALSE,,0,https://vt.tiktok.com/ZSh8FQbqo/,🥰,7.02065E+18,anggadavidprayoga,https://www.tiktok.com/@hai_online/video/7473394493971074311
https://p19-common-sign-sg.tiktokcdn-us.com/tos-alisg-avt-0068/50f2662a46569223883ac70ee015a941~tplv-tiktokx-cropcenter:100:100.jpg?dr=9640&refresh_token=01526ca5&x-expires=1746172800&x-signature=z1hsH8A1olYrz55FypRafxluTDc%3D&t=4d5b0474&ps=13740610&shp=30310797&shcp=ff37627b&idc=useast5,7.49025E+18,1743958646,2025-04-06T16:57:26.000Z,0,https://vt.tiktok.com/ZSh8FQbqo/,FALSE,FALSE,,0,https://vt.tiktok.com/ZSh8FQbqo/,😂,6.93358E+18,nadiratapibukansiapaya,https://www.tiktok.com/@hai_online/video/7473394493971074311
https://p16-common-sign-sg.tiktokcdn-us.com/tos-alisg-avt-0068/8730170e94bc7de325d3cc0f1bc74a61~tplv-tiktokx-cropcenter:100:100.jpg?dr=9640&refresh_token=0ea576c7&x-expires=1746172800&x-signature=ml%2FySGoHOP7UdaN8cCNRqRRz528%3D&t=4d5b0474&ps=13740610&shp=30310797&shcp=ff37627b&idc=useast5,7.47789E+18,1741081075,2025-03-04T09:37:55.000Z,0,https://vt.tiktok.com/ZSh8FQbqo/,FALSE,FALSE,,0,https://vt.tiktok.com/ZSh8FQbqo/,😏,7.16247E+18,chs.nailah,https://www.tiktok.com/@hai_online/video/7473394493971074311
https://p16-common-sign-sg.tiktokcdn-us.com/tos-alisg-avt-0068/a6536d1c3759ac93e87133e4ec046487~tplv-tiktokx-cropcenter:100:100.jpg?dr=9640&refresh_token=516905c2&x-expires=1746172800&x-signature=mhNFnGt%2BU2aqtea2fxarYPfRkz4%3D&t=4d5b0474&ps=13740610&shp=30310797&shcp=ff37627b&idc=useast5,7.48317E+18,1742311817,2025-03-18T15:30:17.000Z,0,https://vt.tiktok.com/ZSh8FQbqo/,FALSE,FALSE,,0,https://vt.tiktok.com/ZSh8FQbqo/,😂,7.47525E+18,arilll4534,https://www.tiktok.com/@hai_online/video/7473394493971074311
https://p16-common-sign-sg.tiktokcdn-us.com/tos-alisg-avt-0068/1d45e86c743533ed1d58de3c044f5b20~tplv-tiktokx-cropcenter:100:100.jpg?dr=9640&refresh_token=50cfeefb&x-expires=1746172800&x-signature=WIb9XFbih7r4y5zUdB%2Fp0nh3%2BrE%3D&t=4d5b0474&ps=13740610&shp=30310797&shcp=ff37627b&idc=useast5,7.49229E+18,1744433879,2025-04-12T04:57:59.000Z,0,https://vt.tiktok.com/ZSh8FQbqo/,FALSE,FALSE,,0,https://vt.tiktok.com/ZSh8FQbqo/,😳,7.11261E+18,nafizah830,https://www.tiktok.com/@hai_online/video/7473394493971074311
https://p16-common-sign-va.tiktokcdn-us.com/tos-maliva-avt-0068/295e43d2180954525a6c938c0f665220~tplv-tiktokx-cropcenter:100:100.jpg?dr=9640&refresh_token=cc0b2682&x-expires=1746172800&x-signature=vdrp4Gc0mUcuxIsl7x0aQFiVsCI%3D&t=4d5b0474&ps=13740610&shp=30310797&shcp=ff37627b&idc=useast5,7.47786E+18,1741074387,2025-03-04T07:46:27.000Z,0,https://vt.tiktok.com/ZSh8FQbqo/,FALSE,FALSE,,0,https://vt.tiktok.com/ZSh8FQbqo/,🥰,7.18089E+18,turisia81,https://www.tiktok.com/@hai_online/video/7473394493971074311
https://p16-common-sign-sg.tiktokcdn-us.com/tos-alisg-avt-0068/a6536d1c3759ac93e87133e4ec046487~tplv-tiktokx-cropcenter:100:100.jpg?dr=9640&refresh_token=516905c2&x-expires=1746172800&x-signature=mhNFnGt%2BU2aqtea2fxarYPfRkz4%3D&t=4d5b0474&ps=13740610&shp=30310797&shcp=ff37627b&idc=useast5,7.48317E+18,1742311815,2025-03-18T15:30:15.000Z,0,https://vt.tiktok.com/ZSh8FQbqo/,FALSE,FALSE,,0,https://vt.tiktok.com/ZSh8FQbqo/,🥰,7.47525E+18,arilll4534,https://www.tiktok.com/@hai_online/video/7473394493971074311
https://p16-common-sign-sg.tiktokcdn-us.com/tos-alisg-avt-0068/6809322497ff4cb0c9a04d606c2a7ac9~tplv-tiktokx-cropcenter:100:100.jpg?dr=9640&refresh_token=ac2491b5&x-expires=1746172800&x-signature=jdrukty97Czz0pAwcMZMxGowdL4%3D&t=4d5b0474&ps=13740610&shp=30310797&shcp=ff37627b&idc=useast5,7.47785E+18,1741072126,2025-03-04T07:08:46.000Z,0,https://vt.tiktok.com/ZSh8FQbqo/,FALSE,FALSE,,0,https://vt.tiktok.com/ZSh8FQbqo/,🥰,7.3079E+18,rifqiadittama5,https://www.tiktok.com/@hai_online/video/7473394493971074311
https://p16-common-sign-va.tiktokcdn-us.com/tos-maliva-avt-0068/7251232896223019013~tplv-tiktokx-cropcenter:100:100.jpg?dr=9640&refresh_token=0f06faa6&x-expires=1746172800&x-signature=ORqj2qJjeF4aaYOA3S0lSxLX2LE%3D&t=4d5b0474&ps=13740610&shp=30310797&shcp=ff37627b&idc=useast5,7.47939E+18,1741431694,2025-03-08T11:01:34.000Z,0,https://vt.tiktok.com/ZSh8FQbqo/,FALSE,FALSE,,0,https://vt.tiktok.com/ZSh8FQbqo/,🔥,6.91543E+18,dark_megumi,https://www.tiktok.com/@hai_online/video/7473394493971074311
https://p16-common-sign-sg.tiktokcdn-us.com/tos-alisg-avt-0068/a6536d1c3759ac93e87133e4ec046487~tplv-tiktokx-cropcenter:100:100.jpg?dr=9640&refresh_token=516905c2&x-expires=1746172800&x-signature=mhNFnGt%2BU2aqtea2fxarYPfRkz4%3D&t=4d5b0474&ps=13740610&shp=30310797&shcp=ff37627b&idc=useast5,7.48317E+18,1742311813,2025-03-18T15:30:13.000Z,0,https://vt.tiktok.com/ZSh8FQbqo/,FALSE,FALSE,,0,https://vt.tiktok.com/ZSh8FQbqo/,😁,7.47525E+18,arilll4534,https://www.tiktok.com/@hai_online/video/7473394493971074311
https://p16-common-sign-va.tiktokcdn-us.com/tos-maliva-avt-0068/6beff02030295de539bd75194b8bf965~tplv-tiktokx-cropcenter:100:100.jpg?dr=9640&refresh_token=d165d5ae&x-expires=1746172800&x-signature=NJ1LYgZsqvb%2Fw18bygPp%2Bg%2BzZmQ%3D&t=4d5b0474&ps=13740610&shp=30310797&shcp=ff37627b&idc=useast5,7.48979E+18,1743852469,2025-04-05T11:27:49.000Z,0,https://vt.tiktok.com/ZSh8FQbqo/,FALSE,FALSE,,0,https://vt.tiktok.com/ZSh8FQbqo/,🥰,7.48651E+18,dadangs073,https://www.tiktok.com/@hai_online/video/7473394493971074311
https://p16-common-sign-sg.tiktokcdn-us.com/tos-alisg-avt-0068/a6536d1c3759ac93e87133e4ec046487~tplv-tiktokx-cropcenter:100:100.jpg?dr=9640&refresh_token=516905c2&x-expires=1746172800&x-signature=mhNFnGt%2BU2aqtea2fxarYPfRkz4%3D&t=4d5b0474&ps=13740610&shp=30310797&shcp=ff37627b&idc=useast5,7.48317E+18,1742311808,2025-03-18T15:30:08.000Z,0,https://vt.tiktok.com/ZSh8FQbqo/,FALSE,FALSE,,0,https://vt.tiktok.com/ZSh8FQbqo/,😂,7.47525E+18,arilll4534,https://www.tiktok.com/@hai_online/video/7473394493971074311
https://p16-common-sign-sg.tiktokcdn-us.com/tos-alisg-avt-0068/476e772688d1d139c62b2afb104100bb~tplv-tiktokx-cropcenter:100:100.jpg?dr=9640&refresh_token=58a82b2b&x-expires=1746172800&x-signature=YY2nUKFDHoo6jJiYOrZvajd7Pc8%3D&t=4d5b0474&ps=13740610&shp=30310797&shcp=ff37627b&idc=useast5,7.47776E+18,1741050686,2025-03-04T01:11:26.000Z,0,https://vt.tiktok.com/ZSh8FQbqo/,FALSE,FALSE,,0,https://vt.tiktok.com/ZSh8FQbqo/,🥰,7.09229E+18,mujiyawansyah7,https://www.tiktok.com/@hai_online/video/7473394493971074311
https://p16-common-sign-va.tiktokcdn-us.com/tos-maliva-avt-0068/c02da9a3b378cfca5057ecc5376c94dd~tplv-tiktokx-cropcenter:100:100.jpg?dr=9640&refresh_token=bfa076f6&x-expires=1746172800&x-signature=A83Tlm9OGyBLfAp7xouYVlYN72s%3D&t=4d5b0474&ps=13740610&shp=30310797&shcp=ff37627b&idc=useast5,7.4739E+18,1740152077,2025-02-21T15:34:37.000Z,2,https://vt.tiktok.com/ZSh8FQbqo/,FALSE,FALSE,,0,https://vt.tiktok.com/ZSh8FQbqo/,itu FAKTA sesuai lagi kalian knp minta maaf,7.35433E+18,ricky.hong3,https://www.tiktok.com/@hai_online/video/7473394493971074311
https://p16-common-sign-va.tiktokcdn-us.com/tos-maliva-avt-0068/7319141767692386309~tplv-tiktokx-cropcenter:100:100.jpg?dr=9640&refresh_token=d53fd7f9&x-expires=1746172800&x-signature=Oypyrc1EXpS7y%2BUzBe0AVr7OZ54%3D&t=4d5b0474&ps=13740610&shp=30310797&shcp=ff37627b&idc=useast5,7.47389E+18,1740151702,2025-02-21T15:28:22.000Z,2,https://vt.tiktok.com/ZSh8FQbqo/,FALSE,FALSE,,0,https://vt.tiktok.com/ZSh8FQbqo/,oiii..SUKATANI...kenapa harus minta maaf..kalian sudah menyuarakan keadaan yg sebenarnya kepada OKNUM...ya..OKNUM...suarakan terus..,7.08045E+18,beng.zuzilo,https://www.tiktok.com/@hai_online/video/7473394493971074311
https://p16-common-sign-sg.tiktokcdn-us.com/tos-alisg-avt-0068/80eea99bbdfdc4fe3562796f313a44a1~tplv-tiktokx-cropcenter:100:100.jpg?dr=9640&refresh_token=231638e9&x-expires=1746172800&x-signature=63LG4Qf7rwVeNBJxz8PonkWlU%2Fs%3D&t=4d5b0474&ps=13740610&shp=30310797&shcp=ff37627b&idc=useast5,7.47389E+18,1740151077,2025-02-21T15:17:57.000Z,2,https://vt.tiktok.com/ZSh8FQbqo/,FALSE,FALSE,,0,https://vt.tiktok.com/ZSh8FQbqo/,"kan anda cuma bilang bayar polisi..
bisa saja polisi india, malaysia atau polisi amerika.
klo polisi kita tentu Baik² dan pengertian...",6.55439E+18,fabiorizal,https://www.tiktok.com/@hai_online/video/7473394493971074311
https://p16-common-sign-va.tiktokcdn-us.com/tos-maliva-avt-0068/7311312856262279174~tplv-tiktokx-cropcenter:100:100.jpg?dr=9640&refresh_token=75c4af6a&x-expires=1746172800&x-signature=IxU5FK%2BAgQqgwjWXf28qYMLeago%3D&t=4d5b0474&ps=13740610&shp=30310797&shcp=ff37627b&idc=useast5,7.47388E+18,1740149138,2025-02-21T14:45:38.000Z,2,https://vt.tiktok.com/ZSh8FQbqo/,FALSE,FALSE,,0,https://vt.tiktok.com/ZSh8FQbqo/,Emang kenyataan kok gausah minta maaf,7.31131E+18,tri.andriyan,https://www.tiktok.com/@hai_online/video/7473394493971074311
https://p16-common-sign-useast2a.tiktokcdn-us.com/tos-useast2a-avt-0068-euttp/7318251590014631969~tplv-tiktokx-cropcenter:100:100.jpg?dr=9640&refresh_token=771184b4&x-expires=1746172800&x-signature=Y7mnodItk7vTb4qh9WkO%2Fm%2Fs%2BSI%3D&t=4d5b0474&ps=13740610&shp=30310797&shcp=ff37627b&idc=useast5,7.47388E+18,1740147756,2025-02-21T14:22:36.000Z,2,https://vt.tiktok.com/ZSh8FQbqo/,FALSE,FALSE,,0,https://vt.tiktok.com/ZSh8FQbqo/,"keren ni band Sukatani , berani bayar polisi untuk sponsor , jadinya viral gini , keren 🔥",7.1958E+18,trondolnogo,https://www.tiktok.com/@hai_online/video/7473394493971074311
https://p16-common-sign-sg.tiktokcdn-us.com/tos-alisg-avt-0068/471ba448d261211626a1dbe8adcfe074~tplv-tiktokx-cropcenter:100:100.jpg?dr=9640&refresh_token=eb578454&x-expires=1746172800&x-signature=C8PacsR2MTJ4wwfzw%2FR%2FpSifqsI%3D&t=4d5b0474&ps=13740610&shp=30310797&shcp=ff37627b&idc=useast5,7.47386E+18,1740143098,2025-02-21T13:04:58.000Z,2,https://vt.tiktok.com/ZSh8FQbqo/,FALSE,FALSE,,0,https://vt.tiktok.com/ZSh8FQbqo/,"ngapain minta maaf, kan benar lagu nya",7.3202E+18,kaza.com94,https://www.tiktok.com/@hai_online/video/7473394493971074311
https://p16-common-sign-sg.tiktokcdn-us.com/tos-alisg-avt-0068/0230e5b66d5d2f8f0531560556e7d270~tplv-tiktokx-cropcenter:100:100.jpg?dr=9640&refresh_token=df52d976&x-expires=1746172800&x-signature=A7rxTZXbpn7rRGoyvc668BmweVs%3D&t=4d5b0474&ps=13740610&shp=30310797&shcp=ff37627b&idc=useast5,7.47385E+18,1740141428,2025-02-21T12:37:08.000Z,2,https://vt.tiktok.com/ZSh8FQbqo/,FALSE,FALSE,,0,https://vt.tiktok.com/ZSh8FQbqo/,padahal ahh sudahlah😅,7.06806E+18,bangozahondapalembang,https://www.tiktok.com/@hai_online/video/7473394493971074311
https://p16-common-sign-va.tiktokcdn-us.com/tos-maliva-avt-0068/6e1cff9a984e80025b9ddb1c62527697~tplv-tiktokx-cropcenter:100:100.jpg?dr=9640&refresh_token=be1a31d3&x-expires=1746172800&x-signature=0zCfzJ6O2Opvj5ckiMtyeHgh3UU%3D&t=4d5b0474&ps=13740610&shp=30310797&shcp=ff37627b&idc=useast5,7.47384E+18,1740138256,2025-02-21T11:44:16.000Z,2,https://vt.tiktok.com/ZSh8FQbqo/,FALSE,FALSE,,0,https://vt.tiktok.com/ZSh8FQbqo/,ngapain minta maaf sih kan bener 😅,6.52575E+18,lisna_dalisha,https://www.tiktok.com/@hai_online/video/7473394493971074311
https://p16-common-sign-va.tiktokcdn-us.com/tos-maliva-avt-0068/42792f3c46a674ff975c4f9b174a4388~tplv-tiktokx-cropcenter:100:100.jpg?dr=9640&refresh_token=43f8a45f&x-expires=1746172800&x-signature=Gb2V8InNX53F8hunEpMWdVJt8uI%3D&t=4d5b0474&ps=13740610&shp=30310797&shcp=ff37627b&idc=useast5,7.47383E+18,1740136718,2025-02-21T11:18:38.000Z,2,https://vt.tiktok.com/ZSh8FQbqo/,FALSE,FALSE,,0,https://vt.tiktok.com/ZSh8FQbqo/,DEWA 19 Atau IWAN FALS harus nyanyikan lagu ini hhe,6.94572E+18,agil_ramdani18,https://www.tiktok.com/@hai_online/video/7473394493971074311
https://p16-common-sign-va.tiktokcdn-us.com/tos-maliva-avt-0068/d0b95cf9cacd8073a26b4160cfd09fe5~tplv-tiktokx-cropcenter:100:100.jpg?dr=9640&refresh_token=57886897&x-expires=1746172800&x-signature=OAfXqihCiLXKN4l0uY6Yrr7M1o8%3D&t=4d5b0474&ps=13740610&shp=30310797&shcp=ff37627b&idc=useast5,7.47383E+18,1740136406,2025-02-21T11:13:26.000Z,2,https://vt.tiktok.com/ZSh8FQbqo/,FALSE,FALSE,,0,https://vt.tiktok.com/ZSh8FQbqo/,lagunya enak+diangkat dari kisah nyata di sebuah negeri yang jauh,7.16695E+18,indra_132,https://www.tiktok.com/@hai_online/video/7473394493971074311
https://p16-common-sign-va.tiktokcdn-us.com/tos-maliva-avt-0068/c5b8b6f36eeebfcdbfb63be7447ff9ea~tplv-tiktokx-cropcenter:100:100.jpg?dr=9640&refresh_token=25e04a3a&x-expires=1746172800&x-signature=yLUIo41qrDaueYxPRAOQxeQnrwQ%3D&t=4d5b0474&ps=13740610&shp=30310797&shcp=ff37627b&idc=useast5,7.47383E+18,1740136259,2025-02-21T11:10:59.000Z,2,https://vt.tiktok.com/ZSh8FQbqo/,FALSE,FALSE,,0,https://vt.tiktok.com/ZSh8FQbqo/,"gk usah minta maaf cuy,,,
udah bener lgu lu cuy,,,kita dukung",7.03598E+18,andi.jody,https://www.tiktok.com/@hai_online/video/7473394493971074311
https://p16-common-sign-va.tiktokcdn-us.com/tos-maliva-avt-0068/460dc95db871c0b17123ac557a6366eb~tplv-tiktokx-cropcenter:100:100.jpg?dr=9640&refresh_token=60579d9a&x-expires=1746172800&x-signature=YnDJmJj5tVnpX%2Bvfe4PyNpboerM%3D&t=4d5b0474&ps=13740610&shp=30310797&shcp=ff37627b&idc=useast5,7.47383E+18,1740135929,2025-02-21T11:05:29.000Z,2,https://vt.tiktok.com/ZSh8FQbqo/,FALSE,FALSE,,0,https://vt.tiktok.com/ZSh8FQbqo/,ngapain minta maaf ? kan memang bener 🙄,6.53209E+18,budyaditya27,https://www.tiktok.com/@hai_online/video/7473394493971074311
https://p16-common-sign-useast2a.tiktokcdn-us.com/tos-useast2a-avt-0068-giso/a9467ea3af5ac5a5b6c1b20f7390198f~tplv-tiktokx-cropcenter:100:100.jpg?dr=9640&refresh_token=c2864634&x-expires=1746172800&x-signature=7XtuY6wklcWyZdzZhXlc4RvpCg4%3D&t=4d5b0474&ps=13740610&shp=30310797&shcp=ff37627b&idc=useast5,7.47382E+18,1740135251,2025-02-21T10:54:11.000Z,2,https://vt.tiktok.com/ZSh8FQbqo/,FALSE,FALSE,,0,https://vt.tiktok.com/ZSh8FQbqo/,ngapain minta maaf,6.99025E+18,nuredysusilo,https://www.tiktok.com/@hai_online/video/7473394493971074311
https://p16-common-sign-va.tiktokcdn-us.com/tos-maliva-avt-0068/888bcdf3af402cca0e1be082ee6526de~tplv-tiktokx-cropcenter:100:100.jpg?dr=9640&refresh_token=388ced37&x-expires=1746172800&x-signature=eHKZB%2B63fIuLsQhSXoHYhBv9d5k%3D&t=4d5b0474&ps=13740610&shp=30310797&shcp=ff37627b&idc=useast5,7.47382E+18,1740135095,2025-02-21T10:51:35.000Z,2,https://vt.tiktok.com/ZSh8FQbqo/,FALSE,FALSE,,0,https://vt.tiktok.com/ZSh8FQbqo/,napa minta maaf. kan emang bener😡,7.13536E+18,raden3267,https://www.tiktok.com/@hai_online/video/7473394493971074311
https://p16-common-sign-va.tiktokcdn-us.com/tos-maliva-avt-0068/9466a42bdd7a89c330ecbcfaf8759dd2~tplv-tiktokx-cropcenter:100:100.jpg?dr=9640&refresh_token=7854775c&x-expires=1746172800&x-signature=kMyRT3Jd8fGw5z1uWXUNh9qfmFs%3D&t=4d5b0474&ps=13740610&shp=30310797&shcp=ff37627b&idc=useast5,7.47382E+18,1740134771,2025-02-21T10:46:11.000Z,2,https://vt.tiktok.com/ZSh8FQbqo/,FALSE,FALSE,,0,https://vt.tiktok.com/ZSh8FQbqo/,ada tekanan mungkin🤭eheum,6.93968E+18,herubarmazid,https://www.tiktok.com/@hai_online/video/7473394493971074311
https://p16-common-sign-sg.tiktokcdn-us.com/tos-alisg-avt-0068/f418ae5e9c0a63b8fe084d810dd13e7b~tplv-tiktokx-cropcenter:100:100.jpg?dr=9640&refresh_token=8d5fb2e2&x-expires=1746172800&x-signature=BPuwO49JvWHmJwySlYxBLv3mlhE%3D&t=4d5b0474&ps=13740610&shp=30310797&shcp=ff37627b&idc=useast5,7.47381E+18,1740133060,2025-02-21T10:17:40.000Z,2,https://vt.tiktok.com/ZSh8FQbqo/,FALSE,FALSE,,0,https://vt.tiktok.com/ZSh8FQbqo/,knapa harus klarifikasi kan yg d nyanyiin semua benar,6.93504E+18,jabrik357,https://www.tiktok.com/@hai_online/video/7473394493971074311
https://p16-common-sign-sg.tiktokcdn-us.com/tos-alisg-avt-0068/a7c049de660ae5c55c478813722aa9df~tplv-tiktokx-cropcenter:100:100.jpg?dr=9640&refresh_token=3b0a20f2&x-expires=1746172800&x-signature=tJCm7cFoGYlm%2F4MJj33c4CE9qP8%3D&t=4d5b0474&ps=13740610&shp=30310797&shcp=ff37627b&idc=useast5,7.4738E+18,1740130382,2025-02-21T09:33:02.000Z,2,https://vt.tiktok.com/ZSh8FQbqo/,FALSE,FALSE,,0,https://vt.tiktok.com/ZSh8FQbqo/,mau jadi polisi bayar polisi,7.30092E+18,cv.aaron.pratama,https://www.tiktok.com/@hai_online/video/7473394493971074311
https://p16-common-sign-va.tiktokcdn-us.com/tos-maliva-avt-0068/683e88e368ad5bdad739fc519b0f6a5a~tplv-tiktokx-cropcenter:100:100.jpg?dr=9640&refresh_token=02442688&x-expires=1746172800&x-signature=cAwHjY%2FI1iN8Ucl83Kk5aO8rYws%3D&t=4d5b0474&ps=13740610&shp=30310797&shcp=ff37627b&idc=useast5,7.4738E+18,1740129703,2025-02-21T09:21:43.000Z,2,https://vt.tiktok.com/ZSh8FQbqo/,FALSE,FALSE,,0,https://vt.tiktok.com/ZSh8FQbqo/,padahal fakta nya begitu,6.56769E+18,lee_monstro,https://www.tiktok.com/@hai_online/video/7473394493971074311
https://p16-common-sign-va.tiktokcdn-us.com/tos-maliva-avt-0068/b947863d8a50b78f202abf086d542ca0~tplv-tiktokx-cropcenter:100:100.jpg?dr=9640&refresh_token=0c389f68&x-expires=1746172800&x-signature=Dq2AlkI3j5ecaCsDbzLakuTw3k4%3D&t=4d5b0474&ps=13740610&shp=30310797&shcp=ff37627b&idc=useast5,7.4738E+18,1740129381,2025-02-21T09:16:21.000Z,2,https://vt.tiktok.com/ZSh8FQbqo/,FALSE,FALSE,,0,https://vt.tiktok.com/ZSh8FQbqo/,ngapain minta maaf kalo itu kenyataan nya bang maju terus 🙂,6.78238E+18,andikresna02,https://www.tiktok.com/@hai_online/video/7473394493971074311
https://p16-common-sign-sg.tiktokcdn-us.com/tos-alisg-avt-0068/3871e04def56a94ad22124541451fb9e~tplv-tiktokx-cropcenter:100:100.jpg?dr=9640&refresh_token=0e04d5cc&x-expires=1746172800&x-signature=PfBslhKyaxLPFXMIICH00ZQkiYQ%3D&t=4d5b0474&ps=13740610&shp=30310797&shcp=ff37627b&idc=useast5,7.47378E+18,1740124742,2025-02-21T07:59:02.000Z,2,https://vt.tiktok.com/ZSh8FQbqo/,FALSE,FALSE,,0,https://vt.tiktok.com/ZSh8FQbqo/,knp sih harus minta maaf,6.96473E+18,bukantemanmu6,https://www.tiktok.com/@hai_online/video/7473394493971074311
https://p16-common-sign-va.tiktokcdn-us.com/tos-maliva-avt-0068/00b5c5a144c917f2b01bea48ed869d08~tplv-tiktokx-cropcenter:100:100.jpg?dr=9640&refresh_token=3ee9a236&x-expires=1746172800&x-signature=V%2BV6F%2Fq29UKl0yhB4R0iPZ1eWqE%3D&t=4d5b0474&ps=13740610&shp=30310797&shcp=ff37627b&idc=useast5,7.47378E+18,1740124036,2025-02-21T07:47:16.000Z,2,https://vt.tiktok.com/ZSh8FQbqo/,FALSE,FALSE,,0,https://vt.tiktok.com/ZSh8FQbqo/,"up lg yuuuk lagunya , enak banget di telinga 😁",6.97761E+18,welericity99,https://www.tiktok.com/@hai_online/video/7473394493971074311
https://p16-common-sign-va.tiktokcdn-us.com/tos-maliva-avt-0068/e3cc4cde0f664125e7c74611514a72cb~tplv-tiktokx-cropcenter:100:100.jpg?dr=9640&refresh_token=fb3d2d4f&x-expires=1746172800&x-signature=w7hD1bEm8QyeivnByNtvb5e6fKA%3D&t=4d5b0474&ps=13740610&shp=30310797&shcp=ff37627b&idc=useast5,7.47377E+18,1740122545,2025-02-21T07:22:25.000Z,2,https://vt.tiktok.com/ZSh8FQbqo/,FALSE,FALSE,,0,https://vt.tiktok.com/ZSh8FQbqo/,ngapain minta maap,7.33158E+18,syabri.malik,https://www.tiktok.com/@hai_online/video/7473394493971074311
https://p16-common-sign-sg.tiktokcdn-us.com/tos-alisg-avt-0068/68451962db7b6d9f6a8f2275511bd787~tplv-tiktokx-cropcenter:100:100.jpg?dr=9640&refresh_token=b5407a79&x-expires=1746172800&x-signature=PhM8%2BnuhVoESKLQ3F5La4ORHL%2Bw%3D&t=4d5b0474&ps=13740610&shp=30310797&shcp=ff37627b&idc=useast5,7.47376E+18,1740120440,2025-02-21T06:47:20.000Z,2,https://vt.tiktok.com/ZSh8FQbqo/,FALSE,FALSE,,0,https://vt.tiktok.com/ZSh8FQbqo/,"kenapa kalian minta maaf?,emng bener realitanya gitu",7.3648E+18,cirebon_pride00,https://www.tiktok.com/@hai_online/video/7473394493971074311
https://p16-common-sign-sg.tiktokcdn-us.com/tos-alisg-avt-0068/54db198d6d1047d2601f1c2aee9ac0ac~tplv-tiktokx-cropcenter:100:100.jpg?dr=9640&refresh_token=99be6cc1&x-expires=1746172800&x-signature=5%2BXoxR3NmB%2FFIZ%2FbhDA1Q54Bi2A%3D&t=4d5b0474&ps=13740610&shp=30310797&shcp=ff37627b&idc=useast5,7.47376E+18,1740119558,2025-02-21T06:32:38.000Z,2,https://vt.tiktok.com/ZSh8FQbqo/,FALSE,FALSE,,0,https://vt.tiktok.com/ZSh8FQbqo/,la kok minta maaf? apanya yg salah???,6.94099E+18,brow_oi,https://www.tiktok.com/@hai_online/video/7473394493971074311
https://p16-common-sign-sg.tiktokcdn-us.com/tos-alisg-avt-0068/46fe186a051a9549c9b03a32c36d7dec~tplv-tiktokx-cropcenter:100:100.jpg?dr=9640&refresh_token=1ae58938&x-expires=1746172800&x-signature=SyIqTDUpQ0rN%2BGCDvsDKbiOeBRI%3D&t=4d5b0474&ps=13740610&shp=30310797&shcp=ff37627b&idc=useast5,7.47376E+18,1740119358,2025-02-21T06:29:18.000Z,2,https://vt.tiktok.com/ZSh8FQbqo/,FALSE,FALSE,,0,https://vt.tiktok.com/ZSh8FQbqo/,"tdk perlu minta, itu memang fakta & kenyataan !!!",7.19199E+18,hendrakyokushin,https://www.tiktok.com/@hai_online/video/7473394493971074311
https://p16-common-sign-va.tiktokcdn-us.com/tos-maliva-avt-0068/e033444fbc4cb8e01d62f04ee5ff6efd~tplv-tiktokx-cropcenter:100:100.jpg?dr=9640&refresh_token=f3ba6141&x-expires=1746172800&x-signature=PJNMqy82jXod5SKpxsDkpMVvnj0%3D&t=4d5b0474&ps=13740610&shp=30310797&shcp=ff37627b&idc=useast5,7.47375E+18,1740119014,2025-02-21T06:23:34.000Z,2,https://vt.tiktok.com/ZSh8FQbqo/,FALSE,FALSE,,0,https://vt.tiktok.com/ZSh8FQbqo/,padahal lagu nya jujur kenapa harus minta maaf?😂,7.07125E+18,febby_muhammad151,https://www.tiktok.com/@hai_online/video/7473394493971074311
https://p19-common-sign-sg.tiktokcdn-us.com/tos-alisg-avt-0068/88579de238291f48f8a0c58542201cab~tplv-tiktokx-cropcenter:100:100.jpg?dr=9640&refresh_token=373579eb&x-expires=1746172800&x-signature=QSU0%2BBDjywQR8tt7UtPmjdfBf3w%3D&t=4d5b0474&ps=13740610&shp=30310797&shcp=ff37627b&idc=useast5,7.47375E+18,1740118931,2025-02-21T06:22:11.000Z,2,https://vt.tiktok.com/ZSh8FQbqo/,FALSE,FALSE,,0,https://vt.tiktok.com/ZSh8FQbqo/,gak usah minta maaf si kak karen lagunya bener nyatanya,6.64847E+18,augstfa,https://www.tiktok.com/@hai_online/video/7473394493971074311
https://p16-common-sign-va.tiktokcdn-us.com/tos-maliva-avt-0068/fec71448d640e6f6d643d474a5aff5c4~tplv-tiktokx-cropcenter:100:100.jpg?dr=9640&refresh_token=5b84a361&x-expires=1746172800&x-signature=K76Fyn41BjRLT735ISdf7WVCG2E%3D&t=4d5b0474&ps=13740610&shp=30310797&shcp=ff37627b&idc=useast5,7.47375E+18,1740118402,2025-02-21T06:13:22.000Z,2,https://vt.tiktok.com/ZSh8FQbqo/,FALSE,FALSE,,0,https://vt.tiktok.com/ZSh8FQbqo/,kenapa kalian minta maaf kita malah berterima kasih atas lirik lagu kalian. Terima Kasih SUKATANI=DIBUNGKAM,7.04971E+18,ayahbiasa7,https://www.tiktok.com/@hai_online/video/7473394493971074311
https://p16-common-sign-sg.tiktokcdn-us.com/tos-alisg-avt-0068/8ae91d8cff954611a7155dc1852872ff~tplv-tiktokx-cropcenter:100:100.jpg?dr=9640&refresh_token=c1346780&x-expires=1746172800&x-signature=LZcgockr9%2BKb0LeAfY1hbPFfbLI%3D&t=4d5b0474&ps=13740610&shp=30310797&shcp=ff37627b&idc=useast5,7.47375E+18,1740117840,2025-02-21T06:04:00.000Z,2,https://vt.tiktok.com/ZSh8FQbqo/,FALSE,FALSE,,0,https://vt.tiktok.com/ZSh8FQbqo/,"Gausah minta maaffff, kalian mengutarakan kebenarannn",7.13881E+18,iiinatty,https://www.tiktok.com/@hai_online/video/7473394493971074311
https://p19-common-sign-va.tiktokcdn-us.com/tos-maliva-avt-0068/2f3421c4c699746aa4f6f7e62bf8c4a7~tplv-tiktokx-cropcenter:100:100.jpg?dr=9640&refresh_token=ccfa1371&x-expires=1746172800&x-signature=VhLyvKLUi%2FBaoJymfoRHTlvDXgc%3D&t=4d5b0474&ps=13740610&shp=30310797&shcp=ff37627b&idc=useast5,7.47375E+18,1740117801,2025-02-21T06:03:21.000Z,2,https://vt.tiktok.com/ZSh8FQbqo/,FALSE,FALSE,,0,https://vt.tiktok.com/ZSh8FQbqo/,udah kadung viral trending 🥰🔥,7.19362E+18,pejuang.keluarga507,https://www.tiktok.com/@hai_online/video/7473394493971074311
https://p16-common-sign-sg.tiktokcdn-us.com/tos-alisg-avt-0068/7326664185700417556~tplv-tiktokx-cropcenter:100:100.jpg?dr=9640&refresh_token=45ab43a2&x-expires=1746172800&x-signature=OjXTtg6RK0RPXmWZBqVP5iOMKaY%3D&t=4d5b0474&ps=13740610&shp=30310797&shcp=ff37627b&idc=useast5,7.47364E+18,1740093396,2025-02-20T23:16:36.000Z,2,https://vt.tiktok.com/ZSh8FQbqo/,FALSE,FALSE,,1,https://vt.tiktok.com/ZSh8FQbqo/,kenapa minta maaf bang kan faktq,6.7636E+18,jarjit801,https://www.tiktok.com/@hai_online/video/7473394493971074311
https://p16-common-sign-sg.tiktokcdn-us.com/tos-alisg-avt-0068/d4052253a9f54e967418b696843f5aa7~tplv-tiktokx-cropcenter:100:100.jpg?dr=9640&refresh_token=31a786c0&x-expires=1746172800&x-signature=tPxLoKn2lsFituiDugDNJ%2BQEtiA%3D&t=4d5b0474&ps=13740610&shp=30310797&shcp=ff37627b&idc=useast5,7.47364E+18,1740092874,2025-02-20T23:07:54.000Z,2,https://vt.tiktok.com/ZSh8FQbqo/,FALSE,FALSE,,0,https://vt.tiktok.com/ZSh8FQbqo/,"ngapain mitak maff, kenyataanya bgtu",7.34855E+18,jpr9601,https://www.tiktok.com/@hai_online/video/7473394493971074311
https://p16-common-sign-va.tiktokcdn-us.com/tos-maliva-avt-0068/fc49cf06e3090f787b0b644c6a05cb0e~tplv-tiktokx-cropcenter:100:100.jpg?dr=9640&refresh_token=2acf36c2&x-expires=1746172800&x-signature=WrBjmOd1tlpMQqWjzzIQSeQfKZE%3D&t=4d5b0474&ps=13740610&shp=30310797&shcp=ff37627b&idc=useast5,7.47364E+18,1740091815,2025-02-20T22:50:15.000Z,2,https://vt.tiktok.com/ZSh8FQbqo/,FALSE,FALSE,,0,https://vt.tiktok.com/ZSh8FQbqo/,Haha ngapain klarifikasi. Konten kalian udah bener ko,6.87358E+18,nilduenilun00,https://www.tiktok.com/@hai_online/video/7473394493971074311
https://p16-common-sign-va.tiktokcdn-us.com/tos-maliva-avt-0068/7338635119902588933~tplv-tiktokx-cropcenter:100:100.jpg?dr=9640&refresh_token=1b25bd1f&x-expires=1746172800&x-signature=0rEaix2P6hD3of80eZo2woqu91U%3D&t=4d5b0474&ps=13740610&shp=30310797&shcp=ff37627b&idc=useast5,7.47362E+18,1740088635,2025-02-20T21:57:15.000Z,2,https://vt.tiktok.com/ZSh8FQbqo/,FALSE,FALSE,,0,https://vt.tiktok.com/ZSh8FQbqo/,ngapain minta maff itukn memang ada di negara kohoha dan terjadi,7.29964E+18,rokhim.lasem,https://www.tiktok.com/@hai_online/video/7473394493971074311
https://p16-common-sign-va.tiktokcdn-us.com/musically-maliva-obj/1594805258216454~tplv-tiktokx-cropcenter:100:100.jpg?dr=9640&refresh_token=8a29684a&x-expires=1746172800&x-signature=7DZto9hg0aqFDqq0kULxMSzQbEQ%3D&t=4d5b0474&ps=13740610&shp=30310797&shcp=ff37627b&idc=useast5,7.47361E+18,1740085103,2025-02-20T20:58:23.000Z,2,https://vt.tiktok.com/ZSh8FQbqo/,FALSE,FALSE,,0,https://vt.tiktok.com/ZSh8FQbqo/,padahal kenyataan di lapangan emg gtu😭,6.56694E+18,yaaaoooaauu,https://www.tiktok.com/@hai_online/video/7473394493971074311
https://p16-common-sign-va.tiktokcdn-us.com/tos-maliva-avt-0068/735470818b5d2d757fd6570e46498cc7~tplv-tiktokx-cropcenter:100:100.jpg?dr=9640&refresh_token=31a0c231&x-expires=1746172800&x-signature=WHggEPKfL08IXcgK2LAiK0iFYsg%3D&t=4d5b0474&ps=13740610&shp=30310797&shcp=ff37627b&idc=useast5,7.47359E+18,1740081420,2025-02-20T19:57:00.000Z,2,https://vt.tiktok.com/ZSh8FQbqo/,FALSE,FALSE,,0,https://vt.tiktok.com/ZSh8FQbqo/,lha kan emg fakta ngapain minta maaf 🙃,6.81454E+18,viyuuuu11,https://www.tiktok.com/@hai_online/video/7473394493971074311
https://p16-common-sign-useast2a.tiktokcdn-us.com/tos-useast2a-avt-0068-giso/15b70cc8f6c9491b62fb9a06f45a81ee~tplv-tiktokx-cropcenter:100:100.jpg?dr=9640&refresh_token=bde51ade&x-expires=1746172800&x-signature=U9%2FM1G%2BqM6hx0rdxCeO64H43WFM%3D&t=4d5b0474&ps=13740610&shp=30310797&shcp=ff37627b&idc=useast5,7.47359E+18,1740081302,2025-02-20T19:55:02.000Z,2,https://vt.tiktok.com/ZSh8FQbqo/,FALSE,FALSE,,0,https://vt.tiktok.com/ZSh8FQbqo/,"GAUSAH MINTA MAAAAFFFFFFFF,, ITU FAKTAAAAAAA",6.99909E+18,rifkinggg,https://www.tiktok.com/@hai_online/video/7473394493971074311
https://p16-common-sign-va.tiktokcdn-us.com/tos-maliva-avt-0068/0cb6a268b09086ae9539c5528309ecd4~tplv-tiktokx-cropcenter:100:100.jpg?dr=9640&refresh_token=eb923dab&x-expires=1746172800&x-signature=SjdFeWdbpuWTqWNNNAv802k16kc%3D&t=4d5b0474&ps=13740610&shp=30310797&shcp=ff37627b&idc=useast5,7.47359E+18,1740080751,2025-02-20T19:45:51.000Z,2,https://vt.tiktok.com/ZSh8FQbqo/,FALSE,FALSE,,0,https://vt.tiktok.com/ZSh8FQbqo/,lagu anda mewakili masyarakat indonesia bang,7.19335E+18,b_a_h_r_a_m__,https://www.tiktok.com/@hai_online/video/7473394493971074311
https://p16-common-sign-sg.tiktokcdn-us.com/tos-alisg-avt-0068/127fa5b808de9be5b0a3f9afb778668b~tplv-tiktokx-cropcenter:100:100.jpg?dr=9640&refresh_token=a1ee7575&x-expires=1746172800&x-signature=52IYbvtnh0%2F%2FGOGJ6sxCQvJhvhM%3D&t=4d5b0474&ps=13740610&shp=30310797&shcp=ff37627b&idc=useast5,7.47358E+18,1740078333,2025-02-20T19:05:33.000Z,2,https://vt.tiktok.com/ZSh8FQbqo/,FALSE,FALSE,,2,https://vt.tiktok.com/ZSh8FQbqo/,"nggak perlu minta maaf bang, itu lirik berdasarkan fakta",6.96897E+18,mas_pusat86,https://www.tiktok.com/@hai_online/video/7473394493971074311
https://p19-common-sign-useast2a.tiktokcdn-us.com/tos-useast2a-avt-0068-giso/5617462ab1c750374a1eb8c7bb3350b4~tplv-tiktokx-cropcenter:100:100.jpg?dr=9640&refresh_token=9e102a43&x-expires=1746172800&x-signature=ES8zsBCpQx3EB0y86J5XXye8m%2BY%3D&t=4d5b0474&ps=13740610&shp=30310797&shcp=ff37627b&idc=useast5,7.47358E+18,1740077829,2025-02-20T18:57:09.000Z,2,https://vt.tiktok.com/ZSh8FQbqo/,FALSE,FALSE,,0,https://vt.tiktok.com/ZSh8FQbqo/,dibungkam 🫢,6.90278E+18,dwikki420,https://www.tiktok.com/@hai_online/video/7473394493971074311
https://p16-common-sign-va.tiktokcdn-us.com/tos-maliva-avt-0068/688c14e8bb98af40e621a2db8e512fb5~tplv-tiktokx-cropcenter:100:100.jpg?dr=9640&refresh_token=1c0d4943&x-expires=1746172800&x-signature=ffZfOHHazoXP02DEpVSlfQ5MknI%3D&t=4d5b0474&ps=13740610&shp=30310797&shcp=ff37627b&idc=useast5,7.47357E+18,1740076349,2025-02-20T18:32:29.000Z,2,https://vt.tiktok.com/ZSh8FQbqo/,FALSE,FALSE,,0,https://vt.tiktok.com/ZSh8FQbqo/,ngapain minta maaf?,6.95919E+18,ongkuadrat,https://www.tiktok.com/@hai_online/video/7473394493971074311
https://p16-common-sign-sg.tiktokcdn-us.com/tos-alisg-avt-0068/943cf109655ab8b6cfb072ce43532401~tplv-tiktokx-cropcenter:100:100.jpg?dr=9640&refresh_token=76b4d69b&x-expires=1746172800&x-signature=F6zwTKnOLEYL%2BtRS26W3DBBXKMU%3D&t=4d5b0474&ps=13740610&shp=30310797&shcp=ff37627b&idc=useast5,7.47356E+18,1740074968,2025-02-20T18:09:28.000Z,2,https://vt.tiktok.com/ZSh8FQbqo/,FALSE,FALSE,,0,https://vt.tiktok.com/ZSh8FQbqo/,ga usah minta maaf abangkuhh .km ga salah dan emang salah nya di mna?? kan emang harus bayar wkwkwk,6.97195E+18,omeng1693,https://www.tiktok.com/@hai_online/video/7473394493971074311
https://p16-common-sign-va.tiktokcdn-us.com/tos-maliva-avt-0068/22bf103e99d4b1ae212130d972449936~tplv-tiktokx-cropcenter:100:100.jpg?dr=9640&refresh_token=5182bc46&x-expires=1746172800&x-signature=J43fyD5TZhxFLZqsLLls9hdhVP4%3D&t=4d5b0474&ps=13740610&shp=30310797&shcp=ff37627b&idc=useast5,7.47356E+18,1740074384,2025-02-20T17:59:44.000Z,2,https://vt.tiktok.com/ZSh8FQbqo/,FALSE,FALSE,,0,https://vt.tiktok.com/ZSh8FQbqo/,mau lagu lu aman. bayar polisi😂😂😂,6.88011E+18,ihyaulumuddin17,https://www.tiktok.com/@hai_online/video/7473394493971074311
https://p16-common-sign-useast2a.tiktokcdn-us.com/tos-useast2a-avt-0068-giso/a6a79110e5e3716e25ddbfe3f8126a11~tplv-tiktokx-cropcenter:100:100.jpg?dr=9640&refresh_token=873c468a&x-expires=1746172800&x-signature=mQTg2YDcq%2FA4OG9vuBJ0LN2118o%3D&t=4d5b0474&ps=13740610&shp=30310797&shcp=ff37627b&idc=useast5,7.47356E+18,1740073999,2025-02-20T17:53:19.000Z,2,https://vt.tiktok.com/ZSh8FQbqo/,FALSE,FALSE,,0,https://vt.tiktok.com/ZSh8FQbqo/,"kan itu fakta, knaapa harus minta maaf,,",6.95804E+18,herirafaell,https://www.tiktok.com/@hai_online/video/7473394493971074311
https://p16-common-sign-va.tiktokcdn-us.com/tos-maliva-avt-0068/5cb07be355f2bc71eabde0c573a65a56~tplv-tiktokx-cropcenter:100:100.jpg?dr=9640&refresh_token=b78d8b79&x-expires=1746172800&x-signature=mcx5fIvps9sW3YLo7aSSeYPwm6g%3D&t=4d5b0474&ps=13740610&shp=30310797&shcp=ff37627b&idc=useast5,7.47356E+18,1740073666,2025-02-20T17:47:46.000Z,2,https://vt.tiktok.com/ZSh8FQbqo/,FALSE,FALSE,,0,https://vt.tiktok.com/ZSh8FQbqo/,masa gaboleh nyanyiin lirik yang isinya faktaa 🤪,6.91322E+18,km.nny_,https://www.tiktok.com/@hai_online/video/7473394493971074311
https://p16-common-sign-sg.tiktokcdn-us.com/tos-alisg-avt-0068/33690325d91b4b234836cd16bda06ed9~tplv-tiktokx-cropcenter:100:100.jpg?dr=9640&refresh_token=85ce342b&x-expires=1746172800&x-signature=SsUPHZHQAuisBeNnhetc%2FmtRHDA%3D&t=4d5b0474&ps=13740610&shp=30310797&shcp=ff37627b&idc=useast5,7.47356E+18,1740073585,2025-02-20T17:46:25.000Z,2,https://vt.tiktok.com/ZSh8FQbqo/,FALSE,FALSE,,0,https://vt.tiktok.com/ZSh8FQbqo/,semangat mas syifa dan mba ovi✊🏼,7.46586E+18,rf4ddd,https://www.tiktok.com/@hai_online/video/7473394493971074311
https://p16-common-sign-va.tiktokcdn-us.com/tos-maliva-avt-0068/7245295606963863558~tplv-tiktokx-cropcenter:100:100.jpg?dr=9640&refresh_token=ecfc204d&x-expires=1746172800&x-signature=m80xWKpsOnQHLbgYKmqQ7BQtR9Y%3D&t=4d5b0474&ps=13740610&shp=30310797&shcp=ff37627b&idc=useast5,7.47356E+18,1740073336,2025-02-20T17:42:16.000Z,2,https://vt.tiktok.com/ZSh8FQbqo/,FALSE,FALSE,,0,https://vt.tiktok.com/ZSh8FQbqo/,jangan minta maaf..kalian gk salah,7.22587E+18,muhammadrizalaraf,https://www.tiktok.com/@hai_online/video/7473394493971074311
https://p16-common-sign-sg.tiktokcdn-us.com/tos-alisg-avt-0068/e7d87e34d7425ee1ecf788657e681f5d~tplv-tiktokx-cropcenter:100:100.jpg?dr=9640&refresh_token=c4e83d84&x-expires=1746172800&x-signature=nqzatcSAPQsGwEPBNg3q5B7t%2BFU%3D&t=4d5b0474&ps=13740610&shp=30310797&shcp=ff37627b&idc=useast5,7.47356E+18,1740073335,2025-02-20T17:42:15.000Z,2,https://vt.tiktok.com/ZSh8FQbqo/,FALSE,FALSE,,0,https://vt.tiktok.com/ZSh8FQbqo/,lah faktanya gitu bjir sesuai lirik,7.21892E+18,luxx_509,https://www.tiktok.com/@hai_online/video/7473394493971074311
https://p16-common-sign-va.tiktokcdn-us.com/tos-maliva-avt-0068/44979606571c8e73faa32163be3f2e70~tplv-tiktokx-cropcenter:100:100.jpg?dr=9640&refresh_token=c32a9afd&x-expires=1746172800&x-signature=leaQOv9SgOBa9W8CpeNzfVbPNTk%3D&t=4d5b0474&ps=13740610&shp=30310797&shcp=ff37627b&idc=useast5,7.47355E+18,1740071097,2025-02-20T17:04:57.000Z,2,https://vt.tiktok.com/ZSh8FQbqo/,FALSE,FALSE,,0,https://vt.tiktok.com/ZSh8FQbqo/,lagu kritikan ko mohon maaf 🥺,6.90811E+18,marvahomedecoration,https://www.tiktok.com/@hai_online/video/7473394493971074311
https://p16-common-sign-sg.tiktokcdn-us.com/tos-alisg-avt-0068/a078c244572d2ccd350d65f76340d1f6~tplv-tiktokx-cropcenter:100:100.jpg?dr=9640&refresh_token=9ede5c51&x-expires=1746172800&x-signature=hryFyjnLOlYNd2W3sSC1RMZu2yE%3D&t=4d5b0474&ps=13740610&shp=30310797&shcp=ff37627b&idc=useast5,7.47355E+18,1740071056,2025-02-20T17:04:16.000Z,2,https://vt.tiktok.com/ZSh8FQbqo/,FALSE,FALSE,,0,https://vt.tiktok.com/ZSh8FQbqo/,Kalian ga usah minta maaf kok....,7.38425E+18,peci.sobek,https://www.tiktok.com/@hai_online/video/7473394493971074311
https://p19-common-sign-va.tiktokcdn-us.com/tos-maliva-avt-0068/46e8663e6cb8deb2d268d79595499d35~tplv-tiktokx-cropcenter:100:100.jpg?dr=9640&refresh_token=6d22c0df&x-expires=1746172800&x-signature=qH4qb7Ngk%2B1dRbBvz1Cne9F93s0%3D&t=4d5b0474&ps=13740610&shp=30310797&shcp=ff37627b&idc=useast5,7.47355E+18,1740070934,2025-02-20T17:02:14.000Z,2,https://vt.tiktok.com/ZSh8FQbqo/,FALSE,FALSE,,0,https://vt.tiktok.com/ZSh8FQbqo/,hidup sukatani,6.96025E+18,ataladafakurniawan,https://www.tiktok.com/@hai_online/video/7473394493971074311
https://p16-common-sign-sg.tiktokcdn-us.com/tos-alisg-avt-0068/a9d26359abe694933820dab5efed8beb~tplv-tiktokx-cropcenter:100:100.jpg?dr=9640&refresh_token=4b4edaab&x-expires=1746172800&x-signature=Gl%2FZ%2Fcu71AMqZ1WIMBSpgXwTXpU%3D&t=4d5b0474&ps=13740610&shp=30310797&shcp=ff37627b&idc=useast5,7.47354E+18,1740070236,2025-02-20T16:50:36.000Z,2,https://vt.tiktok.com/ZSh8FQbqo/,FALSE,FALSE,,0,https://vt.tiktok.com/ZSh8FQbqo/,kenapa harus klarifikasi bukanya emang di indo semuanya bayar bayar bayar,7.16437E+18,riohandikaa21,https://www.tiktok.com/@hai_online/video/7473394493971074311
https://p19-common-sign-sg.tiktokcdn-us.com/tos-alisg-avt-0068/6e5fddf4864ab5e23f5f30c0f768f9a3~tplv-tiktokx-cropcenter:100:100.jpg?dr=9640&refresh_token=8b7993e2&x-expires=1746172800&x-signature=g9uRAlL7kvkc99b%2F%2FQkNJ%2BFew%2Bo%3D&t=4d5b0474&ps=13740610&shp=30310797&shcp=ff37627b&idc=useast5,7.47354E+18,1740069821,2025-02-20T16:43:41.000Z,2,https://vt.tiktok.com/ZSh8FQbqo/,FALSE,FALSE,,0,https://vt.tiktok.com/ZSh8FQbqo/,Otw viral kan lagu bayar bayar bayar,6.76502E+18,boyy_qq,https://www.tiktok.com/@hai_online/video/7473394493971074311
https://p16-common-sign-sg.tiktokcdn-us.com/tos-alisg-avt-0068/b5e7ddb2ce86285133c382bbc6b2d13b~tplv-tiktokx-cropcenter:100:100.jpg?dr=9640&refresh_token=993f46f5&x-expires=1746172800&x-signature=eSMl%2BwqVYCTJUPO%2FXtw7yW4V2jc%3D&t=4d5b0474&ps=13740610&shp=30310797&shcp=ff37627b&idc=useast5,7.47354E+18,1740068813,2025-02-20T16:26:53.000Z,2,https://vt.tiktok.com/ZSh8FQbqo/,FALSE,FALSE,,0,https://vt.tiktok.com/ZSh8FQbqo/,Kok minta maaf atas pakta???,6.88844E+18,chanyomyom94,https://www.tiktok.com/@hai_online/video/7473394493971074311
https://p19-common-sign-sg.tiktokcdn-us.com/tos-alisg-avt-0068/cd2dad232a1d3b02927277f26cbe33bb~tplv-tiktokx-cropcenter:100:100.jpg?dr=9640&refresh_token=7f463c52&x-expires=1746172800&x-signature=kDgtR8J3pJrHSgR0yyNLC1OoXeg%3D&t=4d5b0474&ps=13740610&shp=30310797&shcp=ff37627b&idc=useast5,7.47354E+18,1740068207,2025-02-20T16:16:47.000Z,2,https://vt.tiktok.com/ZSh8FQbqo/,FALSE,FALSE,,0,https://vt.tiktok.com/ZSh8FQbqo/,kenapa harus minta maaf.. kan itu realita,7.41085E+18,saifulqohhar,https://www.tiktok.com/@hai_online/video/7473394493971074311
https://p16-common-sign-va.tiktokcdn-us.com/tos-maliva-avt-0068/ca6a1db33ba9bb2a6ae20734700605ea~tplv-tiktokx-cropcenter:100:100.jpg?dr=9640&refresh_token=bc2f8deb&x-expires=1746172800&x-signature=0t4MEiIPJjKN%2FWPjkTbTuuvU7ew%3D&t=4d5b0474&ps=13740610&shp=30310797&shcp=ff37627b&idc=useast5,7.47353E+18,1740067069,2025-02-20T15:57:49.000Z,2,https://vt.tiktok.com/ZSh8FQbqo/,FALSE,FALSE,,0,https://vt.tiktok.com/ZSh8FQbqo/,Ngapain sukatani minta maaf? Salahnya apa ya?,6.80817E+18,chokidalshim,https://www.tiktok.com/@hai_online/video/7473394493971074311
https://p16-common-sign-sg.tiktokcdn-us.com/tos-alisg-avt-0068/7321053755275739138~tplv-tiktokx-cropcenter:100:100.jpg?dr=9640&refresh_token=b603b203&x-expires=1746172800&x-signature=AEZ21uYWhJ3P1l%2BX%2BBatwGEfOJs%3D&t=4d5b0474&ps=13740610&shp=30310797&shcp=ff37627b&idc=useast5,7.47353E+18,1740066116,2025-02-20T15:41:56.000Z,2,https://vt.tiktok.com/ZSh8FQbqo/,FALSE,FALSE,,0,https://vt.tiktok.com/ZSh8FQbqo/,"mnurut gw, dia bukan takut dirinya pribadi knpa knpa,
tp dia takut org2 yg di sayangi, di intai,
atau menjadi dampaknya,
misal org tuanya,atau anak2 nya,",6.781E+18,arissantoabbas,https://www.tiktok.com/@hai_online/video/7473394493971074311
https://p19-common-sign-va.tiktokcdn-us.com/tos-maliva-avt-0068/fca6eb6bd681db46216f1075dc4fcc96~tplv-tiktokx-cropcenter:100:100.jpg?dr=9640&refresh_token=76da6c02&x-expires=1746172800&x-signature=aGv9DycPisFZVfynSoM8O%2BxdNGg%3D&t=4d5b0474&ps=13740610&shp=30310797&shcp=ff37627b&idc=useast5,7.47352E+18,1740065246,2025-02-20T15:27:26.000Z,2,https://vt.tiktok.com/ZSh8FQbqo/,FALSE,FALSE,,0,https://vt.tiktok.com/ZSh8FQbqo/,padahal fakta,6.93471E+18,ceritakan_padaku,https://www.tiktok.com/@hai_online/video/7473394493971074311
https://p16-common-sign-sg.tiktokcdn-us.com/tos-alisg-avt-0068/0362daf16112dc32959e9243cd9bf1ea~tplv-tiktokx-cropcenter:100:100.jpg?dr=9640&refresh_token=ea337c46&x-expires=1746172800&x-signature=0lRGvBHYkpCG5169Bs1uV7cKDvo%3D&t=4d5b0474&ps=13740610&shp=30310797&shcp=ff37627b&idc=useast5,7.47352E+18,1740064723,2025-02-20T15:18:43.000Z,2,https://vt.tiktok.com/ZSh8FQbqo/,FALSE,FALSE,,0,https://vt.tiktok.com/ZSh8FQbqo/,karya anak bangsa yg menceritakan sebenarnya.knpa harus minta maaf bang.bukanya lagu itu menceritakan keadaan yg sesungguhnya..saya yakin lagu ini buat polisi india kan min.🤭,7.15842E+18,ndankblack666,https://www.tiktok.com/@hai_online/video/7473394493971074311
https://p19-common-sign-sg.tiktokcdn-us.com/tos-alisg-avt-0068/cb47d9c90fbfb5a926af7f816ceb177d~tplv-tiktokx-cropcenter:100:100.jpg?dr=9640&refresh_token=63311044&x-expires=1746172800&x-signature=F4H1kW8GfDl%2BzgyGwIkaNQH4Toc%3D&t=4d5b0474&ps=13740610&shp=30310797&shcp=ff37627b&idc=useast5,7.47348E+18,1740063487,2025-02-20T14:58:07.000Z,2,https://vt.tiktok.com/ZSh8FQbqo/,FALSE,FALSE,,0,https://vt.tiktok.com/ZSh8FQbqo/,tikus-tikus kantor,6.94121E+18,stvns73_,https://www.tiktok.com/@hai_online/video/7473394493971074311
https://p16-amd-va.tiktokcdn.com/img/user-avatar-musically/0da5af43afc587b9df9f78dd9fba7059~120x256.image,7.47365E+18,1740094464,2025-02-20T23:34:24.000Z,0,https://vt.tiktok.com/ZSh8FQbqo/,FALSE,,7.47364E+18,,https://vt.tiktok.com/ZSh8FQbqo/,Yg videoin polisi wkw,6.87885E+18,papagula31,https://www.tiktok.com/@hai_online/video/7473394493971074311
https://p19-common-sign-va.tiktokcdn-us.com/musically-maliva-obj/1594805258216454~tplv-tiktokx-cropcenter:100:100.jpg?dr=9640&refresh_token=23ae9a60&x-expires=1746172800&x-signature=%2BUMUFHdhWvU22mNguf4FbzC8dts%3D&t=4d5b0474&ps=13740610&shp=30310797&shcp=ff37627b&idc=useast5,7.47346E+18,1740051039,2025-02-20T11:30:39.000Z,2,https://vt.tiktok.com/ZSh8FQbqo/,FALSE,FALSE,,0,https://vt.tiktok.com/ZSh8FQbqo/,Padahal kalian menyuarakan kebenaran 🥺,7.22105E+18,weirdo563,https://www.tiktok.com/@hai_online/video/7473394493971074311
https://p16-common-sign-sg.tiktokcdn-us.com/tos-alisg-avt-0068/782b5faf966645057d957802edf3e069~tplv-tiktokx-cropcenter:100:100.jpg?dr=9640&refresh_token=61e5019c&x-expires=1746172800&x-signature=GcvMvS7f3Sc5rayDVv9rKPJQRVo%3D&t=4d5b0474&ps=13740610&shp=30310797&shcp=ff37627b&idc=useast5,7.47346E+18,1740050906,2025-02-20T11:28:26.000Z,2,https://vt.tiktok.com/ZSh8FQbqo/,FALSE,FALSE,,0,https://vt.tiktok.com/ZSh8FQbqo/,"loooohh kok minta maaf, kn emg fakta y kan pak polisi?",6.92003E+18,mdz__15,https://www.tiktok.com/@hai_online/video/7473394493971074311
https://p16-common-sign-va.tiktokcdn-us.com/tos-maliva-avt-0068/7f86a58c246c726a5e4df0494194a650~tplv-tiktokx-cropcenter:100:100.jpg?dr=9640&refresh_token=562ccb88&x-expires=1746172800&x-signature=yhgOZ0Vnqy7ftb%2BrrIGBj%2F1DdyI%3D&t=4d5b0474&ps=13740610&shp=30310797&shcp=ff37627b&idc=useast5,7.47346E+18,1740050885,2025-02-20T11:28:05.000Z,2,https://vt.tiktok.com/ZSh8FQbqo/,FALSE,FALSE,,0,https://vt.tiktok.com/ZSh8FQbqo/,"tuh kan... kritikan lewat lagu di priksa kritikan lwt lukisan dijegal, apa lagi di bikin film film, seperti film India dan negara lainnya, hanya di negara Konoha, yg gak mau di kritik",7.3932E+18,dearybollja,https://www.tiktok.com/@hai_online/video/7473394493971074311
https://p19-common-sign-va.tiktokcdn-us.com/tos-maliva-avt-0068/9630a19ab68056cddfdd75dad1d4be95~tplv-tiktokx-cropcenter:100:100.jpg?dr=9640&refresh_token=1054b09e&x-expires=1746172800&x-signature=8fLEhgoWRLytzge4vzTRJqTHEz4%3D&t=4d5b0474&ps=13740610&shp=30310797&shcp=ff37627b&idc=useast5,7.47346E+18,1740050707,2025-02-20T11:25:07.000Z,2,https://vt.tiktok.com/ZSh8FQbqo/,FALSE,FALSE,,0,https://vt.tiktok.com/ZSh8FQbqo/,ngapain minta maaf dah?,75094615569,rohammm,https://www.tiktok.com/@hai_online/video/7473394493971074311
https://p16-common-sign-va.tiktokcdn-us.com/tos-maliva-avt-0068/7388050395173978117~tplv-tiktokx-cropcenter:100:100.jpg?dr=9640&refresh_token=c9ed8d10&x-expires=1746172800&x-signature=OhTVQ1rOrFMdHvdgg3KDUsp3fro%3D&t=4d5b0474&ps=13740610&shp=30310797&shcp=ff37627b&idc=useast5,7.47346E+18,1740050439,2025-02-20T11:20:39.000Z,2,https://vt.tiktok.com/ZSh8FQbqo/,FALSE,FALSE,,2,https://vt.tiktok.com/ZSh8FQbqo/,Sikap menyampaikannya seperti ada tekanan! dimana Kawan-kawan Punk lainnya,6.8359E+18,aquaenergy.co,https://www.tiktok.com/@hai_online/video/7473394493971074311
https://p16-common-sign-va.tiktokcdn-us.com/tos-maliva-avt-0068/43d7ca905b55d5ea2dbcd80d1b17796a~tplv-tiktokx-cropcenter:100:100.jpg?dr=9640&refresh_token=5933d8af&x-expires=1746172800&x-signature=gVCB%2BA6C12U1rMOzdgtKiBI57h0%3D&t=4d5b0474&ps=13740610&shp=30310797&shcp=ff37627b&idc=useast5,7.47346E+18,1740050381,2025-02-20T11:19:41.000Z,2,https://vt.tiktok.com/ZSh8FQbqo/,FALSE,FALSE,,1,https://vt.tiktok.com/ZSh8FQbqo/,apakah nyata kok takut,6.90877E+18,otihcchto,https://www.tiktok.com/@hai_online/video/7473394493971074311
https://p16-common-sign-sg.tiktokcdn-us.com/tos-alisg-avt-0068/7329955288054759445~tplv-tiktokx-cropcenter:100:100.jpg?dr=9640&refresh_token=d510e647&x-expires=1746172800&x-signature=2k6eNUSpEaHLPiPuty3AZ3R5f70%3D&t=4d5b0474&ps=13740610&shp=30310797&shcp=ff37627b&idc=useast5,7.47346E+18,1740050316,2025-02-20T11:18:36.000Z,2,https://vt.tiktok.com/ZSh8FQbqo/,FALSE,FALSE,,0,https://vt.tiktok.com/ZSh8FQbqo/,aura orbanya kenceng banget,6.93767E+18,kguylol,https://www.tiktok.com/@hai_online/video/7473394493971074311
https://p16-common-sign-va.tiktokcdn-us.com/tos-maliva-avt-0068/48cfa745daa813e0ec1a47ce2aa71b29~tplv-tiktokx-cropcenter:100:100.jpg?dr=9640&refresh_token=108814ef&x-expires=1746172800&x-signature=Fmf%2FwOkkYb05CVzUvRfJSB4hbFs%3D&t=4d5b0474&ps=13740610&shp=30310797&shcp=ff37627b&idc=useast5,7.47346E+18,1740050245,2025-02-20T11:17:25.000Z,2,https://vt.tiktok.com/ZSh8FQbqo/,FALSE,FALSE,,0,https://vt.tiktok.com/ZSh8FQbqo/,"Bayar bayar bayar enak jirrr, ngapain di tarik",6.50379E+18,awhendry,https://www.tiktok.com/@hai_online/video/7473394493971074311
https://p16-common-sign-sg.tiktokcdn-us.com/tos-alisg-avt-0068/88b1385b4aea0a035863b6571a77e3b3~tplv-tiktokx-cropcenter:100:100.jpg?dr=9640&refresh_token=e6ff136c&x-expires=1746172800&x-signature=H2HMrMg1y8R4ecOpwp8c4q9oFIE%3D&t=4d5b0474&ps=13740610&shp=30310797&shcp=ff37627b&idc=useast5,7.47346E+18,1740050217,2025-02-20T11:16:57.000Z,2,https://vt.tiktok.com/ZSh8FQbqo/,FALSE,FALSE,,0,https://vt.tiktok.com/ZSh8FQbqo/,padahal bener😭,6.87454E+18,hahahaaahaaahaaa,https://www.tiktok.com/@hai_online/video/7473394493971074311
https://p16-common-sign-va.tiktokcdn-us.com/tos-maliva-avt-0068/8b6da7d2d723a4d43d939816c76f549f~tplv-tiktokx-cropcenter:100:100.jpg?dr=9640&refresh_token=d3f3dc1e&x-expires=1746172800&x-signature=BYmbCqO5bvhJmRITZcLYu4fykSw%3D&t=4d5b0474&ps=13740610&shp=30310797&shcp=ff37627b&idc=useast5,7.47346E+18,1740050054,2025-02-20T11:14:14.000Z,2,https://vt.tiktok.com/ZSh8FQbqo/,FALSE,FALSE,,0,https://vt.tiktok.com/ZSh8FQbqo/,"penyempitan demokrasi, padahal isi liriknya itu memang semua benar bukan tuduhan 🔥😁",6.88718E+18,22syahril,https://www.tiktok.com/@hai_online/video/7473394493971074311
https://p16-common-sign-va.tiktokcdn-us.com/tos-maliva-avt-0068/aede7b52d96d668fc1d77b4015179060~tplv-tiktokx-cropcenter:100:100.jpg?dr=9640&refresh_token=e804564a&x-expires=1746172800&x-signature=Lp2%2BYaoKourcHfu9gWy2eUy6XjM%3D&t=4d5b0474&ps=13740610&shp=30310797&shcp=ff37627b&idc=useast5,7.47346E+18,1740050035,2025-02-20T11:13:55.000Z,2,https://vt.tiktok.com/ZSh8FQbqo/,FALSE,FALSE,,0,https://vt.tiktok.com/ZSh8FQbqo/,lah kok harus minta maaf kan emang faktanya kaya gitu bos ko panas,7.08537E+18,nick_in,https://www.tiktok.com/@hai_online/video/7473394493971074311
https://p16-common-sign-va.tiktokcdn-us.com/tos-maliva-avt-0068/3266e88282d65033c3b0b3e8f5088c98~tplv-tiktokx-cropcenter:100:100.jpg?dr=9640&refresh_token=9d706f95&x-expires=1746172800&x-signature=xP8WLLsjl%2BGJN%2B%2BxoZq7GXvfO0k%3D&t=4d5b0474&ps=13740610&shp=30310797&shcp=ff37627b&idc=useast5,7.47346E+18,1740050012,2025-02-20T11:13:32.000Z,2,https://vt.tiktok.com/ZSh8FQbqo/,FALSE,FALSE,,0,https://vt.tiktok.com/ZSh8FQbqo/,kena ancaman ya bang sampai minta maaf gitu,6.96293E+18,pitol2892,https://www.tiktok.com/@hai_online/video/7473394493971074311
https://p16-common-sign-sg.tiktokcdn-us.com/tos-alisg-avt-0068/6e9c82b4b709fe56806c6f63c7fce18e~tplv-tiktokx-cropcenter:100:100.jpg?dr=9640&refresh_token=f2622759&x-expires=1746172800&x-signature=s13GQPdOReseYxCQZtCTuanMPv8%3D&t=4d5b0474&ps=13740610&shp=30310797&shcp=ff37627b&idc=useast5,7.47346E+18,1740049843,2025-02-20T11:10:43.000Z,2,https://vt.tiktok.com/ZSh8FQbqo/,FALSE,FALSE,,0,https://vt.tiktok.com/ZSh8FQbqo/,@MASDAR,6.83336E+18,cloks.nots,https://www.tiktok.com/@hai_online/video/7473394493971074311
https://p16-common-sign-va.tiktokcdn-us.com/tos-maliva-avt-0068/9aacf851d3bf970ceccd57b01cf99429~tplv-tiktokx-cropcenter:100:100.jpg?dr=9640&refresh_token=7cd9c9eb&x-expires=1746172800&x-signature=SEmF7AG7wmkdomlNYkZ6mJXbBrU%3D&t=4d5b0474&ps=13740610&shp=30310797&shcp=ff37627b&idc=useast5,7.47345E+18,1740049305,2025-02-20T11:01:45.000Z,2,https://vt.tiktok.com/ZSh8FQbqo/,FALSE,FALSE,,0,https://vt.tiktok.com/ZSh8FQbqo/,police baperr[flushed][flushed][flushed],6.9583E+18,pvnk66,https://www.tiktok.com/@hai_online/video/7473394493971074311
https://p16-common-sign-va.tiktokcdn-us.com/tos-maliva-avt-0068/abbe37ca5fb65975dbd27f21346bc92d~tplv-tiktokx-cropcenter:100:100.jpg?dr=9640&refresh_token=f90894bf&x-expires=1746172800&x-signature=BtjLWTfkfwHRG5BPPyE8AxcLrXU%3D&t=4d5b0474&ps=13740610&shp=30310797&shcp=ff37627b&idc=useast5,7.47345E+18,1740049224,2025-02-20T11:00:24.000Z,2,https://vt.tiktok.com/ZSh8FQbqo/,FALSE,FALSE,,0,https://vt.tiktok.com/ZSh8FQbqo/,he he...bilamg aja polisi india,7.42986E+18,arief.wawan6,https://www.tiktok.com/@hai_online/video/7473394493971074311
https://p16-common-sign-va.tiktokcdn-us.com/tos-maliva-avt-0068/a9684109324dba91269a16c2100c6d5e~tplv-tiktokx-cropcenter:100:100.jpg?dr=9640&refresh_token=a8094a0e&x-expires=1746172800&x-signature=cEipUYQlOyg07CCG8f9QSQmOQY4%3D&t=4d5b0474&ps=13740610&shp=30310797&shcp=ff37627b&idc=useast5,7.47345E+18,1740048497,2025-02-20T10:48:17.000Z,2,https://vt.tiktok.com/ZSh8FQbqo/,FALSE,FALSE,,0,https://vt.tiktok.com/ZSh8FQbqo/,BUKTI INDONESIA BUKAN NEGARA DEMOKRASI,7.0455E+18,naruhito01,https://www.tiktok.com/@hai_online/video/7473394493971074311
https://p16-common-sign-va.tiktokcdn-us.com/tos-maliva-avt-0068/8b87f7577c1a564293a27d0a5a725717~tplv-tiktokx-cropcenter:100:100.jpg?dr=9640&refresh_token=5de6e6be&x-expires=1746172800&x-signature=SdG9rYN6Ww5kphrZr8oTMG6LZ1A%3D&t=4d5b0474&ps=13740610&shp=30310797&shcp=ff37627b&idc=useast5,7.47345E+18,1740048485,2025-02-20T10:48:05.000Z,2,https://vt.tiktok.com/ZSh8FQbqo/,FALSE,FALSE,,0,https://vt.tiktok.com/ZSh8FQbqo/,POLRI mah gak suka di kritik 🤣,7.19943E+18,gilaan28,https://www.tiktok.com/@hai_online/video/7473394493971074311
https://p16-common-sign-sg.tiktokcdn-us.com/tos-alisg-avt-0068/98e2b0a6c34848628c64c90f7504455e~tplv-tiktokx-cropcenter:100:100.jpg?dr=9640&refresh_token=65084fc5&x-expires=1746172800&x-signature=kFCPZf7Xb2RzsOMPI7CcesxE%2Fz4%3D&t=4d5b0474&ps=13740610&shp=30310797&shcp=ff37627b&idc=useast5,7.47345E+18,1740047840,2025-02-20T10:37:20.000Z,2,https://vt.tiktok.com/ZSh8FQbqo/,FALSE,FALSE,,0,https://vt.tiktok.com/ZSh8FQbqo/,"nice song...😉
punk music emang gitu, napa ada yg terganggu,🤦",7.2616E+18,7456_rko,https://www.tiktok.com/@hai_online/video/7473394493971074311
https://p16-common-sign-va.tiktokcdn-us.com/tos-maliva-avt-0068/97ff482f3b61bc683198f40807bcdaaa~tplv-tiktokx-cropcenter:100:100.jpg?dr=9640&refresh_token=17a60e0f&x-expires=1746172800&x-signature=qx5c4sINEoC3FvkMUAFnKFwBG7A%3D&t=4d5b0474&ps=13740610&shp=30310797&shcp=ff37627b&idc=useast5,7.47345E+18,1740047820,2025-02-20T10:37:00.000Z,2,https://vt.tiktok.com/ZSh8FQbqo/,FALSE,FALSE,,0,https://vt.tiktok.com/ZSh8FQbqo/,Punk kok klarifikasi🗿,6.81108E+18,dizzwhattt,https://www.tiktok.com/@hai_online/video/7473394493971074311
https://p19-common-sign-va.tiktokcdn-us.com/tos-maliva-avt-0068/7250045907549290502~tplv-tiktokx-cropcenter:100:100.jpg?dr=9640&refresh_token=79ab28ac&x-expires=1746172800&x-signature=peyC3a0O98VNs9nNGFTTS8CFCEI%3D&t=4d5b0474&ps=13740610&shp=30310797&shcp=ff37627b&idc=useast5,7.47344E+18,1740047592,2025-02-20T10:33:12.000Z,2,https://vt.tiktok.com/ZSh8FQbqo/,FALSE,FALSE,,0,https://vt.tiktok.com/ZSh8FQbqo/,wellcome orba,7.25005E+18,brandalz_12,https://www.tiktok.com/@hai_online/video/7473394493971074311
https://p16-common-sign-useast2a.tiktokcdn-us.com/tos-useast2a-avt-0068-giso/ba2f0c9b0dbaa002368e6647e6e35159~tplv-tiktokx-cropcenter:100:100.jpg?dr=9640&refresh_token=57620af1&x-expires=1746172800&x-signature=53Beq3CWLq72hWspWHxH1FFU3BI%3D&t=4d5b0474&ps=13740610&shp=30310797&shcp=ff37627b&idc=useast5,7.47345E+18,1740047195,2025-02-20T10:26:35.000Z,2,https://vt.tiktok.com/ZSh8FQbqo/,FALSE,FALSE,,0,https://vt.tiktok.com/ZSh8FQbqo/,Fakta sih,7.10391E+18,salsaheraaa,https://www.tiktok.com/@hai_online/video/7473394493971074311
https://p16-common-sign-sg.tiktokcdn-us.com/tos-alisg-avt-0068/9c988c015fc5dad4d8dbd73704de3865~tplv-tiktokx-cropcenter:100:100.jpg?dr=9640&refresh_token=37cdc1af&x-expires=1746172800&x-signature=bEh1uBzNoo17ZO2u%2Bkg1Dg0oLU8%3D&t=4d5b0474&ps=13740610&shp=30310797&shcp=ff37627b&idc=useast5,7.47344E+18,1740045504,2025-02-20T09:58:24.000Z,2,https://vt.tiktok.com/ZSh8FQbqo/,FALSE,FALSE,,0,https://vt.tiktok.com/ZSh8FQbqo/,kenapa minta maaf. padahal lagu enak🤣🤣🤣,7.14728E+18,mang_ade077,https://www.tiktok.com/@hai_online/video/7473394493971074311
https://p16-common-sign-useast2a.tiktokcdn-us.com/tos-useast2a-avt-0068-giso/e856442bd538d1b77a49725d7e5d1cfa~tplv-tiktokx-cropcenter:100:100.jpg?dr=9640&refresh_token=22022b0d&x-expires=1746172800&x-signature=wgbOMEEy3JHH%2B%2BnkR2JS7vkdizE%3D&t=4d5b0474&ps=13740610&shp=30310797&shcp=ff37627b&idc=useast5,7.47344E+18,1740044803,2025-02-20T09:46:43.000Z,2,https://vt.tiktok.com/ZSh8FQbqo/,FALSE,FALSE,,0,https://vt.tiktok.com/ZSh8FQbqo/,"gak usah minta maaf,, emang kenyataan nya seperti itu",6.52857E+18,ujang_ridwan,https://www.tiktok.com/@hai_online/video/7473394493971074311
https://p16-common-sign-va.tiktokcdn-us.com/tos-maliva-avt-0068/964705612eaa519c79bb73eac47b60ee~tplv-tiktokx-cropcenter:100:100.jpg?dr=9640&refresh_token=ce334fe1&x-expires=1746172800&x-signature=S5FJNKkH4KlqNAOvkj3GuJCk3G4%3D&t=4d5b0474&ps=13740610&shp=30310797&shcp=ff37627b&idc=useast5,7.47344E+18,1740044719,2025-02-20T09:45:19.000Z,2,https://vt.tiktok.com/ZSh8FQbqo/,FALSE,FALSE,,0,https://vt.tiktok.com/ZSh8FQbqo/,KAMI BERSAMA SUKATANI #1312,7.09682E+18,tennesee7,https://www.tiktok.com/@hai_online/video/7473394493971074311
https://p16-common-sign-useast2a.tiktokcdn-us.com/tos-useast2a-avt-0068-giso/efe855b87e8a31b742b7c843c680246e~tplv-tiktokx-cropcenter:100:100.jpg?dr=9640&refresh_token=c8e7c8b4&x-expires=1746172800&x-signature=zprb%2Buv%2FrS3MASOqcYP2nZ1M5Kg%3D&t=4d5b0474&ps=13740610&shp=30310797&shcp=ff37627b&idc=useast5,7.47343E+18,1740044478,2025-02-20T09:41:18.000Z,2,https://vt.tiktok.com/ZSh8FQbqo/,FALSE,FALSE,,0,https://vt.tiktok.com/ZSh8FQbqo/,padahal fakta,6.5728E+18,mamasawy,https://www.tiktok.com/@hai_online/video/7473394493971074311
https://p16-common-sign-sg.tiktokcdn-us.com/tos-alisg-avt-0068/0dcfe85b475b99200c876a8e4949da6a~tplv-tiktokx-cropcenter:100:100.jpg?dr=9640&refresh_token=75d4a6b8&x-expires=1746172800&x-signature=DqjnU%2BOlmiGRrT8y103%2Bl2207Y0%3D&t=4d5b0474&ps=13740610&shp=30310797&shcp=ff37627b&idc=useast5,7.47343E+18,1740044242,2025-02-20T09:37:22.000Z,2,https://vt.tiktok.com/ZSh8FQbqo/,FALSE,FALSE,,0,https://vt.tiktok.com/ZSh8FQbqo/,"polisi ngga terima, berarti lagunya bener",7.07681E+18,ilovedarknesss_,https://www.tiktok.com/@hai_online/video/7473394493971074311
https://p16-common-sign-sg.tiktokcdn-us.com/tos-alisg-avt-0068/19a2476dd94e39b1c81401a9ebdeeb3d~tplv-tiktokx-cropcenter:100:100.jpg?dr=9640&refresh_token=4c71402f&x-expires=1746172800&x-signature=yOlnSuMVzWHtp6kbUB6%2Bv5S9buQ%3D&t=4d5b0474&ps=13740610&shp=30310797&shcp=ff37627b&idc=useast5,7.47343E+18,1740044114,2025-02-20T09:35:14.000Z,2,https://vt.tiktok.com/ZSh8FQbqo/,FALSE,FALSE,,0,https://vt.tiktok.com/ZSh8FQbqo/,demokrasi cuman ilusi,6.79392E+18,instrumen.semesta,https://www.tiktok.com/@hai_online/video/7473394493971074311
https://p16-common-sign-sg.tiktokcdn-us.com/tos-alisg-avt-0068/452cbd6f7d00a4a2679df3450b38f845~tplv-tiktokx-cropcenter:100:100.jpg?dr=9640&refresh_token=ab74be2a&x-expires=1746172800&x-signature=l0mEwS5%2FKqgt7h6%2Bur4%2BaX32FcQ%3D&t=4d5b0474&ps=13740610&shp=30310797&shcp=ff37627b&idc=useast5,7.47343E+18,1740043983,2025-02-20T09:33:03.000Z,2,https://vt.tiktok.com/ZSh8FQbqo/,FALSE,FALSE,,0,https://vt.tiktok.com/ZSh8FQbqo/,negara yg katanya demokrasi 😏,6.9227E+18,liam.kopi,https://www.tiktok.com/@hai_online/video/7473394493971074311
https://p16-common-sign-va.tiktokcdn-us.com/tos-maliva-avt-0068/cce6886c9d6fa5ed243c99674dada576~tplv-tiktokx-cropcenter:100:100.jpg?dr=9640&refresh_token=dd28cbef&x-expires=1746172800&x-signature=GZ8vBbkgXMWDYVkDlj7eqKW9Sig%3D&t=4d5b0474&ps=13740610&shp=30310797&shcp=ff37627b&idc=useast5,7.47343E+18,1740042898,2025-02-20T09:14:58.000Z,2,https://vt.tiktok.com/ZSh8FQbqo/,FALSE,FALSE,,3,https://vt.tiktok.com/ZSh8FQbqo/,band kecil emang gitu coba iwan fals ngga bakalan begini 🗿,6.96909E+18,sevriselebor,https://www.tiktok.com/@hai_online/video/7473394493971074311
https://p19-common-sign-sg.tiktokcdn-us.com/tos-alisg-avt-0068/6991094d511058ff229eec4a5a68a93f~tplv-tiktokx-cropcenter:100:100.jpg?dr=9640&refresh_token=8ceb8eaa&x-expires=1746172800&x-signature=UlNZ0XxObca5qoDqwlSGE7FhWPM%3D&t=4d5b0474&ps=13740610&shp=30310797&shcp=ff37627b&idc=useast5,7.47343E+18,1740042679,2025-02-20T09:11:19.000Z,2,https://vt.tiktok.com/ZSh8FQbqo/,FALSE,FALSE,,0,https://vt.tiktok.com/ZSh8FQbqo/,sehat sehat band kesayangan🥰🥺,7.42251E+18,kydsvcks,https://www.tiktok.com/@hai_online/video/7473394493971074311
https://p16-common-sign-va.tiktokcdn-us.com/tos-maliva-avt-0068/a8794526aef4f26e201ae844b19abee8~tplv-tiktokx-cropcenter:100:100.jpg?dr=9640&refresh_token=f0be1ecb&x-expires=1746172800&x-signature=yy8F%2F04Atbm9aw1g8AEg9BxIha4%3D&t=4d5b0474&ps=13740610&shp=30310797&shcp=ff37627b&idc=useast5,7.47418E+18,1740217870,2025-02-22T09:51:10.000Z,0,https://vt.tiktok.com/ZSh8FQbqo/,FALSE,,7.47358E+18,,https://vt.tiktok.com/ZSh8FQbqo/,udah sampe sini ajaa kakwo 🤭🤣,7.0862E+18,melzainsyanamarch,https://www.tiktok.com/@hai_online/video/7473394493971074311
https://p19-common-sign-sg.tiktokcdn-us.com/tos-alisg-avt-0068/7af0d0afcded3ff4b9c78c227d294b46~tplv-tiktokx-cropcenter:100:100.jpg?dr=9640&refresh_token=8b1702dd&x-expires=1746172800&x-signature=nwEGkfVPPScoUScjoS44Oancg20%3D&t=4d5b0474&ps=13740610&shp=30310797&shcp=ff37627b&idc=useast5,7.47413E+18,1740207471,2025-02-22T06:57:51.000Z,1,https://vt.tiktok.com/ZSh8FQbqo/,FALSE,,7.47346E+18,,https://vt.tiktok.com/ZSh8FQbqo/,nyata kak🙏🏻,6.76501E+18,09989u,https://www.tiktok.com/@hai_online/video/7473394493971074311
https://p16-common-sign-va.tiktokcdn-us.com/tos-maliva-avt-0068/3f12c74d8e8186d72bb3d2092e2611c2~tplv-tiktokx-cropcenter:100:100.jpg?dr=9640&refresh_token=da0f7569&x-expires=1746172800&x-signature=GZcl3n79jlfN6H0KILPwbHVC%2FJ0%3D&t=4d5b0474&ps=13740610&shp=30310797&shcp=ff37627b&idc=useast5,7.47343E+18,1740044596,2025-02-20T09:43:16.000Z,0,https://vt.tiktok.com/ZSh8FQbqo/,FALSE,,7.47343E+18,,https://vt.tiktok.com/ZSh8FQbqo/,dan Slank Pada Jaman Pak Harto,7.03175E+18,radit_amq,https://www.tiktok.com/@hai_online/video/7473394493971074311
https://p16-common-sign-va.tiktokcdn-us.com/tos-maliva-avt-0068/7311605448107294726~tplv-tiktokx-cropcenter:100:100.jpg?dr=9640&refresh_token=1aa52433&x-expires=1746172800&x-signature=%2F994QLcBwpA8H3hEp5e6eiQypK0%3D&t=4d5b0474&ps=13740610&shp=30310797&shcp=ff37627b&idc=useast5,7.47347E+18,1740052415,2025-02-20T11:53:35.000Z,0,https://vt.tiktok.com/ZSh8FQbqo/,FALSE,,7.47343E+18,,https://vt.tiktok.com/ZSh8FQbqo/,ah masa ?,7.29014E+18,kssisowiwjsbzh,https://www.tiktok.com/@hai_online/video/7473394493971074311
https://p16-common-sign-sg.tiktokcdn-us.com/tos-alisg-avt-0068/b4e3a2dffee26e4276b1c2c76bbed53e~tplv-tiktokx-cropcenter:100:100.jpg?dr=9640&refresh_token=40722e7c&x-expires=1746172800&x-signature=lE9WmEGg72CNSDPPAa%2FSUpY0%2Bok%3D&t=4d5b0474&ps=13740610&shp=30310797&shcp=ff37627b&idc=useast5,7.47344E+18,1740044856,2025-02-20T09:47:36.000Z,0,https://vt.tiktok.com/ZSh8FQbqo/,FALSE,,7.47343E+18,,https://vt.tiktok.com/ZSh8FQbqo/,iwan fals aje pernah dipenjara,6.89135E+18,marissasaraswati,https://www.tiktok.com/@hai_online/video/7473394493971074311
https://p16-common-sign-va.tiktokcdn-us.com/tos-maliva-avt-0068/8cc3c59791986e5536a7f1b6a219a040~tplv-tiktokx-cropcenter:100:100.jpg?dr=9640&refresh_token=daf854bb&x-expires=1746172800&x-signature=eTuCtxqQVoXEdvv8RDjxLX1%2BJfk%3D&t=4d5b0474&ps=13740610&shp=30310797&shcp=ff37627b&idc=useast5,7.47425E+18,1740233435,2025-02-22T14:10:35.000Z,0,https://vt.tiktok.com/ZSh8FQbqo/,FALSE,,7.47346E+18,,https://vt.tiktok.com/ZSh8FQbqo/,iya,7.25902E+18,zenkoia15,https://www.tiktok.com/@hai_online/video/7473394493971074311
https://p16-common-sign-va.tiktokcdn-us.com/tos-maliva-avt-0068/f8af2434bd2d940709c42d5ca82bd446~tplv-tiktokx-cropcenter:100:100.jpg?dr=9640&refresh_token=2b52cf8e&x-expires=1746172800&x-signature=py00xRz81RXK5IofZ%2Fxf8Rr66oM%3D&t=4d5b0474&ps=13740610&shp=30310797&shcp=ff37627b&idc=useast5,7.47354E+18,1740070001,2025-02-20T16:46:41.000Z,0,https://vt.tiktok.com/ZSh8FQbqo/,FALSE,,7.47346E+18,,https://vt.tiktok.com/ZSh8FQbqo/,#kamibersamasukatani,6.94419E+18,px1980,https://www.tiktok.com/@hai_online/video/7473394493971074311
https://p16-common-sign-sg.tiktokcdn-us.com/tos-alisg-avt-0068/3d41f64c128a03e44c9d2e01f66805c5~tplv-tiktokx-cropcenter:100:100.jpg?dr=9640&refresh_token=6696ab52&x-expires=1746172800&x-signature=Q0Cu9yNDiKnKtdxJ8uRfkef3l4c%3D&t=4d5b0474&ps=13740610&shp=30310797&shcp=ff37627b&idc=useast5,7.47724E+18,1740930923,2025-03-02T15:55:23.000Z,1,https://vt.tiktok.com/ZSh8FQbqo/,FALSE,FALSE,,1,https://vt.tiktok.com/ZSh8FQbqo/,@Vince,6.8233E+18,meykhor03,https://www.tiktok.com/@hai_online/video/7473394493971074311
https://p19-common-sign-sg.tiktokcdn-us.com/tos-alisg-avt-0068/49af4a89ad3a88b4151e2e2db4126040~tplv-tiktokx-cropcenter:100:100.jpg?dr=9640&refresh_token=70a80c47&x-expires=1746172800&x-signature=bmGHIZi4BS1vmlDzFsHyswpUL3w%3D&t=4d5b0474&ps=13740610&shp=30310797&shcp=ff37627b&idc=useast5,7.4772E+18,1740921630,2025-03-02T13:20:30.000Z,1,https://vt.tiktok.com/ZSh8FQbqo/,FALSE,FALSE,,0,https://vt.tiktok.com/ZSh8FQbqo/,"𝚙𝚊𝚍𝚊𝚑𝚊𝚕 𝚏𝚊𝚔𝚝𝚊, 𝚔𝚎𝚗𝚊𝚙𝚊 𝚖𝚊𝚛𝚊𝚑??𝚋𝚎𝚗𝚎𝚛 𝚝𝚘𝚑, 𝚢𝚐 𝚜𝚎𝚝𝚞𝚓𝚞 𝚕𝚒𝚔𝚎 👍👍",7.46603E+18,edenkris0507,https://www.tiktok.com/@hai_online/video/7473394493971074311
https://p19-common-sign-sg.tiktokcdn-us.com/tos-alisg-avt-0068/a878d9b1df03d9f32ea460b41b075ef2~tplv-tiktokx-cropcenter:100:100.jpg?dr=9640&refresh_token=30698073&x-expires=1746172800&x-signature=sTW6ZJHF6GEo9PaE8%2BOuUKq2mnQ%3D&t=4d5b0474&ps=13740610&shp=30310797&shcp=ff37627b&idc=useast5,7.47701E+18,1740877761,2025-03-02T01:09:21.000Z,1,https://vt.tiktok.com/ZSh8FQbqo/,FALSE,FALSE,,0,https://vt.tiktok.com/ZSh8FQbqo/,polisi polisi kyk .....,7.36439E+18,wajihkhozin,https://www.tiktok.com/@hai_online/video/7473394493971074311
https://p16-common-sign-sg.tiktokcdn-us.com/tos-alisg-avt-0068/7fd2195b85af8c90c2814773db04a39b~tplv-tiktokx-cropcenter:100:100.jpg?dr=9640&refresh_token=003c21e2&x-expires=1746172800&x-signature=9Nq1s56%2BziybwlqCMENa8T9IY5g%3D&t=4d5b0474&ps=13740610&shp=30310797&shcp=ff37627b&idc=useast5,7.47684E+18,1740838420,2025-03-01T14:13:40.000Z,1,https://vt.tiktok.com/ZSh8FQbqo/,FALSE,FALSE,,0,https://vt.tiktok.com/ZSh8FQbqo/,sebenernya polisi yang salah emang kenyataan gitu jeh polisi ada uang langsung di kerjain klo ga ada uang katanya nunggu 24jam apalah gercep gimana nya mata uang juga sok sokkan bantu😏,7.18732E+18,ireng354,https://www.tiktok.com/@hai_online/video/7473394493971074311
https://p16-common-sign-va.tiktokcdn-us.com/tos-maliva-avt-0068/48530b3a6de8d2da21bb5f9328ff1720~tplv-tiktokx-cropcenter:100:100.jpg?dr=9640&refresh_token=43b15b1d&x-expires=1746172800&x-signature=mfnSp6WypzUObHwbegV8adTGCOM%3D&t=4d5b0474&ps=13740610&shp=30310797&shcp=ff37627b&idc=useast5,7.47676E+18,1740819866,2025-03-01T09:04:26.000Z,1,https://vt.tiktok.com/ZSh8FQbqo/,FALSE,FALSE,,0,https://vt.tiktok.com/ZSh8FQbqo/,"Ladusing india
dikritik langsung introkpeksi ❎
dikritik marah-marah nggk terima ☑️",7.32358E+18,temennyaultramen,https://www.tiktok.com/@hai_online/video/7473394493971074311
https://p16-common-sign-sg.tiktokcdn-us.com/tos-alisg-avt-0068/47802646ab99e2e9e580524a1d60b915~tplv-tiktokx-cropcenter:100:100.jpg?dr=9640&refresh_token=ccf92dec&x-expires=1746172800&x-signature=P1S9lHxY%2BcpS0h7R2yr9c4ycTT4%3D&t=4d5b0474&ps=13740610&shp=30310797&shcp=ff37627b&idc=useast5,7.47674E+18,1740814222,2025-03-01T07:30:22.000Z,1,https://vt.tiktok.com/ZSh8FQbqo/,FALSE,FALSE,,0,https://vt.tiktok.com/ZSh8FQbqo/,"Lagu kalian sangat berbahaya buat Citra polisi, yg ngelakuin cuman oknum2 tertentu aja kalau d kumpulkan satu Kapolres buat ibukota 🗿",7.1432E+18,julak_idod,https://www.tiktok.com/@hai_online/video/7473394493971074311
https://p16-common-sign-va.tiktokcdn-us.com/tos-maliva-avt-0068/e899d167cadab23e3daaff24e3de06b1~tplv-tiktokx-cropcenter:100:100.jpg?dr=9640&refresh_token=58ef537a&x-expires=1746172800&x-signature=DSDvMd3bLuzL%2BkRJlAkXHqatwb0%3D&t=4d5b0474&ps=13740610&shp=30310797&shcp=ff37627b&idc=useast5,7.47672E+18,1740810057,2025-03-01T06:20:57.000Z,1,https://vt.tiktok.com/ZSh8FQbqo/,FALSE,FALSE,,0,https://vt.tiktok.com/ZSh8FQbqo/,Ngapa yg klarifikasi band sukatani nya? org yg slh OKNUM kepolisian kok 😝,7.36222E+18,bbvtterflie_220,https://www.tiktok.com/@hai_online/video/7473394493971074311
https://p16-common-sign-sg.tiktokcdn-us.com/tos-alisg-avt-0068/86b21a0178e42f60b35e142d1bab03cc~tplv-tiktokx-cropcenter:100:100.jpg?dr=9640&refresh_token=96a878fc&x-expires=1746172800&x-signature=Sluy8ZFeSAK0VIcafSWrQKxJA5g%3D&t=4d5b0474&ps=13740610&shp=30310797&shcp=ff37627b&idc=useast5,7.47671E+18,1740807142,2025-03-01T05:32:22.000Z,1,https://vt.tiktok.com/ZSh8FQbqo/,FALSE,FALSE,,0,https://vt.tiktok.com/ZSh8FQbqo/,ngapain minta maaf ktanya anti kritik,7.21183E+18,rafianwar2008_________,https://www.tiktok.com/@hai_online/video/7473394493971074311
https://p16-common-sign-sg.tiktokcdn-us.com/tos-alisg-avt-0068/38756428a73e87209f25dd5eebe15881~tplv-tiktokx-cropcenter:100:100.jpg?dr=9640&refresh_token=81f391f0&x-expires=1746172800&x-signature=lEHhwxO0CKxCq%2FSeTW0aJVpW2Ik%3D&t=4d5b0474&ps=13740610&shp=30310797&shcp=ff37627b&idc=useast5,7.4767E+18,1740805287,2025-03-01T05:01:27.000Z,1,https://vt.tiktok.com/ZSh8FQbqo/,FALSE,FALSE,,0,https://vt.tiktok.com/ZSh8FQbqo/,enga salah band sukatani.. maju truss. nyata nya memang bayar polisi semua.. itu real,7.43228E+18,reyspeed11,https://www.tiktok.com/@hai_online/video/7473394493971074311
https://p16-common-sign-sg.tiktokcdn-us.com/tos-alisg-avt-0068/fe782d3391980132ba213f7750c4b41c~tplv-tiktokx-cropcenter:100:100.jpg?dr=9640&refresh_token=7adef895&x-expires=1746172800&x-signature=CPfJq6gGaL1KhsCL4K4%2F5rjbzGg%3D&t=4d5b0474&ps=13740610&shp=30310797&shcp=ff37627b&idc=useast5,7.47666E+18,1740796403,2025-03-01T02:33:23.000Z,1,https://vt.tiktok.com/ZSh8FQbqo/,FALSE,FALSE,,0,https://vt.tiktok.com/ZSh8FQbqo/,"aku sangat suka lagu tersebut,",7.47429E+18,ismailmail42058,https://www.tiktok.com/@hai_online/video/7473394493971074311
https://p16-common-sign-sg.tiktokcdn-us.com/tos-alisg-avt-0068/5f94832f49efb971efa4c9bd4bb3cb5f~tplv-tiktokx-cropcenter:100:100.jpg?dr=9640&refresh_token=29ac5d7f&x-expires=1746172800&x-signature=NFFLDCfRc3pwFLe4lhjJa045A%2FE%3D&t=4d5b0474&ps=13740610&shp=30310797&shcp=ff37627b&idc=useast5,7.47653E+18,1740765536,2025-02-28T17:58:56.000Z,1,https://vt.tiktok.com/ZSh8FQbqo/,FALSE,FALSE,,0,https://vt.tiktok.com/ZSh8FQbqo/,"GA PERLU KLARIF, INI LAGU FAKTA😹😹🤟🏻",7.40919E+18,areulosturself,https://www.tiktok.com/@hai_online/video/7473394493971074311
https://p16-common-sign-sg.tiktokcdn-us.com/tos-alisg-avt-0068/41668433a913fce5071fe962b4cf430d~tplv-tiktokx-cropcenter:100:100.jpg?dr=9640&refresh_token=384cb993&x-expires=1746172800&x-signature=qdKpzG%2FIRmmMK%2BxdqOrlqFFZ8fc%3D&t=4d5b0474&ps=13740610&shp=30310797&shcp=ff37627b&idc=useast5,7.47652E+18,1740763298,2025-02-28T17:21:38.000Z,1,https://vt.tiktok.com/ZSh8FQbqo/,FALSE,FALSE,,0,https://vt.tiktok.com/ZSh8FQbqo/,tumben minta maap wkwkkwk,7.39177E+18,youce_waliman,https://www.tiktok.com/@hai_online/video/7473394493971074311
https://p19-common-sign-sg.tiktokcdn-us.com/tos-alisg-avt-0068/6bd8d87506b26e605cf75678b930a221~tplv-tiktokx-cropcenter:100:100.jpg?dr=9640&refresh_token=85edf565&x-expires=1746172800&x-signature=jD4gTuZlwIwFjWZPNirPvhHi3No%3D&t=4d5b0474&ps=13740610&shp=30310797&shcp=ff37627b&idc=useast5,7.47649E+18,1740756502,2025-02-28T15:28:22.000Z,1,https://vt.tiktok.com/ZSh8FQbqo/,FALSE,FALSE,,0,https://vt.tiktok.com/ZSh8FQbqo/,lu polisi lu punya kuasa,7.36329E+18,namakurosydan,https://www.tiktok.com/@hai_online/video/7473394493971074311
https://p19-common-sign-va.tiktokcdn-us.com/tos-maliva-avt-0068/2b8fce6a1c51ef239c6e5f8cf4184754~tplv-tiktokx-cropcenter:100:100.jpg?dr=9640&refresh_token=9137a703&x-expires=1746172800&x-signature=lDpjsqoKgddIaTZPhI7DNh1PcjU%3D&t=4d5b0474&ps=13740610&shp=30310797&shcp=ff37627b&idc=useast5,7.47649E+18,1740756250,2025-02-28T15:24:10.000Z,1,https://vt.tiktok.com/ZSh8FQbqo/,FALSE,FALSE,,0,https://vt.tiktok.com/ZSh8FQbqo/,Kirain teh Melly goeslaw😭,7.24453E+18,aries.twenty.sixx,https://www.tiktok.com/@hai_online/video/7473394493971074311
https://p16-common-sign-va.tiktokcdn-us.com/tos-maliva-avt-0068/291ab13efe7bf7e63893aba3de116da3~tplv-tiktokx-cropcenter:100:100.jpg?dr=9640&refresh_token=f2e76eec&x-expires=1746172800&x-signature=Vc32fVQdAGG4eNG0G4L7Fe6i1co%3D&t=4d5b0474&ps=13740610&shp=30310797&shcp=ff37627b&idc=useast5,7.47647E+18,1740750919,2025-02-28T13:55:19.000Z,1,https://vt.tiktok.com/ZSh8FQbqo/,FALSE,FALSE,,0,https://vt.tiktok.com/ZSh8FQbqo/,trs saja berkarya mas dan mbaknya,7.20313E+18,suwantowanto677,https://www.tiktok.com/@hai_online/video/7473394493971074311
https://p16-common-sign-sg.tiktokcdn-us.com/tos-alisg-avt-0068/93be83e65fbd0121951121f1b8b36f71~tplv-tiktokx-cropcenter:100:100.jpg?dr=9640&refresh_token=f94b318d&x-expires=1746172800&x-signature=bi7Oi4ruQ9OB1VDjxXTU18E9LFE%3D&t=4d5b0474&ps=13740610&shp=30310797&shcp=ff37627b&idc=useast5,7.47646E+18,1740748899,2025-02-28T13:21:39.000Z,1,https://vt.tiktok.com/ZSh8FQbqo/,FALSE,FALSE,,0,https://vt.tiktok.com/ZSh8FQbqo/,gw berpihak sama Sukatani,6.97246E+18,im_byyyy_24,https://www.tiktok.com/@hai_online/video/7473394493971074311
https://lh3.googleusercontent.com/a/ACg8ocLmeP4AztDT51mBtT69p6wl9eomm0y9uYlzXxlO5wBIGCNDEg=s300-c,7.47634E+18,1740720377,2025-02-28T05:26:17.000Z,1,https://vt.tiktok.com/ZSh8FQbqo/,FALSE,FALSE,,0,https://vt.tiktok.com/ZSh8FQbqo/,ngapain minta maaf kan memang fakta,7.4668E+18,wiwieko585,https://www.tiktok.com/@hai_online/video/7473394493971074311
https://p19-common-sign-sg.tiktokcdn-us.com/tos-alisg-avt-0068/e6508f71dd32a6d6d0fe2e56700612c5~tplv-tiktokx-cropcenter:100:100.jpg?dr=9640&refresh_token=aa814fd7&x-expires=1746172800&x-signature=bGNqiuKn6VflWLzAJJYHv68jSBg%3D&t=4d5b0474&ps=13740610&shp=30310797&shcp=ff37627b&idc=useast5,7.4763E+18,1740712519,2025-02-28T03:15:19.000Z,1,https://vt.tiktok.com/ZSh8FQbqo/,FALSE,FALSE,,0,https://vt.tiktok.com/ZSh8FQbqo/,Gaush minta maaf Klian tu benar,7.03631E+18,eeezzzz99,https://www.tiktok.com/@hai_online/video/7473394493971074311
https://p16-common-sign-va.tiktokcdn-us.com/tos-maliva-avt-0068/aae643b78f5bf7cebafb5c2ce8e5d24e~tplv-tiktokx-cropcenter:100:100.jpg?dr=9640&refresh_token=d07cd129&x-expires=1746172800&x-signature=%2FUqqWLA8cgekPVCrXx7DJmNd4tk%3D&t=4d5b0474&ps=13740610&shp=30310797&shcp=ff37627b&idc=useast5,7.47743E+18,1740976004,2025-03-03T04:26:44.000Z,0,https://vt.tiktok.com/ZSh8FQbqo/,FALSE,,7.47724E+18,,https://vt.tiktok.com/ZSh8FQbqo/,WKWKWKWWKK,6.78903E+18,vincent_j25,https://www.tiktok.com/@hai_online/video/7473394493971074311
https://p16-common-sign-sg.tiktokcdn-us.com/tos-alisg-avt-0068/63e97933a5b3a40077c6c2a455b51511~tplv-tiktokx-cropcenter:100:100.jpg?dr=9640&refresh_token=d29f892e&x-expires=1746172800&x-signature=6Q5Msp949XuEQcGEuYErLcHHfRE%3D&t=4d5b0474&ps=13740610&shp=30310797&shcp=ff37627b&idc=useast5,7.47543E+18,1740510087,2025-02-25T19:01:27.000Z,1,https://vt.tiktok.com/ZSh8FQbqo/,FALSE,FALSE,,0,https://vt.tiktok.com/ZSh8FQbqo/,gak usah mohon maaf ..biar oknum nya sadar.. klw trsinggung berarti benar..,6.89742E+18,pantangmundurboss,https://www.tiktok.com/@hai_online/video/7473394493971074311
https://p16-common-sign-sg.tiktokcdn-us.com/tos-alisg-avt-0068/d96b3f0c82164a84d3f6589d6b88b1bc~tplv-tiktokx-cropcenter:100:100.jpg?dr=9640&refresh_token=14c88fa6&x-expires=1746172800&x-signature=lyyQW5%2FI6uPyApHZYeAA1Laa8Mg%3D&t=4d5b0474&ps=13740610&shp=30310797&shcp=ff37627b&idc=useast5,7.47543E+18,1740508652,2025-02-25T18:37:32.000Z,1,https://vt.tiktok.com/ZSh8FQbqo/,FALSE,FALSE,,0,https://vt.tiktok.com/ZSh8FQbqo/,ngapain minta maaf coba,7.33477E+18,muhri.bae123,https://www.tiktok.com/@hai_online/video/7473394493971074311
https://p16-common-sign-sg.tiktokcdn-us.com/tos-alisg-avt-0068/7a67c6727bf73a065fd9fa094a1d8120~tplv-tiktokx-cropcenter:100:100.jpg?dr=9640&refresh_token=7f224494&x-expires=1746172800&x-signature=SLB7djKisvT7QqzzU4LY%2F759164%3D&t=4d5b0474&ps=13740610&shp=30310797&shcp=ff37627b&idc=useast5,7.47541E+18,1740503450,2025-02-25T17:10:50.000Z,1,https://vt.tiktok.com/ZSh8FQbqo/,FALSE,FALSE,,1,https://vt.tiktok.com/ZSh8FQbqo/,🤣🤣🤣GK cukup dgn hanya kata maaf kalian harus bayar bayar bayar...,6.95825E+18,tittomatitoe,https://www.tiktok.com/@hai_online/video/7473394493971074311
https://p16-common-sign-sg.tiktokcdn-us.com/tos-alisg-avt-0068/18069abdbfd55239029e80e9fd7977cd~tplv-tiktokx-cropcenter:100:100.jpg?dr=9640&refresh_token=3ba718ab&x-expires=1746172800&x-signature=c4NECbH6oIiq18xgiK09iKvzXx4%3D&t=4d5b0474&ps=13740610&shp=30310797&shcp=ff37627b&idc=useast5,7.47539E+18,1740500668,2025-02-25T16:24:28.000Z,1,https://vt.tiktok.com/ZSh8FQbqo/,FALSE,FALSE,,0,https://vt.tiktok.com/ZSh8FQbqo/,Emane Kritik Buat Polisi . yg Jahat. kok Suruh hapus. berarti Benar yg di Yanyikan . itu klau polisi tergangguh,6.89684E+18,susyjatimdapoersusyjatim,https://www.tiktok.com/@hai_online/video/7473394493971074311
https://p16-common-sign-sg.tiktokcdn-us.com/tos-alisg-avt-0068/8e49a00d7b73d57de3296a3b43dc4460~tplv-tiktokx-cropcenter:100:100.jpg?dr=9640&refresh_token=db933900&x-expires=1746172800&x-signature=8re12gzDCvlDIONXOr6aoNBHdmo%3D&t=4d5b0474&ps=13740610&shp=30310797&shcp=ff37627b&idc=useast5,7.47538E+18,1740498270,2025-02-25T15:44:30.000Z,1,https://vt.tiktok.com/ZSh8FQbqo/,FALSE,FALSE,,0,https://vt.tiktok.com/ZSh8FQbqo/,yahh ko minta maaf bang😳 Abang kan kaga salah,7.42268E+18,defachodels,https://www.tiktok.com/@hai_online/video/7473394493971074311
https://p16-common-sign-sg.tiktokcdn-us.com/tos-alisg-avt-0068/7330949132300845076~tplv-tiktokx-cropcenter:100:100.jpg?dr=9640&refresh_token=9977691a&x-expires=1746172800&x-signature=ZjDtVyuPmgrgrlayQT%2F8sMH8vWU%3D&t=4d5b0474&ps=13740610&shp=30310797&shcp=ff37627b&idc=useast5,7.47538E+18,1740498174,2025-02-25T15:42:54.000Z,1,https://vt.tiktok.com/ZSh8FQbqo/,FALSE,FALSE,,0,https://vt.tiktok.com/ZSh8FQbqo/,yahhh kena intimidasi kayanya,6.96137E+18,muhammadtaufik8242,https://www.tiktok.com/@hai_online/video/7473394493971074311
https://p16-common-sign-sg.tiktokcdn-us.com/tos-alisg-avt-0068/434639ea147413e311899230e36ae41b~tplv-tiktokx-cropcenter:100:100.jpg?dr=9640&refresh_token=f3a73d13&x-expires=1746172800&x-signature=hz71G3DT5jMghd5o1Nqtup3QxP4%3D&t=4d5b0474&ps=13740610&shp=30310797&shcp=ff37627b&idc=useast5,7.47538E+18,1740498031,2025-02-25T15:40:31.000Z,1,https://vt.tiktok.com/ZSh8FQbqo/,FALSE,FALSE,,0,https://vt.tiktok.com/ZSh8FQbqo/,"mau di hapus pun kami udah tau woi, bayar, bayar, bayar!!!!",6.74769E+18,ohs_nduru,https://www.tiktok.com/@hai_online/video/7473394493971074311
https://p16-common-sign-useast2a.tiktokcdn-us.com/tos-useast2a-avt-0068-giso/ace51f99b177cce001c0a148f20461f7~tplv-tiktokx-cropcenter:100:100.jpg?dr=9640&refresh_token=0fdf62d1&x-expires=1746172800&x-signature=prf3MTNhBh7ElpsC5RAUn3UpqKk%3D&t=4d5b0474&ps=13740610&shp=30310797&shcp=ff37627b&idc=useast5,7.47537E+18,1740495858,2025-02-25T15:04:18.000Z,1,https://vt.tiktok.com/ZSh8FQbqo/,FALSE,FALSE,,0,https://vt.tiktok.com/ZSh8FQbqo/,lah polisi sj g pernah minta mf sm warga yg mrk zholomi,7.09206E+18,ladjadoel,https://www.tiktok.com/@hai_online/video/7473394493971074311
https://p16-common-sign-va.tiktokcdn-us.com/tos-maliva-avt-0068/a6cb318b1c3bd1b10528606ab9a91253~tplv-tiktokx-cropcenter:100:100.jpg?dr=9640&refresh_token=609cc512&x-expires=1746172800&x-signature=y797yDdcjxozTeiUB0wU9QLMrX8%3D&t=4d5b0474&ps=13740610&shp=30310797&shcp=ff37627b&idc=useast5,7.47536E+18,1740493439,2025-02-25T14:23:59.000Z,1,https://vt.tiktok.com/ZSh8FQbqo/,FALSE,FALSE,,0,https://vt.tiktok.com/ZSh8FQbqo/,"buat apa klarifikasi? lagi mu ini enk di dengar dan bnyak yg menyukai nya, jangan dengarkan omongan' polisi itu!",7.22887E+18,mputshab,https://www.tiktok.com/@hai_online/video/7473394493971074311
https://p16-common-sign-sg.tiktokcdn-us.com/tos-alisg-avt-0068/105d927ad1286785667f3475db40a292~tplv-tiktokx-cropcenter:100:100.jpg?dr=9640&refresh_token=5c0bfc23&x-expires=1746172800&x-signature=8bOfgFmQoPLeMaEEBOTBNokl8Js%3D&t=4d5b0474&ps=13740610&shp=30310797&shcp=ff37627b&idc=useast5,7.47536E+18,1740492403,2025-02-25T14:06:43.000Z,1,https://vt.tiktok.com/ZSh8FQbqo/,FALSE,FALSE,,0,https://vt.tiktok.com/ZSh8FQbqo/,"terus terang, salut sama kalian",7.4694E+18,kuli_825a,https://www.tiktok.com/@hai_online/video/7473394493971074311
https://p16-common-sign-va.tiktokcdn-us.com/tos-maliva-avt-0068/614f2985c7fc88d50270f99fcee0e588~tplv-tiktokx-cropcenter:100:100.jpg?dr=9640&refresh_token=949f857e&x-expires=1746172800&x-signature=ZDPNEA%2B%2BbwlA%2FguplcKgfoZrL5w%3D&t=4d5b0474&ps=13740610&shp=30310797&shcp=ff37627b&idc=useast5,7.47533E+18,1740485858,2025-02-25T12:17:38.000Z,1,https://vt.tiktok.com/ZSh8FQbqo/,FALSE,FALSE,,0,https://vt.tiktok.com/ZSh8FQbqo/,ini kenyataan AE selama ini gua juga bayar bayar bayar. info aku tiktok nya kalau live full gif,7.16835E+18,syaifyquqdy,https://www.tiktok.com/@hai_online/video/7473394493971074311
https://p16-common-sign-va.tiktokcdn-us.com/tos-maliva-avt-0068/0dc6561523cf03860ca78b486efd071c~tplv-tiktokx-cropcenter:100:100.jpg?dr=9640&refresh_token=9f10a1ff&x-expires=1746172800&x-signature=brRiZjZF0zd%2BpFe4IegqUjs8lHk%3D&t=4d5b0474&ps=13740610&shp=30310797&shcp=ff37627b&idc=useast5,7.47532E+18,1740484013,2025-02-25T11:46:53.000Z,1,https://vt.tiktok.com/ZSh8FQbqo/,FALSE,FALSE,,0,https://vt.tiktok.com/ZSh8FQbqo/,sukatani jujur,7.02071E+18,wahyu110231,https://www.tiktok.com/@hai_online/video/7473394493971074311
https://p16-common-sign-sg.tiktokcdn-us.com/tos-alisg-avt-0068/97f2a673587c64dad26cafe11d88362f~tplv-tiktokx-cropcenter:100:100.jpg?dr=9640&refresh_token=75aef9e6&x-expires=1746172800&x-signature=lwMdkUfs82dm2Mw5RihGjjiHzpo%3D&t=4d5b0474&ps=13740610&shp=30310797&shcp=ff37627b&idc=useast5,7.47532E+18,1740483833,2025-02-25T11:43:53.000Z,1,https://vt.tiktok.com/ZSh8FQbqo/,FALSE,FALSE,,0,https://vt.tiktok.com/ZSh8FQbqo/,"kalin tau kenapa Sukatani klarifikasi?
karna dia belum bayar bayar bayar!!!",7.41989E+18,fergiawan299,https://www.tiktok.com/@hai_online/video/7473394493971074311
https://p16-common-sign-sg.tiktokcdn-us.com/tos-alisg-avt-0068/07aadfe0ffd70b894db25fd857d92804~tplv-tiktokx-cropcenter:100:100.jpg?dr=9640&refresh_token=23871254&x-expires=1746172800&x-signature=pgQKP4LuqXt0%2FL8%2BKqwY99q8Iow%3D&t=4d5b0474&ps=13740610&shp=30310797&shcp=ff37627b&idc=useast5,7.47532E+18,1740483197,2025-02-25T11:33:17.000Z,1,https://vt.tiktok.com/ZSh8FQbqo/,FALSE,FALSE,,0,https://vt.tiktok.com/ZSh8FQbqo/,nggk usah minta maaf ngapin itu korup 🔥🔥🔥,7.45274E+18,m.kuraiawan.awan,https://www.tiktok.com/@hai_online/video/7473394493971074311
https://p16-common-sign-sg.tiktokcdn-us.com/tos-alisg-avt-0068/b525a1e7165c5b33aac96df386f20dd0~tplv-tiktokx-cropcenter:100:100.jpg?dr=9640&refresh_token=7f0d353f&x-expires=1746172800&x-signature=dOxgt4g2gyJ6cJE9t9CCNYmqzSs%3D&t=4d5b0474&ps=13740610&shp=30310797&shcp=ff37627b&idc=useast5,7.47532E+18,1740482822,2025-02-25T11:27:02.000Z,1,https://vt.tiktok.com/ZSh8FQbqo/,FALSE,FALSE,,0,https://vt.tiktok.com/ZSh8FQbqo/,"itu tu lagu biar polisi pada SADAR DIRI, napa malah di suru klarifikasi dah, ni buat para polisi yang isi otak nya cuma UANG, kita kita ini udh malu tau ga punya negara yang kayak gini",7.27555E+18,dyinaaaaaaaaaa,https://www.tiktok.com/@hai_online/video/7473394493971074311
https://p19-common-sign-sg.tiktokcdn-us.com/tos-alisg-avt-0068/bb5675f1501a16ade1619623b819fb13~tplv-tiktokx-cropcenter:100:100.jpg?dr=9640&refresh_token=495ccff1&x-expires=1746172800&x-signature=RzZ0cqbGM%2FjlVsPH7BFKTvxkOsQ%3D&t=4d5b0474&ps=13740610&shp=30310797&shcp=ff37627b&idc=useast5,7.47531E+18,1740480931,2025-02-25T10:55:31.000Z,1,https://vt.tiktok.com/ZSh8FQbqo/,FALSE,FALSE,,0,https://vt.tiktok.com/ZSh8FQbqo/,Respect sama Sukatani 💯,7.37032E+18,putu_agus5,https://www.tiktok.com/@hai_online/video/7473394493971074311
https://p16-common-sign-sg.tiktokcdn-us.com/tos-alisg-avt-0068/c014b3cde794e571dcee2180b0403703~tplv-tiktokx-cropcenter:100:100.jpg?dr=9640&refresh_token=1d46d736&x-expires=1746172800&x-signature=0gjJgaZLN3Fk7rMht3gRPaKgGQU%3D&t=4d5b0474&ps=13740610&shp=30310797&shcp=ff37627b&idc=useast5,7.47531E+18,1740480383,2025-02-25T10:46:23.000Z,1,https://vt.tiktok.com/ZSh8FQbqo/,FALSE,FALSE,,0,https://vt.tiktok.com/ZSh8FQbqo/,memang knyataan 100 persen,7.36179E+18,muhammadhuda683,https://www.tiktok.com/@hai_online/video/7473394493971074311
https://p16-common-sign-va.tiktokcdn-us.com/tos-maliva-avt-0068/9c9a36bc648edd73657353c60b7d34b3~tplv-tiktokx-cropcenter:100:100.jpg?dr=9640&refresh_token=4420be74&x-expires=1746172800&x-signature=o%2BTw7%2BfRPGYv2%2Bs82Vax4NjTVtQ%3D&t=4d5b0474&ps=13740610&shp=30310797&shcp=ff37627b&idc=useast5,7.4753E+18,1740479006,2025-02-25T10:23:26.000Z,1,https://vt.tiktok.com/ZSh8FQbqo/,FALSE,FALSE,,0,https://vt.tiktok.com/ZSh8FQbqo/,"Lagu yg bagus itu, Lanjutkan berkaryanya anak muda jgn pernah takut utk kebenaran dan fakta. good job👍👍",7.31841E+18,yanzshadow078,https://www.tiktok.com/@hai_online/video/7473394493971074311
https://p16-common-sign-useast2a.tiktokcdn-us.com/tos-useast2a-avt-0068-aiso/35dad3a3a85533c9033be6b2d15c587d~tplv-tiktokx-cropcenter:100:100.jpg?dr=9640&refresh_token=e90f60b0&x-expires=1746172800&x-signature=9I0zm2tt6sfFUmLeMpafPMhNDDc%3D&t=4d5b0474&ps=13740610&shp=30310797&shcp=ff37627b&idc=useast5,7.4753E+18,1740478422,2025-02-25T10:13:42.000Z,1,https://vt.tiktok.com/ZSh8FQbqo/,FALSE,FALSE,,0,https://vt.tiktok.com/ZSh8FQbqo/,lagi lagi karna apa? karna ga bayar polisi wkwkwk,70405666471,berlianikaaa,https://www.tiktok.com/@hai_online/video/7473394493971074311
https://p16-common-sign-va.tiktokcdn-us.com/tos-maliva-avt-0068/217831ce538804897b4c146aa783efea~tplv-tiktokx-cropcenter:100:100.jpg?dr=9640&refresh_token=0bfbd989&x-expires=1746172800&x-signature=jDFWf81rNB9QsSfyKxnw0%2FCH3iE%3D&t=4d5b0474&ps=13740610&shp=30310797&shcp=ff37627b&idc=useast5,7.4753E+18,1740478107,2025-02-25T10:08:27.000Z,1,https://vt.tiktok.com/ZSh8FQbqo/,FALSE,FALSE,,0,https://vt.tiktok.com/ZSh8FQbqo/,bayar polisi lagi,7.32205E+18,tuanmudaaf,https://www.tiktok.com/@hai_online/video/7473394493971074311
https://p16-common-sign-sg.tiktokcdn-us.com/tos-alisg-avt-0068/1e1276b7875e09a4cf914e57f41fa954~tplv-tiktokx-cropcenter:100:100.jpg?dr=9640&refresh_token=31730b01&x-expires=1746172800&x-signature=p8YiknvA3EV5w%2BT5jjg%2Fr0HuhbM%3D&t=4d5b0474&ps=13740610&shp=30310797&shcp=ff37627b&idc=useast5,7.47529E+18,1740476467,2025-02-25T09:41:07.000Z,1,https://vt.tiktok.com/ZSh8FQbqo/,FALSE,FALSE,,0,https://vt.tiktok.com/ZSh8FQbqo/,Polisi ketar ketirr nih sma lagunya hah?!!,7.34547E+18,snokers,https://www.tiktok.com/@hai_online/video/7473394493971074311
https://p16-common-sign-sg.tiktokcdn-us.com/tos-alisg-avt-0068/1f3b162c2a5d017bf8d7055afc25939b~tplv-tiktokx-cropcenter:100:100.jpg?dr=9640&refresh_token=9593b052&x-expires=1746172800&x-signature=vNGmDhXVsVTI6fjbMVrsZNQ4Wfw%3D&t=4d5b0474&ps=13740610&shp=30310797&shcp=ff37627b&idc=useast5,7.47529E+18,1740475475,2025-02-25T09:24:35.000Z,1,https://vt.tiktok.com/ZSh8FQbqo/,FALSE,FALSE,,0,https://vt.tiktok.com/ZSh8FQbqo/,bro lupa ini dunia konoha🗿,6.83399E+18,bulborusenpai,https://www.tiktok.com/@hai_online/video/7473394493971074311
https://p16-common-sign-sg.tiktokcdn-us.com/tos-alisg-avt-0068/f472764f2f9bb7a6a739ff41f5e7cf0a~tplv-tiktokx-cropcenter:100:100.jpg?dr=9640&refresh_token=49c07ad4&x-expires=1746172800&x-signature=jKaUS3LUt4FGe1w%2BfC6uHLD%2BFhc%3D&t=4d5b0474&ps=13740610&shp=30310797&shcp=ff37627b&idc=useast5,7.47528E+18,1740474314,2025-02-25T09:05:14.000Z,1,https://vt.tiktok.com/ZSh8FQbqo/,FALSE,FALSE,,0,https://vt.tiktok.com/ZSh8FQbqo/,rakyat bersama sukatani,7.30973E+18,liqaaa08,https://www.tiktok.com/@hai_online/video/7473394493971074311
https://p16-common-sign-sg.tiktokcdn-us.com/tos-alisg-avt-0068/41b420a98eeb0300774dd7592906f053~tplv-tiktokx-cropcenter:100:100.jpg?dr=9640&refresh_token=5898e096&x-expires=1746172800&x-signature=uvb%2FLVDuey1oHn1mml4zYlKc34c%3D&t=4d5b0474&ps=13740610&shp=30310797&shcp=ff37627b&idc=useast5,7.47527E+18,1740472079,2025-02-25T08:27:59.000Z,1,https://vt.tiktok.com/ZSh8FQbqo/,FALSE,FALSE,,0,https://vt.tiktok.com/ZSh8FQbqo/,YAKIN GA DI PAKSA?,7.45157E+18,ridho_18121,https://www.tiktok.com/@hai_online/video/7473394493971074311
https://p16-common-sign-sg.tiktokcdn-us.com/tos-alisg-avt-0068/b5407b260e370a63b951c48045606e76~tplv-tiktokx-cropcenter:100:100.jpg?dr=9640&refresh_token=751aabd8&x-expires=1746172800&x-signature=w%2Bodlfdb5Y9Cf2XkLDAwRl%2FdVIs%3D&t=4d5b0474&ps=13740610&shp=30310797&shcp=ff37627b&idc=useast5,7.47527E+18,1740471041,2025-02-25T08:10:41.000Z,1,https://vt.tiktok.com/ZSh8FQbqo/,FALSE,FALSE,,0,https://vt.tiktok.com/ZSh8FQbqo/,wahwahwah.... fakta ko minta ma'af boy,7.10313E+18,fadhil4281,https://www.tiktok.com/@hai_online/video/7473394493971074311
https://p16-common-sign-useast2a.tiktokcdn-us.com/tos-useast2a-avt-0068-giso/bac0e702064dc0036eea6fa256d4a2d7~tplv-tiktokx-cropcenter:100:100.jpg?dr=9640&refresh_token=1fb29f81&x-expires=1746172800&x-signature=k0NEg16bVGh%2BJWvvc4Gg7g9dX8o%3D&t=4d5b0474&ps=13740610&shp=30310797&shcp=ff37627b&idc=useast5,7.47524E+18,1740466060,2025-02-25T06:47:40.000Z,1,https://vt.tiktok.com/ZSh8FQbqo/,FALSE,FALSE,,0,https://vt.tiktok.com/ZSh8FQbqo/,yuk bayar polisi biar lagu bayar bayar bayar bisa lolos hhh,6.79923E+18,shntmeii,https://www.tiktok.com/@hai_online/video/7473394493971074311
https://p16-common-sign-useast2a.tiktokcdn-us.com/tos-useast2a-avt-0068-giso/d31d6f1a63335feef25ce0156034dd98~tplv-tiktokx-cropcenter:100:100.jpg?dr=9640&refresh_token=59b90754&x-expires=1746172800&x-signature=iE3MVkhvGgSqcU9RcAVfDNosUog%3D&t=4d5b0474&ps=13740610&shp=30310797&shcp=ff37627b&idc=useast5,7.4752E+18,1740455065,2025-02-25T03:44:25.000Z,1,https://vt.tiktok.com/ZSh8FQbqo/,FALSE,FALSE,,0,https://vt.tiktok.com/ZSh8FQbqo/,Kami seluruh indonesia mengatakan fakta bayar polisi!!!,7.03897E+18,farhanazizi21,https://www.tiktok.com/@hai_online/video/7473394493971074311
https://p16-common-sign-sg.tiktokcdn-us.com/tos-alisg-avt-0068/6e96d035043ac00a39b65f5dddf7fbfc~tplv-tiktokx-cropcenter:100:100.jpg?dr=9640&refresh_token=63b55b6a&x-expires=1746172800&x-signature=ldFUcBhUjP9B5rqPE2uGZB2%2B0ds%3D&t=4d5b0474&ps=13740610&shp=30310797&shcp=ff37627b&idc=useast5,7.47519E+18,1740452699,2025-02-25T03:04:59.000Z,1,https://vt.tiktok.com/ZSh8FQbqo/,FALSE,FALSE,,0,https://vt.tiktok.com/ZSh8FQbqo/,sukatani yang dukung 👉,7.32995E+18,mrzaa_128,https://www.tiktok.com/@hai_online/video/7473394493971074311
https://p16-common-sign-sg.tiktokcdn-us.com/tos-alisg-avt-0068/73437a9caa44e86dd77b007db4727c6f~tplv-tiktokx-cropcenter:100:100.jpg?dr=9640&refresh_token=d7a4c4e3&x-expires=1746172800&x-signature=XZOVeUBPZFfWrPi1osuytJNsmKM%3D&t=4d5b0474&ps=13740610&shp=30310797&shcp=ff37627b&idc=useast5,7.47519E+18,1740452380,2025-02-25T02:59:40.000Z,1,https://vt.tiktok.com/ZSh8FQbqo/,FALSE,FALSE,,0,https://vt.tiktok.com/ZSh8FQbqo/,lagu ny fakta tapi gak terima,7.44601E+18,iponila.krisna,https://www.tiktok.com/@hai_online/video/7473394493971074311
https://p16-common-sign-va.tiktokcdn-us.com/tos-maliva-avt-0068/409f8260e1366c169e71e93aa2c78256~tplv-tiktokx-cropcenter:100:100.jpg?dr=9640&refresh_token=0e2fcfcc&x-expires=1746172800&x-signature=%2BzlupH%2BiyCpI%2FkqVCKJy6m1iFBU%3D&t=4d5b0474&ps=13740610&shp=30310797&shcp=ff37627b&idc=useast5,7.47516E+18,1740447392,2025-02-25T01:36:32.000Z,1,https://vt.tiktok.com/ZSh8FQbqo/,FALSE,FALSE,,0,https://vt.tiktok.com/ZSh8FQbqo/,"gk perlu minta maaf kak. emang kenyataan nya begitu. ibarat pepatah gak ada asap maka gk ada api artinya gak akan ada lagu bayar -Bayar-bayar kalau gk ada bayar nya pada polisi.
jujur ngomong kesalahan kakak adalah gk bayar polisi.",7.14655E+18,userdwiapriyanto,https://www.tiktok.com/@hai_online/video/7473394493971074311
https://p16-common-sign-useast2a.tiktokcdn-us.com/tos-useast2a-avt-0068-giso/64c6dbd6538df43bbe258c97107004cf~tplv-tiktokx-cropcenter:100:100.jpg?dr=9640&refresh_token=123fdc5d&x-expires=1746172800&x-signature=%2FPjeYO5f0ozYBBpbXE1w%2B4D7UDM%3D&t=4d5b0474&ps=13740610&shp=30310797&shcp=ff37627b&idc=useast5,7.47542E+18,1740505819,2025-02-25T17:50:19.000Z,0,https://vt.tiktok.com/ZSh8FQbqo/,FALSE,,7.47541E+18,,https://vt.tiktok.com/ZSh8FQbqo/,betul,6.91272E+18,abdurrachman.dede,https://www.tiktok.com/@hai_online/video/7473394493971074311
https://p16-common-sign-sg.tiktokcdn-us.com/tos-alisg-avt-0068/7325439106228420610~tplv-tiktokx-cropcenter:100:100.jpg?dr=9640&refresh_token=929b4ffc&x-expires=1746172800&x-signature=SFSqoHy2iFD9ohujo4nARZmP9QQ%3D&t=4d5b0474&ps=13740610&shp=30310797&shcp=ff37627b&idc=useast5,7.47489E+18,1740384520,2025-02-24T08:08:40.000Z,1,https://vt.tiktok.com/ZSh8FQbqo/,FALSE,FALSE,,0,https://vt.tiktok.com/ZSh8FQbqo/,Ya Allah kenapa minta maaf,6.86641E+18,kitasajalah0,https://www.tiktok.com/@hai_online/video/7473394493971074311
https://p16-common-sign-sg.tiktokcdn-us.com/tos-alisg-avt-0068/8f2ccdb06edea8b0bd4f36448d92327c~tplv-tiktokx-cropcenter:100:100.jpg?dr=9640&refresh_token=27e272eb&x-expires=1746172800&x-signature=rK%2BOnoCeLDeTdlUBlF1PQE2ql7M%3D&t=4d5b0474&ps=13740610&shp=30310797&shcp=ff37627b&idc=useast5,7.47488E+18,1740381061,2025-02-24T07:11:01.000Z,1,https://vt.tiktok.com/ZSh8FQbqo/,FALSE,FALSE,,0,https://vt.tiktok.com/ZSh8FQbqo/,kesalahan pembuat lagu adalah tidak membayar polisi,7.17767E+18,okaikhlas,https://www.tiktok.com/@hai_online/video/7473394493971074311
https://p19-common-sign-sg.tiktokcdn-us.com/tos-alisg-avt-0068/814a517f877f6ab12c687c76e1d2263a~tplv-tiktokx-cropcenter:100:100.jpg?dr=9640&refresh_token=8377b890&x-expires=1746172800&x-signature=TPbfMMt9qNQHbR4QIsp38sJLBJo%3D&t=4d5b0474&ps=13740610&shp=30310797&shcp=ff37627b&idc=useast5,7.47488E+18,1740380575,2025-02-24T07:02:55.000Z,1,https://vt.tiktok.com/ZSh8FQbqo/,FALSE,FALSE,,0,https://vt.tiktok.com/ZSh8FQbqo/,mau nyanyi bayar polisi😂,7.44889E+18,tehnia139,https://www.tiktok.com/@hai_online/video/7473394493971074311
https://p16-common-sign-va.tiktokcdn-us.com/tos-maliva-avt-0068/53c333e60c69270b7800daadb1b130e6~tplv-tiktokx-cropcenter:100:100.jpg?dr=9640&refresh_token=89e2ca93&x-expires=1746172800&x-signature=By3R3QCNedvVBbSxKdWaSgo27Is%3D&t=4d5b0474&ps=13740610&shp=30310797&shcp=ff37627b&idc=useast5,7.47488E+18,1740380231,2025-02-24T06:57:11.000Z,1,https://vt.tiktok.com/ZSh8FQbqo/,FALSE,FALSE,,0,https://vt.tiktok.com/ZSh8FQbqo/,kesalahan mereka adlh ga bayar polisi pas ngerilis lagu itu,7.3584E+18,bukanorngjht1,https://www.tiktok.com/@hai_online/video/7473394493971074311
https://p16-common-sign-useast2a.tiktokcdn-us.com/tos-useast2a-avt-0068-giso/fda7f5bd394fcfeeaa188b3913bb6da4~tplv-tiktokx-cropcenter:100:100.jpg?dr=9640&refresh_token=26fcfd30&x-expires=1746172800&x-signature=hMV2rlioDLhrhT4f7KhPPpjuGak%3D&t=4d5b0474&ps=13740610&shp=30310797&shcp=ff37627b&idc=useast5,7.47488E+18,1740380141,2025-02-24T06:55:41.000Z,1,https://vt.tiktok.com/ZSh8FQbqo/,FALSE,FALSE,,0,https://vt.tiktok.com/ZSh8FQbqo/,"emang sllu bayar klo mau apa""...",7.21853E+18,0wner777,https://www.tiktok.com/@hai_online/video/7473394493971074311
https://p16-common-sign-va.tiktokcdn-us.com/tos-maliva-avt-0068/7368775023789932549~tplv-tiktokx-cropcenter:100:100.jpg?dr=9640&refresh_token=0eb7375d&x-expires=1746172800&x-signature=A5af27qwwNJIFZedo9ZPkc%2B30JE%3D&t=4d5b0474&ps=13740610&shp=30310797&shcp=ff37627b&idc=useast5,7.47488E+18,1740380013,2025-02-24T06:53:33.000Z,1,https://vt.tiktok.com/ZSh8FQbqo/,FALSE,FALSE,,0,https://vt.tiktok.com/ZSh8FQbqo/,sukatani gak salah,7.36877E+18,gatau.ok5,https://www.tiktok.com/@hai_online/video/7473394493971074311
https://p16-common-sign-useast2a.tiktokcdn-us.com/tos-useast2a-avt-0068-aiso/ed4edcf1d789b1f7020a98fbf9794507~tplv-tiktokx-cropcenter:100:100.jpg?dr=9640&refresh_token=28eefeb2&x-expires=1746172800&x-signature=deOIClZhaBh5ggQ741jYpJH4Zc8%3D&t=4d5b0474&ps=13740610&shp=30310797&shcp=ff37627b&idc=useast5,7.47487E+18,1740378268,2025-02-24T06:24:28.000Z,1,https://vt.tiktok.com/ZSh8FQbqo/,FALSE,FALSE,,0,https://vt.tiktok.com/ZSh8FQbqo/,yang belum tau fakta.nya lagu ini..berarti blum punya sim😂🤣🤣,6.53003E+18,darlis_26,https://www.tiktok.com/@hai_online/video/7473394493971074311
https://p16-common-sign-va.tiktokcdn-us.com/tos-maliva-avt-0068/7316541352639610886~tplv-tiktokx-cropcenter:100:100.jpg?dr=9640&refresh_token=e63cd2fb&x-expires=1746172800&x-signature=IPm44xOlc10Jv8nOe9UR7%2BV31HY%3D&t=4d5b0474&ps=13740610&shp=30310797&shcp=ff37627b&idc=useast5,7.47487E+18,1740378086,2025-02-24T06:21:26.000Z,1,https://vt.tiktok.com/ZSh8FQbqo/,FALSE,FALSE,,0,https://vt.tiktok.com/ZSh8FQbqo/,Ngapain klarifikasi kan emang beneran di 🇮🇩,7.31654E+18,titinsamuel,https://www.tiktok.com/@hai_online/video/7473394493971074311
https://p16-common-sign-va.tiktokcdn-us.com/tos-maliva-avt-0068/9d6834b14628bb1e39aa0844d60c5628~tplv-tiktokx-cropcenter:100:100.jpg?dr=9640&refresh_token=e2d6c3fb&x-expires=1746172800&x-signature=%2F5ruC5ZAVolfNpUeaopgK%2BW53xQ%3D&t=4d5b0474&ps=13740610&shp=30310797&shcp=ff37627b&idc=useast5,7.47486E+18,1740377574,2025-02-24T06:12:54.000Z,1,https://vt.tiktok.com/ZSh8FQbqo/,FALSE,FALSE,,0,https://vt.tiktok.com/ZSh8FQbqo/,fixx berarti banyak oknum,6.84451E+18,dhadozextream,https://www.tiktok.com/@hai_online/video/7473394493971074311
https://p16-common-sign-sg.tiktokcdn-us.com/tos-alisg-avt-0068/a75dc889c81e045ea3880060a3f77434~tplv-tiktokx-cropcenter:100:100.jpg?dr=9640&refresh_token=c52753fd&x-expires=1746172800&x-signature=Lf9nfTGeD1LL7sQICMbtv4Hlt60%3D&t=4d5b0474&ps=13740610&shp=30310797&shcp=ff37627b&idc=useast5,7.47486E+18,1740377479,2025-02-24T06:11:19.000Z,1,https://vt.tiktok.com/ZSh8FQbqo/,FALSE,FALSE,,0,https://vt.tiktok.com/ZSh8FQbqo/,Saya setu kok ...gak papa sukses selalu,6.86976E+18,user3352147959445,https://www.tiktok.com/@hai_online/video/7473394493971074311
https://p16-common-sign-va.tiktokcdn-us.com/tos-maliva-avt-0068/516b23cb718e0db6e95851a27d4f3499~tplv-tiktokx-cropcenter:100:100.jpg?dr=9640&refresh_token=82565944&x-expires=1746172800&x-signature=eH2BbTSD19j1Mdp67gbYYNIx9tY%3D&t=4d5b0474&ps=13740610&shp=30310797&shcp=ff37627b&idc=useast5,7.47465E+18,1740376819,2025-02-24T06:00:19.000Z,1,https://vt.tiktok.com/ZSh8FQbqo/,FALSE,FALSE,,0,https://vt.tiktok.com/ZSh8FQbqo/,"kebebasan berpendapat hanya omong kosong,jika aspirasi dan ekspresi masih di batasi.",6.76125E+18,mashudi_oke,https://www.tiktok.com/@hai_online/video/7473394493971074311
https://p16-common-sign-va.tiktokcdn-us.com/tos-maliva-avt-0068/d8e71beb7c94707bad6160b8a999fd46~tplv-tiktokx-cropcenter:100:100.jpg?dr=9640&refresh_token=0932d027&x-expires=1746172800&x-signature=PKysMp0ugS1vd4npznuu7aUHRXI%3D&t=4d5b0474&ps=13740610&shp=30310797&shcp=ff37627b&idc=useast5,7.47486E+18,1740376408,2025-02-24T05:53:28.000Z,1,https://vt.tiktok.com/ZSh8FQbqo/,FALSE,FALSE,,0,https://vt.tiktok.com/ZSh8FQbqo/,kek nya polisi nye pada ke sindir dah 😂😂,7.41951E+18,rifay_xg,https://www.tiktok.com/@hai_online/video/7473394493971074311
https://p16-common-sign-va.tiktokcdn-us.com/tos-maliva-avt-0068/7e1adc9545d8374d60f6f08d44d17170~tplv-tiktokx-cropcenter:100:100.jpg?dr=9640&refresh_token=4a907213&x-expires=1746172800&x-signature=B13%2BQFUpV5DS7LRixOIv9M5ALLM%3D&t=4d5b0474&ps=13740610&shp=30310797&shcp=ff37627b&idc=useast5,7.47486E+18,1740376250,2025-02-24T05:50:50.000Z,1,https://vt.tiktok.com/ZSh8FQbqo/,FALSE,FALSE,,0,https://vt.tiktok.com/ZSh8FQbqo/,padahal fakta lo,7.30807E+18,icha.amisah,https://www.tiktok.com/@hai_online/video/7473394493971074311
https://p16-common-sign-sg.tiktokcdn-us.com/tos-alisg-avt-0068/f289eaea3d26b6bf9de4c1fc38b36af1~tplv-tiktokx-cropcenter:100:100.jpg?dr=9640&refresh_token=b1d3653c&x-expires=1746172800&x-signature=n4uvma50mw64pGw84aan7V1qSfE%3D&t=4d5b0474&ps=13740610&shp=30310797&shcp=ff37627b&idc=useast5,7.47485E+18,1740373706,2025-02-24T05:08:26.000Z,1,https://vt.tiktok.com/ZSh8FQbqo/,FALSE,FALSE,,0,https://vt.tiktok.com/ZSh8FQbqo/,lagumu terlalu keren mas kita lngsung hafal ..gas Ken terus lah,6.88157E+18,07abuhasan,https://www.tiktok.com/@hai_online/video/7473394493971074311
https://p16-common-sign-sg.tiktokcdn-us.com/tos-alisg-avt-0068/5d1621fc01f52c7c94b802ec0bae0f00~tplv-tiktokx-cropcenter:100:100.jpg?dr=9640&refresh_token=63bfec33&x-expires=1746172800&x-signature=hT%2Ft5Emi9muBcTeNPqf73JXb8k4%3D&t=4d5b0474&ps=13740610&shp=30310797&shcp=ff37627b&idc=useast5,7.47485E+18,1740373248,2025-02-24T05:00:48.000Z,1,https://vt.tiktok.com/ZSh8FQbqo/,FALSE,FALSE,,0,https://vt.tiktok.com/ZSh8FQbqo/,kalau emg GX benar kenapa harus tersinggung dengan lagunya...,6.93212E+18,mluqman027,https://www.tiktok.com/@hai_online/video/7473394493971074311
https://p16-common-sign-va.tiktokcdn-us.com/tos-maliva-avt-0068/0319439e869a21643624d1472748a050~tplv-tiktokx-cropcenter:100:100.jpg?dr=9640&refresh_token=055250b6&x-expires=1746172800&x-signature=L2Oy06jIAhoWQEZuqTgbZZOizP0%3D&t=4d5b0474&ps=13740610&shp=30310797&shcp=ff37627b&idc=useast5,7.47485E+18,1740373007,2025-02-24T04:56:47.000Z,1,https://vt.tiktok.com/ZSh8FQbqo/,FALSE,FALSE,,0,https://vt.tiktok.com/ZSh8FQbqo/,"polri katanya anti kritik tapi"""""""""" aahhh sudah lah😅😅😅😅",6.84329E+18,caca7454,https://www.tiktok.com/@hai_online/video/7473394493971074311
https://p16-common-sign-sg.tiktokcdn-us.com/tos-alisg-avt-0068/dc6faf60c138e2539a9a3ff90bc92e6b~tplv-tiktokx-cropcenter:100:100.jpg?dr=9640&refresh_token=da6b686d&x-expires=1746172800&x-signature=gBjeZLnPIxUSQn4XbJN5UkRM6EI%3D&t=4d5b0474&ps=13740610&shp=30310797&shcp=ff37627b&idc=useast5,7.47484E+18,1740371680,2025-02-24T04:34:40.000Z,1,https://vt.tiktok.com/ZSh8FQbqo/,FALSE,FALSE,,0,https://vt.tiktok.com/ZSh8FQbqo/,gak usah klarifikasi. lagu kalian mantep. sangat mendidik,6.8719E+18,chui_lang_thong,https://www.tiktok.com/@hai_online/video/7473394493971074311
https://p16-common-sign-sg.tiktokcdn-us.com/tos-alisg-avt-0068/d6cce1c12da6cca938a15bb437a50f66~tplv-tiktokx-cropcenter:100:100.jpg?dr=9640&refresh_token=c69d8bd8&x-expires=1746172800&x-signature=IPdX5kVMV%2Bv%2BYO3BZZr2Vhdr25Y%3D&t=4d5b0474&ps=13740610&shp=30310797&shcp=ff37627b&idc=useast5,7.47483E+18,1740369991,2025-02-24T04:06:31.000Z,1,https://vt.tiktok.com/ZSh8FQbqo/,FALSE,FALSE,,0,https://vt.tiktok.com/ZSh8FQbqo/,kami bersama sukatani !!,7.16738E+18,ekkybimm,https://www.tiktok.com/@hai_online/video/7473394493971074311
https://p16-common-sign-sg.tiktokcdn-us.com/tos-alisg-avt-0068/bf65911f24b7654c25cc18cd47dccfb9~tplv-tiktokx-cropcenter:100:100.jpg?dr=9640&refresh_token=3d4e3101&x-expires=1746172800&x-signature=qsbYe2nW82E5WtlWFUlgRGNq3Aw%3D&t=4d5b0474&ps=13740610&shp=30310797&shcp=ff37627b&idc=useast5,7.47483E+18,1740368910,2025-02-24T03:48:30.000Z,1,https://vt.tiktok.com/ZSh8FQbqo/,FALSE,FALSE,,0,https://vt.tiktok.com/ZSh8FQbqo/,tambahin liriknya mau masuk polisi bayar polisi!!,7.34624E+18,kull_xyz0,https://www.tiktok.com/@hai_online/video/7473394493971074311
https://p19-common-sign-sg.tiktokcdn-us.com/tos-alisg-avt-0068/110fb2eb2d5293fdc0583dc153fbac4d~tplv-tiktokx-cropcenter:100:100.jpg?dr=9640&refresh_token=55fac4db&x-expires=1746172800&x-signature=UTGHdDrsbVvzEm2%2FYpZdXBe8OPg%3D&t=4d5b0474&ps=13740610&shp=30310797&shcp=ff37627b&idc=useast5,7.47483E+18,1740368379,2025-02-24T03:39:39.000Z,1,https://vt.tiktok.com/ZSh8FQbqo/,FALSE,FALSE,,0,https://vt.tiktok.com/ZSh8FQbqo/,"dia udah tau konsekuensi nya, pasti dalam fikiran nya : bikin ah pasti nanti banyak yang bela dan viral",6.57317E+18,kangkodak___,https://www.tiktok.com/@hai_online/video/7473394493971074311
https://p16-common-sign-sg.tiktokcdn-us.com/tos-alisg-avt-0068/9b20889d09392fa2429d55918da803be~tplv-tiktokx-cropcenter:100:100.jpg?dr=9640&refresh_token=f32f6c1a&x-expires=1746172800&x-signature=tRZUZ64Vr7e0oZqyiMHN1nbBl5s%3D&t=4d5b0474&ps=13740610&shp=30310797&shcp=ff37627b&idc=useast5,7.47482E+18,1740366812,2025-02-24T03:13:32.000Z,1,https://vt.tiktok.com/ZSh8FQbqo/,FALSE,FALSE,,0,https://vt.tiktok.com/ZSh8FQbqo/,"Lah ngapain klarifikasi bang, udah santai aja loh ayok lanjutkan lagu ke 2🥰",7.47007E+18,releyaaaa,https://www.tiktok.com/@hai_online/video/7473394493971074311
https://p16-common-sign-sg.tiktokcdn-us.com/tos-alisg-avt-0068/77b3aaf415e4c56dc1224a0e7c8ace0f~tplv-tiktokx-cropcenter:100:100.jpg?dr=9640&refresh_token=11067f52&x-expires=1746172800&x-signature=FBZS8MKR80jYJX8m57QlJS8xQVo%3D&t=4d5b0474&ps=13740610&shp=30310797&shcp=ff37627b&idc=useast5,7.47481E+18,1740365160,2025-02-24T02:46:00.000Z,1,https://vt.tiktok.com/ZSh8FQbqo/,FALSE,FALSE,,0,https://vt.tiktok.com/ZSh8FQbqo/,ada aja gebrakan 2025😩,6.56213E+18,chikazhea,https://www.tiktok.com/@hai_online/video/7473394493971074311
https://p16-common-sign-sg.tiktokcdn-us.com/tos-alisg-avt-0068/e46b0dbdd2708b1f6f97d4e06aed91f1~tplv-tiktokx-cropcenter:100:100.jpg?dr=9640&refresh_token=606b8fc6&x-expires=1746172800&x-signature=Qsh9TgZVFOmeAeRdRtydBTZXpZU%3D&t=4d5b0474&ps=13740610&shp=30310797&shcp=ff37627b&idc=useast5,7.47481E+18,1740364980,2025-02-24T02:43:00.000Z,1,https://vt.tiktok.com/ZSh8FQbqo/,FALSE,FALSE,,0,https://vt.tiktok.com/ZSh8FQbqo/,lagunya bagus,7.17256E+18,barokah_jaya10,https://www.tiktok.com/@hai_online/video/7473394493971074311
https://p16-common-sign-useast2a.tiktokcdn-us.com/tos-useast2a-avt-0068-giso/b3d42ab7f32d28f85b71614829be94dd~tplv-tiktokx-cropcenter:100:100.jpg?dr=9640&refresh_token=e9f3d416&x-expires=1746172800&x-signature=rpl5z4TfRwXbZFow1ixG9c4IkSo%3D&t=4d5b0474&ps=13740610&shp=30310797&shcp=ff37627b&idc=useast5,7.47481E+18,1740364684,2025-02-24T02:38:04.000Z,1,https://vt.tiktok.com/ZSh8FQbqo/,FALSE,FALSE,,0,https://vt.tiktok.com/ZSh8FQbqo/,"salahmu cm satu, ""lupa hidup di konoha""",7.2234E+18,cmrsam0,https://www.tiktok.com/@hai_online/video/7473394493971074311
https://p19-common-sign-va.tiktokcdn-us.com/tos-maliva-avt-0068/d14fc0dc68be511696e82ca157993146~tplv-tiktokx-cropcenter:100:100.jpg?dr=9640&refresh_token=b1de28d9&x-expires=1746172800&x-signature=iAZWwKHG4QEk9crMW2KU2YrjhUY%3D&t=4d5b0474&ps=13740610&shp=30310797&shcp=ff37627b&idc=useast5,7.47481E+18,1740364613,2025-02-24T02:36:53.000Z,1,https://vt.tiktok.com/ZSh8FQbqo/,FALSE,FALSE,,1,https://vt.tiktok.com/ZSh8FQbqo/,fakta apa mitos ???,6.90668E+18,yuliastuti860,https://www.tiktok.com/@hai_online/video/7473394493971074311
https://p16-common-sign-sg.tiktokcdn-us.com/tos-alisg-avt-0068/e08a436427b2d8cdfa630dd3a1bd3735~tplv-tiktokx-cropcenter:100:100.jpg?dr=9640&refresh_token=d9771d93&x-expires=1746172800&x-signature=4CQkvJ9qRggXsY4looCtL5BL%2FGE%3D&t=4d5b0474&ps=13740610&shp=30310797&shcp=ff37627b&idc=useast5,7.47481E+18,1740364446,2025-02-24T02:34:06.000Z,1,https://vt.tiktok.com/ZSh8FQbqo/,FALSE,FALSE,,0,https://vt.tiktok.com/ZSh8FQbqo/,"te kudu menta hampura, nanaonan😭",7.07335E+18,_nopaaaalll,https://www.tiktok.com/@hai_online/video/7473394493971074311
https://p16-common-sign-sg.tiktokcdn-us.com/tos-alisg-avt-0068/89621903ba6eb2957bd7fb1e07c25655~tplv-tiktokx-cropcenter:100:100.jpg?dr=9640&refresh_token=b47a168c&x-expires=1746172800&x-signature=7QU6G9FJWpYgYDdRJ1kVIP%2F1x8o%3D&t=4d5b0474&ps=13740610&shp=30310797&shcp=ff37627b&idc=useast5,7.47481E+18,1740364347,2025-02-24T02:32:27.000Z,1,https://vt.tiktok.com/ZSh8FQbqo/,FALSE,FALSE,,0,https://vt.tiktok.com/ZSh8FQbqo/,uda kek gni pun di suruh bayar lagi,7.05047E+18,mfaridzazmi,https://www.tiktok.com/@hai_online/video/7473394493971074311
https://p16-common-sign-va.tiktokcdn-us.com/tos-maliva-avt-0068/e2c877b6d49daf3cb40f843c5a5c3cc7~tplv-tiktokx-cropcenter:100:100.jpg?dr=9640&refresh_token=d9571eab&x-expires=1746172800&x-signature=wTKWQp8NN71mz5VlafzsMqSMIVE%3D&t=4d5b0474&ps=13740610&shp=30310797&shcp=ff37627b&idc=useast5,7.47481E+18,1740363721,2025-02-24T02:22:01.000Z,1,https://vt.tiktok.com/ZSh8FQbqo/,FALSE,FALSE,,0,https://vt.tiktok.com/ZSh8FQbqo/,"kenapa Suka Tani Yang Minta Maaf
Harusnya Polisi yang Minta maaf",7.04891E+18,khoiriana09,https://www.tiktok.com/@hai_online/video/7473394493971074311
https://p16-common-sign-useast2a.tiktokcdn-us.com/tos-useast2a-avt-0068-giso/7126186280488501275~tplv-tiktokx-cropcenter:100:100.jpg?dr=9640&refresh_token=e4911bee&x-expires=1746172800&x-signature=6LsA7Z7MlW5losOVzy46hxtpFYQ%3D&t=4d5b0474&ps=13740610&shp=30310797&shcp=ff37627b&idc=useast5,7.4748E+18,1740363625,2025-02-24T02:20:25.000Z,1,https://vt.tiktok.com/ZSh8FQbqo/,FALSE,FALSE,,0,https://vt.tiktok.com/ZSh8FQbqo/,"sangat disayangkan, kenapa harus klarifikasi kan itu ga nyebut Polri, kenapa Polri teringgung? Kalau mereka benar kerjanya pasti gak tersinggung",7.12619E+18,rahmadadyputrasim,https://www.tiktok.com/@hai_online/video/7473394493971074311
https://p19-common-sign-sg.tiktokcdn-us.com/tos-alisg-avt-0068/fe1fd697224614d7cd84e275562bd47e~tplv-tiktokx-cropcenter:100:100.jpg?dr=9640&refresh_token=10140009&x-expires=1746172800&x-signature=jiZnyBJzhSK0aqtPNUM%2B7%2Bw4oto%3D&t=4d5b0474&ps=13740610&shp=30310797&shcp=ff37627b&idc=useast5,7.4748E+18,1740363623,2025-02-24T02:20:23.000Z,1,https://vt.tiktok.com/ZSh8FQbqo/,FALSE,FALSE,,2,https://vt.tiktok.com/ZSh8FQbqo/,band sukatani lupa pas mau bikin lagu ga bayar polisi dulu,6.96612E+18,isf1020,https://www.tiktok.com/@hai_online/video/7473394493971074311
https://p19-common-sign-useast2a.tiktokcdn-us.com/tos-useast2a-avt-0068-giso/1cb7d7e661338b82bd8b27eccbbaa0fb~tplv-tiktokx-cropcenter:100:100.jpg?dr=9640&refresh_token=0dc91543&x-expires=1746172800&x-signature=ABC95kuqAANbDLKE77pACBaCd8o%3D&t=4d5b0474&ps=13740610&shp=30310797&shcp=ff37627b&idc=useast5,7.47482E+18,1740366586,2025-02-24T03:09:46.000Z,1,https://vt.tiktok.com/ZSh8FQbqo/,FALSE,,7.47481E+18,,https://vt.tiktok.com/ZSh8FQbqo/,fakta 😳,6.87048E+18,ekajusmanita_sr12,https://www.tiktok.com/@hai_online/video/7473394493971074311
https://p16-common-sign-va.tiktokcdn-us.com/tos-maliva-avt-0068/c6439bc035caaf80d562e5a30b6d3238~tplv-tiktokx-cropcenter:100:100.jpg?dr=9640&refresh_token=6f43ecb1&x-expires=1746172800&x-signature=%2FxqPHTmXJaFnhXYonlK2%2F33DP3k%3D&t=4d5b0474&ps=13740610&shp=30310797&shcp=ff37627b&idc=useast5,7.47481E+18,1740365541,2025-02-24T02:52:21.000Z,0,https://vt.tiktok.com/ZSh8FQbqo/,FALSE,,7.4748E+18,,https://vt.tiktok.com/ZSh8FQbqo/,😂😂😂😂,6.97359E+18,nissa2710said,https://www.tiktok.com/@hai_online/video/7473394493971074311
https://p16-common-sign-sg.tiktokcdn-us.com/tos-alisg-avt-0068/e345c90dff4d42d6a935ecfedef7b0b7~tplv-tiktokx-cropcenter:100:100.jpg?dr=9640&refresh_token=17a4c3d8&x-expires=1746172800&x-signature=0vuRApGk8%2B%2Fu%2FT%2FL3HgzviOKI9U%3D&t=4d5b0474&ps=13740610&shp=30310797&shcp=ff37627b&idc=useast5,7.47459E+18,1740312844,2025-02-23T12:14:04.000Z,1,https://vt.tiktok.com/ZSh8FQbqo/,FALSE,FALSE,,0,https://vt.tiktok.com/ZSh8FQbqo/,"sekolah yang tinggi, biar ga jadi polisi
#kami bersama sukatani",7.43445E+18,bejojoyy8,https://www.tiktok.com/@hai_online/video/7473394493971074311
https://p19-common-sign-va.tiktokcdn-us.com/tos-maliva-avt-0068/e30081c19618538e23e1d20f8da78fa2~tplv-tiktokx-cropcenter:100:100.jpg?dr=9640&refresh_token=ca9f1081&x-expires=1746172800&x-signature=b9Fhc0Oc9qYeWbqfbnP%2ByJ4kdFw%3D&t=4d5b0474&ps=13740610&shp=30310797&shcp=ff37627b&idc=useast5,7.47458E+18,1740312224,2025-02-23T12:03:44.000Z,1,https://vt.tiktok.com/ZSh8FQbqo/,FALSE,FALSE,,0,https://vt.tiktok.com/ZSh8FQbqo/,knp klarifikasi ? belum bayar ya?,7.27478E+18,0oouuummm,https://www.tiktok.com/@hai_online/video/7473394493971074311
https://p16-common-sign-sg.tiktokcdn-us.com/tos-alisg-avt-0068/193a1632b6a2862e02b58d082d773536~tplv-tiktokx-cropcenter:100:100.jpg?dr=9640&refresh_token=e87d6429&x-expires=1746172800&x-signature=4FHN2Ejn9Lgbct7cN9PERPCNYmQ%3D&t=4d5b0474&ps=13740610&shp=30310797&shcp=ff37627b&idc=useast5,7.47458E+18,1740311651,2025-02-23T11:54:11.000Z,1,https://vt.tiktok.com/ZSh8FQbqo/,FALSE,FALSE,,0,https://vt.tiktok.com/ZSh8FQbqo/,ngapain minta maaf,7.33055E+18,amidrid_,https://www.tiktok.com/@hai_online/video/7473394493971074311
https://p16-common-sign-useast2a.tiktokcdn-us.com/tos-useast2a-avt-0068-giso/1b9bf02fc692a3bbaa29d9fe5f33e27c~tplv-tiktokx-cropcenter:100:100.jpg?dr=9640&refresh_token=cbe45e71&x-expires=1746172800&x-signature=FIHDuEtqstmuqIjYF58drDiFYlU%3D&t=4d5b0474&ps=13740610&shp=30310797&shcp=ff37627b&idc=useast5,7.47458E+18,1740311638,2025-02-23T11:53:58.000Z,1,https://vt.tiktok.com/ZSh8FQbqo/,FALSE,FALSE,,0,https://vt.tiktok.com/ZSh8FQbqo/,"lah ngapain klarifikasi?
emang bener kan?
anti kritik banget 🙄",6.76196E+18,liviaftr27,https://www.tiktok.com/@hai_online/video/7473394493971074311
https://p16-common-sign-va.tiktokcdn-us.com/tos-maliva-avt-0068/6e8f1107dfee60e24821741132e3b56c~tplv-tiktokx-cropcenter:100:100.jpg?dr=9640&refresh_token=0d01e8f3&x-expires=1746172800&x-signature=0NzsI9nJsIWG1zNtPrFLsfrkGng%3D&t=4d5b0474&ps=13740610&shp=30310797&shcp=ff37627b&idc=useast5,7.47458E+18,1740311218,2025-02-23T11:46:58.000Z,1,https://vt.tiktok.com/ZSh8FQbqo/,FALSE,FALSE,,0,https://vt.tiktok.com/ZSh8FQbqo/,Gsk usah minta maaf kak... ingat pesan prof.Mahfud...,7.35395E+18,bocilmisterius26,https://www.tiktok.com/@hai_online/video/7473394493971074311
https://p19-common-sign-sg.tiktokcdn-us.com/tos-alisg-avt-0068/82ac94a1e825fe874823626312665520~tplv-tiktokx-cropcenter:100:100.jpg?dr=9640&refresh_token=1cc9241d&x-expires=1746172800&x-signature=i3YNy47rr%2BrWS31QXZdvX0gXe18%3D&t=4d5b0474&ps=13740610&shp=30310797&shcp=ff37627b&idc=useast5,7.47458E+18,1740310876,2025-02-23T11:41:16.000Z,1,https://vt.tiktok.com/ZSh8FQbqo/,FALSE,FALSE,,0,https://vt.tiktok.com/ZSh8FQbqo/,tapi emang gitu kaan,7.46478E+18,kiwoyoo2,https://www.tiktok.com/@hai_online/video/7473394493971074311
https://p16-common-sign-va.tiktokcdn-us.com/tos-maliva-avt-0068/9e7202843c7dd0f05057affc45eecc4e~tplv-tiktokx-cropcenter:100:100.jpg?dr=9640&refresh_token=a985b1d7&x-expires=1746172800&x-signature=5WFQzh9cd6w9cXXIJM8fLmlQo38%3D&t=4d5b0474&ps=13740610&shp=30310797&shcp=ff37627b&idc=useast5,7.47458E+18,1740310750,2025-02-23T11:39:10.000Z,1,https://vt.tiktok.com/ZSh8FQbqo/,FALSE,FALSE,,0,https://vt.tiktok.com/ZSh8FQbqo/,jejak digital permanen boz,6.7751E+18,wir891,https://www.tiktok.com/@hai_online/video/7473394493971074311
https://p16-common-sign-useast2a.tiktokcdn-us.com/tos-useast2a-avt-0068-giso/1760b6dd79187fec8b462529e6453dca~tplv-tiktokx-cropcenter:100:100.jpg?dr=9640&refresh_token=26515281&x-expires=1746172800&x-signature=HAkWb7z%2BsFqehVXygnXoSjr%2BGwY%3D&t=4d5b0474&ps=13740610&shp=30310797&shcp=ff37627b&idc=useast5,7.47458E+18,1740310738,2025-02-23T11:38:58.000Z,1,https://vt.tiktok.com/ZSh8FQbqo/,FALSE,FALSE,,0,https://vt.tiktok.com/ZSh8FQbqo/,"pdhl emg fakta ko tetanggaku ilang motor lapor polisi diterima tpi klo mau diproses ya bayar polisi katanya buat bensin 🤫
bukanya mau jadi polisi juga emg kudu bayar dlu🤫",7.15502E+18,lyra_marsal,https://www.tiktok.com/@hai_online/video/7473394493971074311
https://p16-common-sign-va.tiktokcdn-us.com/tos-maliva-avt-0068/964245f5930aa40f2e0b046a827bcebb~tplv-tiktokx-cropcenter:100:100.jpg?dr=9640&refresh_token=32085ec8&x-expires=1746172800&x-signature=Bto0uA%2FyI3Oy9%2Fabkrn6wuiDTPA%3D&t=4d5b0474&ps=13740610&shp=30310797&shcp=ff37627b&idc=useast5,7.47457E+18,1740310007,2025-02-23T11:26:47.000Z,1,https://vt.tiktok.com/ZSh8FQbqo/,FALSE,FALSE,,0,https://vt.tiktok.com/ZSh8FQbqo/,kenapa harus minta maaf kan faktanya gtw,6.89161E+18,amintoha21,https://www.tiktok.com/@hai_online/video/7473394493971074311
https://p19-common-sign-sg.tiktokcdn-us.com/tos-alisg-avt-0068/a6f53e43a72fef8fe16a216531eadb78~tplv-tiktokx-cropcenter:100:100.jpg?dr=9640&refresh_token=4c4bf72b&x-expires=1746172800&x-signature=pU3PmXUgAuHTXoCCLMjJVUK4BrI%3D&t=4d5b0474&ps=13740610&shp=30310797&shcp=ff37627b&idc=useast5,7.47457E+18,1740309969,2025-02-23T11:26:09.000Z,1,https://vt.tiktok.com/ZSh8FQbqo/,FALSE,FALSE,,0,https://vt.tiktok.com/ZSh8FQbqo/,WEEEEE MANTABBB USTAZAHHHHHHH NOVII🥰🥰🥰,7.40881E+18,nnndynn11,https://www.tiktok.com/@hai_online/video/7473394493971074311
https://p16-common-sign-sg.tiktokcdn-us.com/tos-alisg-avt-0068/2ab27c9ee9c14d4d2722efcf4dad0f52~tplv-tiktokx-cropcenter:100:100.jpg?dr=9640&refresh_token=223e7ed1&x-expires=1746172800&x-signature=Q3Ak56Rbl7U%2Bp2NaxYO7jGa%2FBvU%3D&t=4d5b0474&ps=13740610&shp=30310797&shcp=ff37627b&idc=useast5,7.47457E+18,1740309599,2025-02-23T11:19:59.000Z,1,https://vt.tiktok.com/ZSh8FQbqo/,FALSE,FALSE,,0,https://vt.tiktok.com/ZSh8FQbqo/,tapi nyata nya benar lagu bayar bayar polisi,7.00501E+18,faeyza.adiwardhan,https://www.tiktok.com/@hai_online/video/7473394493971074311
https://p16-common-sign-sg.tiktokcdn-us.com/tos-alisg-avt-0068/bb72bb60283850aefd35214f9a386804~tplv-tiktokx-cropcenter:100:100.jpg?dr=9640&refresh_token=c31f7f4a&x-expires=1746172800&x-signature=eZIouaU%2F5XjmUlmZVJxKFhfEElk%3D&t=4d5b0474&ps=13740610&shp=30310797&shcp=ff37627b&idc=useast5,7.47457E+18,1740308958,2025-02-23T11:09:18.000Z,1,https://vt.tiktok.com/ZSh8FQbqo/,FALSE,FALSE,,0,https://vt.tiktok.com/ZSh8FQbqo/,diIntimidasi klo ga di Beng-Beng 😭,6.76464E+18,krisnosamangun,https://www.tiktok.com/@hai_online/video/7473394493971074311
https://p16-common-sign-va.tiktokcdn-us.com/tos-maliva-avt-0068/7346338540874366982~tplv-tiktokx-cropcenter:100:100.jpg?dr=9640&refresh_token=ce990901&x-expires=1746172800&x-signature=10TsxGox8LCLD5qV4y5xgqF9%2Fhc%3D&t=4d5b0474&ps=13740610&shp=30310797&shcp=ff37627b&idc=useast5,7.47457E+18,1740308879,2025-02-23T11:07:59.000Z,1,https://vt.tiktok.com/ZSh8FQbqo/,FALSE,FALSE,,0,https://vt.tiktok.com/ZSh8FQbqo/,TERINTIMIDASI OLEH POLISI =>,7.32082E+18,faisal_thesantoz,https://www.tiktok.com/@hai_online/video/7473394493971074311
https://p16-common-sign-va.tiktokcdn-us.com/tos-maliva-avt-0068/c712f79be8bc9f9a43fedd6e2cac8ea7~tplv-tiktokx-cropcenter:100:100.jpg?dr=9640&refresh_token=363b235e&x-expires=1746172800&x-signature=DrzftBkkhrkt5vOKxzAvSzLEZt8%3D&t=4d5b0474&ps=13740610&shp=30310797&shcp=ff37627b&idc=useast5,7.47457E+18,1740308800,2025-02-23T11:06:40.000Z,1,https://vt.tiktok.com/ZSh8FQbqo/,FALSE,FALSE,,2,https://vt.tiktok.com/ZSh8FQbqo/,ngapain klarifikasi ?,6.92273E+18,tomysport88,https://www.tiktok.com/@hai_online/video/7473394493971074311
https://p16-common-sign-va.tiktokcdn-us.com/tos-maliva-avt-0068/b43dc6e4dbe229c1a5e29cbee8acbeff~tplv-tiktokx-cropcenter:100:100.jpg?dr=9640&refresh_token=74fcf624&x-expires=1746172800&x-signature=HK9LfmLMU71jwzFbFfQYFeiTQkc%3D&t=4d5b0474&ps=13740610&shp=30310797&shcp=ff37627b&idc=useast5,7.47457E+18,1740308473,2025-02-23T11:01:13.000Z,1,https://vt.tiktok.com/ZSh8FQbqo/,FALSE,FALSE,,0,https://vt.tiktok.com/ZSh8FQbqo/,katanya bebas kritik🗿,6.9887E+18,gilangsyarifhidayat,https://www.tiktok.com/@hai_online/video/7473394493971074311
https://p16-common-sign-va.tiktokcdn-us.com/tos-maliva-avt-0068/4cb6292c721b872759b0335d1b6dacc8~tplv-tiktokx-cropcenter:100:100.jpg?dr=9640&refresh_token=8faccfce&x-expires=1746172800&x-signature=7iN1NCPdqjtpugMJm%2B9UcTX4BMY%3D&t=4d5b0474&ps=13740610&shp=30310797&shcp=ff37627b&idc=useast5,7.47457E+18,1740308012,2025-02-23T10:53:32.000Z,1,https://vt.tiktok.com/ZSh8FQbqo/,FALSE,FALSE,,0,https://vt.tiktok.com/ZSh8FQbqo/,Baru tau ada polisi tku sm Lagu,6.91012E+18,wisteriassxn,https://www.tiktok.com/@hai_online/video/7473394493971074311
https://p16-common-sign-useast2a.tiktokcdn-us.com/tos-useast2a-avt-0068-giso/a9de27dc14b2e14d73794627633504fd~tplv-tiktokx-cropcenter:100:100.jpg?dr=9640&refresh_token=c6684c02&x-expires=1746172800&x-signature=DTaaUcphU0dm2la4GkzcfYVxyBY%3D&t=4d5b0474&ps=13740610&shp=30310797&shcp=ff37627b&idc=useast5,7.47456E+18,1740307718,2025-02-23T10:48:38.000Z,1,https://vt.tiktok.com/ZSh8FQbqo/,FALSE,FALSE,,0,https://vt.tiktok.com/ZSh8FQbqo/,lagu bayar bayar bayar sudah benar memang begitu kenyataanya,7.05446E+18,rofiq9576,https://www.tiktok.com/@hai_online/video/7473394493971074311
https://p16-common-sign-sg.tiktokcdn-us.com/tos-alisg-avt-0068/c023691346b8435187db986cc6569d33~tplv-tiktokx-cropcenter:100:100.jpg?dr=9640&refresh_token=42effb40&x-expires=1746172800&x-signature=VXEWaeHRd2LkgcBVs9nWl7f1prc%3D&t=4d5b0474&ps=13740610&shp=30310797&shcp=ff37627b&idc=useast5,7.47456E+18,1740307588,2025-02-23T10:46:28.000Z,1,https://vt.tiktok.com/ZSh8FQbqo/,FALSE,FALSE,,0,https://vt.tiktok.com/ZSh8FQbqo/,"ngapain klarifikasi emang nyata nya benar kok gw aja kena tilang di pontianak jalan gaja mada kena 500k padahal itu uang buat bayar kos,jadi ga bisa bayar kos saya sementara nginap di masjid mujahidin",6.92236E+18,aidil_rmdhan,https://www.tiktok.com/@hai_online/video/7473394493971074311
https://p16-common-sign-sg.tiktokcdn-us.com/tos-alisg-avt-0068/a36a4125035ce136ca26f76d3a34b4e6~tplv-tiktokx-cropcenter:100:100.jpg?dr=9640&refresh_token=a665466e&x-expires=1746172800&x-signature=8PkV3ap6pc0EemBzo1XrnqyuYqw%3D&t=4d5b0474&ps=13740610&shp=30310797&shcp=ff37627b&idc=useast5,7.47456E+18,1740307243,2025-02-23T10:40:43.000Z,1,https://vt.tiktok.com/ZSh8FQbqo/,FALSE,FALSE,,0,https://vt.tiktok.com/ZSh8FQbqo/,"lahh kok klarifikasi?
tersinggung yahh ohh iya kan faktaa",7.32448E+18,nitaa_lovlyy,https://www.tiktok.com/@hai_online/video/7473394493971074311
https://p16-common-sign-sg.tiktokcdn-us.com/tos-alisg-avt-0068/f312a383c70c41e16db02ca00e49b1e4~tplv-tiktokx-cropcenter:100:100.jpg?dr=9640&refresh_token=f0c0aee9&x-expires=1746172800&x-signature=kvb0SO8c0Lr4xqPjXcJfaNGC6bU%3D&t=4d5b0474&ps=13740610&shp=30310797&shcp=ff37627b&idc=useast5,7.47456E+18,1740305713,2025-02-23T10:15:13.000Z,1,https://vt.tiktok.com/ZSh8FQbqo/,FALSE,FALSE,,0,https://vt.tiktok.com/ZSh8FQbqo/,saya yakin itu pasti di paksa polisi karna ga bayar polisi,6.97361E+18,wahyudinsyah5,https://www.tiktok.com/@hai_online/video/7473394493971074311
https://p16-common-sign-va.tiktokcdn-us.com/tos-maliva-avt-0068/d183221d4d86ba60b3293d6be4223ad5~tplv-tiktokx-cropcenter:100:100.jpg?dr=9640&refresh_token=c26e822f&x-expires=1746172800&x-signature=NvLK%2B3DZOV1EWqSbu838TKIJ%2FsY%3D&t=4d5b0474&ps=13740610&shp=30310797&shcp=ff37627b&idc=useast5,7.47456E+18,1740305499,2025-02-23T10:11:39.000Z,1,https://vt.tiktok.com/ZSh8FQbqo/,FALSE,FALSE,,0,https://vt.tiktok.com/ZSh8FQbqo/,"tunjukan aksi, selagi itu benar dan fakta!",7.08241E+18,zan_maxwill,https://www.tiktok.com/@hai_online/video/7473394493971074311
https://p16-common-sign-va.tiktokcdn-us.com/tos-maliva-avt-0068/ab4bdb01fdd4eaf1409827fa89003465~tplv-tiktokx-cropcenter:100:100.jpg?dr=9640&refresh_token=2528a7c9&x-expires=1746172800&x-signature=3VG7jC2l8qrWSM3hx3Tx0i4LthM%3D&t=4d5b0474&ps=13740610&shp=30310797&shcp=ff37627b&idc=useast5,7.47455E+18,1740304380,2025-02-23T09:53:00.000Z,1,https://vt.tiktok.com/ZSh8FQbqo/,FALSE,FALSE,,0,https://vt.tiktok.com/ZSh8FQbqo/,kaga usah minta maaf bang,6.87198E+18,asepudig,https://www.tiktok.com/@hai_online/video/7473394493971074311
https://p16-common-sign-useast2a.tiktokcdn-us.com/tos-useast2a-avt-0068-giso/7156399304368717850~tplv-tiktokx-cropcenter:100:100.jpg?dr=9640&refresh_token=ad68165b&x-expires=1746172800&x-signature=E8OxONhhfbvsv42k6GxEvfr7S34%3D&t=4d5b0474&ps=13740610&shp=30310797&shcp=ff37627b&idc=useast5,7.47455E+18,1740304335,2025-02-23T09:52:15.000Z,1,https://vt.tiktok.com/ZSh8FQbqo/,FALSE,FALSE,,0,https://vt.tiktok.com/ZSh8FQbqo/,"harusnya nama group band nya diganti menjadi SuKAPolisi, bukan Sukatani 😎",7.1564E+18,suhonotemon,https://www.tiktok.com/@hai_online/video/7473394493971074311
https://p16-common-sign-sg.tiktokcdn-us.com/tos-alisg-avt-0068/753be0fa5a241d6428487fca640aa25e~tplv-tiktokx-cropcenter:100:100.jpg?dr=9640&refresh_token=8bfc5b3b&x-expires=1746172800&x-signature=Qra3Dwm209R8j0rZrlyQ2qkdD3U%3D&t=4d5b0474&ps=13740610&shp=30310797&shcp=ff37627b&idc=useast5,7.47454E+18,1740302879,2025-02-23T09:27:59.000Z,1,https://vt.tiktok.com/ZSh8FQbqo/,FALSE,FALSE,,0,https://vt.tiktok.com/ZSh8FQbqo/,bayar ga itu klarifikasi nya ke polisi,7.4449E+18,mewingg53,https://www.tiktok.com/@hai_online/video/7473394493971074311
https://p16-common-sign-sg.tiktokcdn-us.com/tos-alisg-avt-0068/36ff1f39ca169fbff171ec5dd0a85c99~tplv-tiktokx-cropcenter:100:100.jpg?dr=9640&refresh_token=fa35d95a&x-expires=1746172800&x-signature=Uy2Wsjkirwf6oZHewm4k2hBoIFI%3D&t=4d5b0474&ps=13740610&shp=30310797&shcp=ff37627b&idc=useast5,7.47454E+18,1740302471,2025-02-23T09:21:11.000Z,1,https://vt.tiktok.com/ZSh8FQbqo/,FALSE,FALSE,,0,https://vt.tiktok.com/ZSh8FQbqo/,"aku pernah kehilangan motor 2x, trus lapor kayaknya enggak diproses cuma di data aja. udah gitu aja trus pulang.
trus kena Razia spion aja di Sidoarjo bayar suruh 100rb dripada ikut sidang, masuk kantong langsung deh",6.54871E+18,instagram_widhii_69,https://www.tiktok.com/@hai_online/video/7473394493971074311
https://p16-common-sign-sg.tiktokcdn-us.com/tos-alisg-avt-0068/a5d5481c1e7feabd2e5a26b820459640~tplv-tiktokx-cropcenter:100:100.jpg?dr=9640&refresh_token=89025f9e&x-expires=1746172800&x-signature=TbvVAjbfghvvDBBrT%2FLJOsOe4go%3D&t=4d5b0474&ps=13740610&shp=30310797&shcp=ff37627b&idc=useast5,7.47454E+18,1740301362,2025-02-23T09:02:42.000Z,1,https://vt.tiktok.com/ZSh8FQbqo/,FALSE,FALSE,,0,https://vt.tiktok.com/ZSh8FQbqo/,kenapa harus minta maaf,7.03056E+18,jendyphilipmorris,https://www.tiktok.com/@hai_online/video/7473394493971074311
https://p16-common-sign-useast2a.tiktokcdn-us.com/tos-useast2a-avt-0068-giso/56af300e3af3ee860830180d8f8f8969~tplv-tiktokx-cropcenter:100:100.jpg?dr=9640&refresh_token=52b287e5&x-expires=1746172800&x-signature=zVQeqWemsAfAwJixWRwJ8Ib9%2B%2Bs%3D&t=4d5b0474&ps=13740610&shp=30310797&shcp=ff37627b&idc=useast5,7.47454E+18,1740301203,2025-02-23T09:00:03.000Z,1,https://vt.tiktok.com/ZSh8FQbqo/,FALSE,FALSE,,0,https://vt.tiktok.com/ZSh8FQbqo/,mau demo bayar gk,7.10039E+18,sutansodogoron2004,https://www.tiktok.com/@hai_online/video/7473394493971074311
https://p16-common-sign-va.tiktokcdn-us.com/tos-maliva-avt-0068/ac30ddf80514f98aecd2da8633498def~tplv-tiktokx-cropcenter:100:100.jpg?dr=9640&refresh_token=2a854a61&x-expires=1746172800&x-signature=0daKvDuUcmHScOevuqM3n8Qx4BE%3D&t=4d5b0474&ps=13740610&shp=30310797&shcp=ff37627b&idc=useast5,7.47453E+18,1740300398,2025-02-23T08:46:38.000Z,1,https://vt.tiktok.com/ZSh8FQbqo/,FALSE,FALSE,,0,https://vt.tiktok.com/ZSh8FQbqo/,buset era kaya jaman orba aja ya🤣,7.30606E+18,bhirawa.anoraga.o,https://www.tiktok.com/@hai_online/video/7473394493971074311
https://p16-common-sign-sg.tiktokcdn-us.com/tos-alisg-avt-0068/d9b5a22850cd29f892e47f1fd06a69e1~tplv-tiktokx-cropcenter:100:100.jpg?dr=9640&refresh_token=d5c88e04&x-expires=1746172800&x-signature=gH3GLuaiXSLpN6XGdjeTnHtDirs%3D&t=4d5b0474&ps=13740610&shp=30310797&shcp=ff37627b&idc=useast5,7.47453E+18,1740300156,2025-02-23T08:42:36.000Z,1,https://vt.tiktok.com/ZSh8FQbqo/,FALSE,FALSE,,0,https://vt.tiktok.com/ZSh8FQbqo/,la emang bener kan segalanya kalo bayar polisi akan lancarr 😅😅,6.9379E+18,rakruh9,https://www.tiktok.com/@hai_online/video/7473394493971074311
https://p16-common-sign-va.tiktokcdn-us.com/tos-maliva-avt-0068/34e53fd543c7fb2b0e2610571cd2ce89~tplv-tiktokx-cropcenter:100:100.jpg?dr=9640&refresh_token=b3542f22&x-expires=1746172800&x-signature=jgkIp9aXP1GM7HzKn9f37mFMdaI%3D&t=4d5b0474&ps=13740610&shp=30310797&shcp=ff37627b&idc=useast5,7.47453E+18,1740299910,2025-02-23T08:38:30.000Z,1,https://vt.tiktok.com/ZSh8FQbqo/,FALSE,FALSE,,0,https://vt.tiktok.com/ZSh8FQbqo/,liat mata merekaa kok nggak fokus ke kameraa yaa kayak ada kalimat yang mereka baca??,6.9755E+18,rzaldwfbrnsy4h,https://www.tiktok.com/@hai_online/video/7473394493971074311
https://p16-common-sign-useast2a.tiktokcdn-us.com/tos-useast2a-avt-0068-giso/ec8b97b60a53f12d59eaf5af58db7e1a~tplv-tiktokx-cropcenter:100:100.jpg?dr=9640&refresh_token=e0d44e57&x-expires=1746172800&x-signature=MZBr4Kk%2FWempb25WVRRZRAFzJ%2Fo%3D&t=4d5b0474&ps=13740610&shp=30310797&shcp=ff37627b&idc=useast5,7.47457E+18,1740309684,2025-02-23T11:21:24.000Z,1,https://vt.tiktok.com/ZSh8FQbqo/,FALSE,,7.47457E+18,,https://vt.tiktok.com/ZSh8FQbqo/,nanti bayar polisi lagi 😂,6.79024E+18,aditnr31,https://www.tiktok.com/@hai_online/video/7473394493971074311
https://p16-common-sign-va.tiktokcdn-us.com/tos-maliva-avt-0068/c712f79be8bc9f9a43fedd6e2cac8ea7~tplv-tiktokx-cropcenter:100:100.jpg?dr=9640&refresh_token=363b235e&x-expires=1746172800&x-signature=DrzftBkkhrkt5vOKxzAvSzLEZt8%3D&t=4d5b0474&ps=13740610&shp=30310797&shcp=ff37627b&idc=useast5,7.47459E+18,1740313893,2025-02-23T12:31:33.000Z,0,https://vt.tiktok.com/ZSh8FQbqo/,FALSE,,7.47457E+18,,https://vt.tiktok.com/ZSh8FQbqo/,hatah 😂,6.92273E+18,tomysport88,https://www.tiktok.com/@hai_online/video/7473394493971074311
https://p16-common-sign-sg.tiktokcdn-us.com/tos-alisg-avt-0068/1c8e0951f65b0f3edb745d367516820b~tplv-tiktokx-cropcenter:100:100.jpg?dr=9640&refresh_token=9834d8c0&x-expires=1746172800&x-signature=XjCvZB9B04a%2FP6M4B0j81b3UrrM%3D&t=4d5b0474&ps=13740610&shp=30310797&shcp=ff37627b&idc=useast5,7.47446E+18,1740283857,2025-02-23T04:10:57.000Z,1,https://vt.tiktok.com/ZSh8FQbqo/,FALSE,FALSE,,0,https://vt.tiktok.com/ZSh8FQbqo/,"kebebasan berekspresi yg di jamin oleh UU 1945, UU no 39 th 1999,UU no 12 2005 telah di kangkangi.",7.11393E+18,menoreh,https://www.tiktok.com/@hai_online/video/7473394493971074311
https://p16-common-sign-sg.tiktokcdn-us.com/tos-alisg-avt-0068/eb0aaf0e4d4b36746f3ea0b869d75e20~tplv-tiktokx-cropcenter:100:100.jpg?dr=9640&refresh_token=83a3bd26&x-expires=1746172800&x-signature=JYtNxGij%2BMCuBCcBMdJwAlwVpEA%3D&t=4d5b0474&ps=13740610&shp=30310797&shcp=ff37627b&idc=useast5,7.47446E+18,1740283709,2025-02-23T04:08:29.000Z,1,https://vt.tiktok.com/ZSh8FQbqo/,FALSE,FALSE,,0,https://vt.tiktok.com/ZSh8FQbqo/,trruslah bersuara sesuai talenta mu👍👍👍👍👍👍👍💪💪💪💪💪💪,6.84294E+18,lion_of_juda123,https://www.tiktok.com/@hai_online/video/7473394493971074311
https://p16-common-sign-sg.tiktokcdn-us.com/tos-alisg-avt-0068/39b78f73b88f5e14c4b1688a7f02c0b8~tplv-tiktokx-cropcenter:100:100.jpg?dr=9640&refresh_token=689953d9&x-expires=1746172800&x-signature=ZLzG%2FYE9aeH50vV25chxJDnmb8o%3D&t=4d5b0474&ps=13740610&shp=30310797&shcp=ff37627b&idc=useast5,7.47446E+18,1740283698,2025-02-23T04:08:18.000Z,1,https://vt.tiktok.com/ZSh8FQbqo/,FALSE,FALSE,,0,https://vt.tiktok.com/ZSh8FQbqo/,mungkin karna mereka belum bayar polisi,7.43901E+18,owi_xy,https://www.tiktok.com/@hai_online/video/7473394493971074311
https://p16-common-sign-va.tiktokcdn-us.com/tos-maliva-avt-0068/7261446258769723397~tplv-tiktokx-cropcenter:100:100.jpg?dr=9640&refresh_token=6c66659d&x-expires=1746172800&x-signature=8XwcBzg1dh6ba8fQnCUNOl%2BAMYE%3D&t=4d5b0474&ps=13740610&shp=30310797&shcp=ff37627b&idc=useast5,7.47446E+18,1740283520,2025-02-23T04:05:20.000Z,1,https://vt.tiktok.com/ZSh8FQbqo/,FALSE,FALSE,,0,https://vt.tiktok.com/ZSh8FQbqo/,ngapain minta mf hadeeeeuh,6.82118E+18,rahmat.al.zabar,https://www.tiktok.com/@hai_online/video/7473394493971074311
https://p16-common-sign-sg.tiktokcdn-us.com/tos-alisg-avt-0068/6e6c7216c0e45e8b038da91af985551d~tplv-tiktokx-cropcenter:100:100.jpg?dr=9640&refresh_token=b6dd1586&x-expires=1746172800&x-signature=zWdi%2FuC2DIUWSccqSCZRNRorKU4%3D&t=4d5b0474&ps=13740610&shp=30310797&shcp=ff37627b&idc=useast5,7.47446E+18,1740282852,2025-02-23T03:54:12.000Z,1,https://vt.tiktok.com/ZSh8FQbqo/,FALSE,FALSE,,0,https://vt.tiktok.com/ZSh8FQbqo/,"G Usah Minta Maaf
klian Inspirasi masyarakat",7.21104E+18,mut.dds17,https://www.tiktok.com/@hai_online/video/7473394493971074311
https://p16-common-sign-sg.tiktokcdn-us.com/tos-alisg-avt-0068/a87fc4f05909357556db7aab1d31e779~tplv-tiktokx-cropcenter:100:100.jpg?dr=9640&refresh_token=ce9cea42&x-expires=1746172800&x-signature=FsGk3jKYSh%2FqEVFzRo12fMurtBc%3D&t=4d5b0474&ps=13740610&shp=30310797&shcp=ff37627b&idc=useast5,7.47446E+18,1740282574,2025-02-23T03:49:34.000Z,1,https://vt.tiktok.com/ZSh8FQbqo/,FALSE,FALSE,,0,https://vt.tiktok.com/ZSh8FQbqo/,ngapain minta maaf. kita sebagai masyarakat merasakan sesuai dengan itu lagu yg realistis terjadi 🤣😆,6.73706E+18,_ocik,https://www.tiktok.com/@hai_online/video/7473394493971074311
https://p16-common-sign-va.tiktokcdn-us.com/tos-maliva-avt-0068/b018ea08f9f371c8563bc8af65fcf641~tplv-tiktokx-cropcenter:100:100.jpg?dr=9640&refresh_token=b5f5c659&x-expires=1746172800&x-signature=iMa2ct5b9kkgbvjv0GaFnwaNBw4%3D&t=4d5b0474&ps=13740610&shp=30310797&shcp=ff37627b&idc=useast5,7.47446E+18,1740282550,2025-02-23T03:49:10.000Z,1,https://vt.tiktok.com/ZSh8FQbqo/,FALSE,FALSE,,0,https://vt.tiktok.com/ZSh8FQbqo/,kenapa minta maaf😭😭,6.92982E+18,raniagusttt,https://www.tiktok.com/@hai_online/video/7473394493971074311
https://p16-common-sign-sg.tiktokcdn-us.com/tos-alisg-avt-0068/339246c42a5822be00464fc9064eb14a~tplv-tiktokx-cropcenter:100:100.jpg?dr=9640&refresh_token=e4ad6fdf&x-expires=1746172800&x-signature=bsGioYJWdqbNxRXsXMvMS68ozao%3D&t=4d5b0474&ps=13740610&shp=30310797&shcp=ff37627b&idc=useast5,7.47446E+18,1740282461,2025-02-23T03:47:41.000Z,1,https://vt.tiktok.com/ZSh8FQbqo/,FALSE,FALSE,,0,https://vt.tiktok.com/ZSh8FQbqo/,gk papa bung lanjutkan,7.10152E+18,suronoayek,https://www.tiktok.com/@hai_online/video/7473394493971074311
https://p16-common-sign-va.tiktokcdn-us.com/tos-maliva-avt-0068/7394685294565097477~tplv-tiktokx-cropcenter:100:100.jpg?dr=9640&refresh_token=107a41bf&x-expires=1746172800&x-signature=wY7eqqcScuW%2BPpwen3a7cSAIyEo%3D&t=4d5b0474&ps=13740610&shp=30310797&shcp=ff37627b&idc=useast5,7.47446E+18,1740282381,2025-02-23T03:46:21.000Z,1,https://vt.tiktok.com/ZSh8FQbqo/,FALSE,FALSE,,0,https://vt.tiktok.com/ZSh8FQbqo/,bravo SUKATANI,7.39446E+18,zulkarnain.butoh,https://www.tiktok.com/@hai_online/video/7473394493971074311
https://p16-common-sign-sg.tiktokcdn-us.com/tos-alisg-avt-0068/1530abd9f7dc06c29b0af2bc782f1252~tplv-tiktokx-cropcenter:100:100.jpg?dr=9640&refresh_token=d6278550&x-expires=1746172800&x-signature=dL6jBk9lwRepDssbQsozZJGGTGM%3D&t=4d5b0474&ps=13740610&shp=30310797&shcp=ff37627b&idc=useast5,7.47446E+18,1740282200,2025-02-23T03:43:20.000Z,1,https://vt.tiktok.com/ZSh8FQbqo/,FALSE,FALSE,,0,https://vt.tiktok.com/ZSh8FQbqo/,"sama pejabat tunduk
sama lagu takut",6.76674E+18,r3h4nn__,https://www.tiktok.com/@hai_online/video/7473394493971074311
https://p16-common-sign-sg.tiktokcdn-us.com/tos-alisg-avt-0068/7328822146879193106~tplv-tiktokx-cropcenter:100:100.jpg?dr=9640&refresh_token=bd1dbd8c&x-expires=1746172800&x-signature=7cl9CHv15ZryumEZTRYzAO9ah1E%3D&t=4d5b0474&ps=13740610&shp=30310797&shcp=ff37627b&idc=useast5,7.47445E+18,1740281867,2025-02-23T03:37:47.000Z,1,https://vt.tiktok.com/ZSh8FQbqo/,FALSE,FALSE,,0,https://vt.tiktok.com/ZSh8FQbqo/,setelah minta maaf gas lagi,6.96646E+18,orepenting,https://www.tiktok.com/@hai_online/video/7473394493971074311
https://p16-common-sign-sg.tiktokcdn-us.com/tos-alisg-avt-0068/70c39a796290ed126d74e63c9e4f1d6c~tplv-tiktokx-cropcenter:100:100.jpg?dr=9640&refresh_token=673fd157&x-expires=1746172800&x-signature=Lgw8EeBh215d%2FJ7PJkr70gMzRh4%3D&t=4d5b0474&ps=13740610&shp=30310797&shcp=ff37627b&idc=useast5,7.47445E+18,1740281462,2025-02-23T03:31:02.000Z,1,https://vt.tiktok.com/ZSh8FQbqo/,FALSE,FALSE,,0,https://vt.tiktok.com/ZSh8FQbqo/,ooo ini yang kemarin lewat di TV gw🗿,7.24785E+18,apa_coba97,https://www.tiktok.com/@hai_online/video/7473394493971074311
https://p16-common-sign-sg.tiktokcdn-us.com/tos-alisg-avt-0068/36541914dd49776461666afd8883fffc~tplv-tiktokx-cropcenter:100:100.jpg?dr=9640&refresh_token=5a3e02c7&x-expires=1746172800&x-signature=C3lFzcgoxV0KzoyNJfZLfD0VHwA%3D&t=4d5b0474&ps=13740610&shp=30310797&shcp=ff37627b&idc=useast5,7.47445E+18,1740281430,2025-02-23T03:30:30.000Z,1,https://vt.tiktok.com/ZSh8FQbqo/,FALSE,FALSE,,0,https://vt.tiktok.com/ZSh8FQbqo/,bicara fakta ngapain takut. kapolri kepanasan 😅,7.07668E+18,my_journeyone,https://www.tiktok.com/@hai_online/video/7473394493971074311
https://p16-common-sign-sg.tiktokcdn-us.com/tos-alisg-avt-0068/c0b11b31e87fbbc0c7e480e14ee3dc76~tplv-tiktokx-cropcenter:100:100.jpg?dr=9640&refresh_token=2824f645&x-expires=1746172800&x-signature=MgMvZRkiUcBcVteUispcdJPj8pw%3D&t=4d5b0474&ps=13740610&shp=30310797&shcp=ff37627b&idc=useast5,7.47445E+18,1740280908,2025-02-23T03:21:48.000Z,1,https://vt.tiktok.com/ZSh8FQbqo/,FALSE,FALSE,,0,https://vt.tiktok.com/ZSh8FQbqo/,ya udah kita buka sumbangan saja utk mereka,6.85517E+18,baso.aciwuenakk,https://www.tiktok.com/@hai_online/video/7473394493971074311
https://p19-common-sign-sg.tiktokcdn-us.com/tos-alisg-avt-0068/2d0a28e6f5e42dc09c8cd85579c75085~tplv-tiktokx-cropcenter:100:100.jpg?dr=9640&refresh_token=f91e2489&x-expires=1746172800&x-signature=hOcjabB%2Bl7TlaYQmbb%2FCzHk34Fc%3D&t=4d5b0474&ps=13740610&shp=30310797&shcp=ff37627b&idc=useast5,7.47445E+18,1740280622,2025-02-23T03:17:02.000Z,1,https://vt.tiktok.com/ZSh8FQbqo/,FALSE,FALSE,,0,https://vt.tiktok.com/ZSh8FQbqo/,#kamibersamasukatani,7.11229E+18,doraultiunlimited,https://www.tiktok.com/@hai_online/video/7473394493971074311
https://p16-common-sign-sg.tiktokcdn-us.com/tos-alisg-avt-0068/5e1c891c9a2230cd4105afb39fbc1a3b~tplv-tiktokx-cropcenter:100:100.jpg?dr=9640&refresh_token=4151bfbd&x-expires=1746172800&x-signature=Hh744jSbiNje14KucveOoMVRL80%3D&t=4d5b0474&ps=13740610&shp=30310797&shcp=ff37627b&idc=useast5,7.47445E+18,1740280382,2025-02-23T03:13:02.000Z,1,https://vt.tiktok.com/ZSh8FQbqo/,FALSE,FALSE,,0,https://vt.tiktok.com/ZSh8FQbqo/,"sebenarnya kalau TDK merasa di bayar TDK usah takut, dan itu juga oknum polisi bukan semuanya, seni adalah budaya dan fakta yg terjadi sebenarnya",6.60211E+18,widedy_indra,https://www.tiktok.com/@hai_online/video/7473394493971074311
https://p16-common-sign-sg.tiktokcdn-us.com/tos-alisg-avt-0068/7336645442203025429~tplv-tiktokx-cropcenter:100:100.jpg?dr=9640&refresh_token=78a0151c&x-expires=1746172800&x-signature=YGEllnkM38CM%2FFjMHpKoLlpdiN8%3D&t=4d5b0474&ps=13740610&shp=30310797&shcp=ff37627b&idc=useast5,7.47445E+18,1740280075,2025-02-23T03:07:55.000Z,1,https://vt.tiktok.com/ZSh8FQbqo/,FALSE,FALSE,,0,https://vt.tiktok.com/ZSh8FQbqo/,kenapa takut bang,6.55454E+18,wazkub,https://www.tiktok.com/@hai_online/video/7473394493971074311
https://p19-common-sign-va.tiktokcdn-us.com/tos-maliva-avt-0068/c682f88513b48c04867d48366ec96782~tplv-tiktokx-cropcenter:100:100.jpg?dr=9640&refresh_token=a358cdaf&x-expires=1746172800&x-signature=LTD9PtzK1HDhfcq0cNXrccQOpUY%3D&t=4d5b0474&ps=13740610&shp=30310797&shcp=ff37627b&idc=useast5,7.47444E+18,1740279637,2025-02-23T03:00:37.000Z,1,https://vt.tiktok.com/ZSh8FQbqo/,FALSE,FALSE,,0,https://vt.tiktok.com/ZSh8FQbqo/,semangat adik2... semoga diberikan kesehatan dan lindungan.. tetap pembersni!,7.4147E+18,lumo084,https://www.tiktok.com/@hai_online/video/7473394493971074311
https://p16-common-sign-va.tiktokcdn-us.com/tos-maliva-avt-0068/6617775e41e10b6caf84e26b7c3908e6~tplv-tiktokx-cropcenter:100:100.jpg?dr=9640&refresh_token=52e17263&x-expires=1746172800&x-signature=LsMKHmI%2B6sBI%2BfB%2BV1qIx%2BIgSE0%3D&t=4d5b0474&ps=13740610&shp=30310797&shcp=ff37627b&idc=useast5,7.47444E+18,1740279354,2025-02-23T02:55:54.000Z,1,https://vt.tiktok.com/ZSh8FQbqo/,FALSE,FALSE,,0,https://vt.tiktok.com/ZSh8FQbqo/,klarifikasi tdk ada paksaan dari pihak manapun..??? 🫢🫢🤫,7.37739E+18,bang.adi979,https://www.tiktok.com/@hai_online/video/7473394493971074311
https://p16-common-sign-useast2a.tiktokcdn-us.com/tos-useast2a-avt-0068-euttp/7391145515268145185~tplv-tiktokx-cropcenter:100:100.jpg?dr=9640&refresh_token=c07ca2b3&x-expires=1746172800&x-signature=2rxDYMGPIqRqEx5bjG%2FshURZOBc%3D&t=4d5b0474&ps=13740610&shp=30310797&shcp=ff37627b&idc=useast5,7.47444E+18,1740278540,2025-02-23T02:42:20.000Z,1,https://vt.tiktok.com/ZSh8FQbqo/,FALSE,FALSE,,0,https://vt.tiktok.com/ZSh8FQbqo/,dikasih fakta bukanya di evaluasi malah diintimidasi,6.92981E+18,bakti29,https://www.tiktok.com/@hai_online/video/7473394493971074311
https://p16-common-sign-va.tiktokcdn-us.com/tos-maliva-avt-0068/1ce02bf7f93e79d9bba1cbaab75445db~tplv-tiktokx-cropcenter:100:100.jpg?dr=9640&refresh_token=3e5a4539&x-expires=1746172800&x-signature=P2AvzbcAqPAmz1cJyUAVR3%2FHWUQ%3D&t=4d5b0474&ps=13740610&shp=30310797&shcp=ff37627b&idc=useast5,7.47444E+18,1740278214,2025-02-23T02:36:54.000Z,1,https://vt.tiktok.com/ZSh8FQbqo/,FALSE,FALSE,,0,https://vt.tiktok.com/ZSh8FQbqo/,kenapa harus minta maaf,7.22252E+18,hasyafaizaoktavira11,https://www.tiktok.com/@hai_online/video/7473394493971074311
https://p16-common-sign-va.tiktokcdn-us.com/tos-maliva-avt-0068/d79bb423f9c46748d2edc25449466b30~tplv-tiktokx-cropcenter:100:100.jpg?dr=9640&refresh_token=3c9aef00&x-expires=1746172800&x-signature=fYDVwyrUy5NpuAL%2F4w7gWXp0REM%3D&t=4d5b0474&ps=13740610&shp=30310797&shcp=ff37627b&idc=useast5,7.47444E+18,1740278080,2025-02-23T02:34:40.000Z,1,https://vt.tiktok.com/ZSh8FQbqo/,FALSE,FALSE,,0,https://vt.tiktok.com/ZSh8FQbqo/,"katanya kritik ke polisi jd sahabat polisi?, ngapain harus minta maaf?",7.20498E+18,jito875,https://www.tiktok.com/@hai_online/video/7473394493971074311
https://p16-common-sign-va.tiktokcdn-us.com/tos-maliva-avt-0068/f2da6a5530c8f736a6464f4bae381841~tplv-tiktokx-cropcenter:100:100.jpg?dr=9640&refresh_token=dd25fed7&x-expires=1746172800&x-signature=XcuJOxHfdM3cMhLQBJ%2B%2Bn%2FcDE0w%3D&t=4d5b0474&ps=13740610&shp=30310797&shcp=ff37627b&idc=useast5,7.47444E+18,1740277906,2025-02-23T02:31:46.000Z,1,https://vt.tiktok.com/ZSh8FQbqo/,FALSE,FALSE,,0,https://vt.tiktok.com/ZSh8FQbqo/,Emang benar kenapa harus di hapus,7.13399E+18,rosnida.spd8,https://www.tiktok.com/@hai_online/video/7473394493971074311
https://p16-common-sign-sg.tiktokcdn-us.com/tos-alisg-avt-0068/7332608049581916178~tplv-tiktokx-cropcenter:100:100.jpg?dr=9640&refresh_token=82c4f2f6&x-expires=1746172800&x-signature=DuspPoHcUWBgcXDWTWr3ki2SoH4%3D&t=4d5b0474&ps=13740610&shp=30310797&shcp=ff37627b&idc=useast5,7.47444E+18,1740277847,2025-02-23T02:30:47.000Z,1,https://vt.tiktok.com/ZSh8FQbqo/,FALSE,FALSE,,0,https://vt.tiktok.com/ZSh8FQbqo/,"Ngapain KLARIFIKASI emang kenyataan nya Real, masyarakat juga sudah pada Tau!",6.9586E+18,didimulyana369,https://www.tiktok.com/@hai_online/video/7473394493971074311
https://p16-common-sign-useast2a.tiktokcdn-us.com/tos-useast2a-avt-0068-giso/7dd98424cc867ecc66aa2c2d1f963330~tplv-tiktokx-cropcenter:100:100.jpg?dr=9640&refresh_token=8cfcfd5d&x-expires=1746172800&x-signature=WBDRLLIC%2FPdBttSB9WLE%2BcrrPh0%3D&t=4d5b0474&ps=13740610&shp=30310797&shcp=ff37627b&idc=useast5,7.47444E+18,1740277592,2025-02-23T02:26:32.000Z,1,https://vt.tiktok.com/ZSh8FQbqo/,FALSE,FALSE,,0,https://vt.tiktok.com/ZSh8FQbqo/,"@kay_khans:inget alm.bokap dulu pulang kerja ketilang krna gatau lampunya depannya mati. polisi ga prcya bokap gada duit, akhirnya bokap terpaksa buka dompet yg tinggal 20ribu, ttep aja diambil2 juga",6.84597E+18,kay_khans,https://www.tiktok.com/@hai_online/video/7473394493971074311
https://p19-common-sign-va.tiktokcdn-us.com/tos-maliva-avt-0068/f803dbe88dda6f67307299acff2a6ea8~tplv-tiktokx-cropcenter:100:100.jpg?dr=9640&refresh_token=77a0b542&x-expires=1746172800&x-signature=K81cAXqcWWICR95rUI%2FZfHTUYeM%3D&t=4d5b0474&ps=13740610&shp=30310797&shcp=ff37627b&idc=useast5,7.47443E+18,1740277351,2025-02-23T02:22:31.000Z,1,https://vt.tiktok.com/ZSh8FQbqo/,FALSE,FALSE,,0,https://vt.tiktok.com/ZSh8FQbqo/,kalian meyuarakan 100% fakta,6.95441E+18,moncoz13,https://www.tiktok.com/@hai_online/video/7473394493971074311
https://p16-common-sign-va.tiktokcdn-us.com/tos-maliva-avt-0068/245136f0a82c6c34cb059253643956bf~tplv-tiktokx-cropcenter:100:100.jpg?dr=9640&refresh_token=28270661&x-expires=1746172800&x-signature=BJGqYNMPYmNET5%2BLzxB3%2FHHmPwg%3D&t=4d5b0474&ps=13740610&shp=30310797&shcp=ff37627b&idc=useast5,7.47443E+18,1740277114,2025-02-23T02:18:34.000Z,1,https://vt.tiktok.com/ZSh8FQbqo/,FALSE,FALSE,,0,https://vt.tiktok.com/ZSh8FQbqo/,Klarifikasi ini bayar dulu gak ya?,6.88737E+18,ragazzi97,https://www.tiktok.com/@hai_online/video/7473394493971074311
https://p16-common-sign-sg.tiktokcdn-us.com/tos-alisg-avt-0068/05170b8ccdcb136fbd4a1a9a10cc2ef6~tplv-tiktokx-cropcenter:100:100.jpg?dr=9640&refresh_token=152fdeb8&x-expires=1746172800&x-signature=qAjAL2EWL6RTM%2FO0nA%2FKyyH4db8%3D&t=4d5b0474&ps=13740610&shp=30310797&shcp=ff37627b&idc=useast5,7.47443E+18,1740276981,2025-02-23T02:16:21.000Z,1,https://vt.tiktok.com/ZSh8FQbqo/,FALSE,FALSE,,0,https://vt.tiktok.com/ZSh8FQbqo/,"pak kapolri aja ktnya gak masalah, artinya jangan berhenti utk terus nyanyi lagi bayar tiga kali.",7.3519E+18,mecca.skywalker,https://www.tiktok.com/@hai_online/video/7473394493971074311
https://p16-common-sign-va.tiktokcdn-us.com/musically-maliva-obj/1594805258216454~tplv-tiktokx-cropcenter:100:100.jpg?dr=9640&refresh_token=8a29684a&x-expires=1746172800&x-signature=7DZto9hg0aqFDqq0kULxMSzQbEQ%3D&t=4d5b0474&ps=13740610&shp=30310797&shcp=ff37627b&idc=useast5,7.47443E+18,1740276724,2025-02-23T02:12:04.000Z,1,https://vt.tiktok.com/ZSh8FQbqo/,FALSE,FALSE,,0,https://vt.tiktok.com/ZSh8FQbqo/,lagian... jujur bener 😁🤣,7.21304E+18,metta..bhavana,https://www.tiktok.com/@hai_online/video/7473394493971074311
https://p16-common-sign-va.tiktokcdn-us.com/tos-maliva-avt-0068/fbfd136e01c22e1d0b7b8e5536833564~tplv-tiktokx-cropcenter:100:100.jpg?dr=9640&refresh_token=d5909a98&x-expires=1746172800&x-signature=%2BC2Am8KtC2CblmepEkyYS8sUJtM%3D&t=4d5b0474&ps=13740610&shp=30310797&shcp=ff37627b&idc=useast5,7.47443E+18,1740276445,2025-02-23T02:07:25.000Z,1,https://vt.tiktok.com/ZSh8FQbqo/,FALSE,FALSE,,0,https://vt.tiktok.com/ZSh8FQbqo/,nonton tiktok bayar polisi,6.86481E+18,cari_cuan255,https://www.tiktok.com/@hai_online/video/7473394493971074311
https://p16-common-sign-useast2a.tiktokcdn-us.com/tos-useast2a-avt-0068-giso/345241df5f42e6ee138481105b543820~tplv-tiktokx-cropcenter:100:100.jpg?dr=9640&refresh_token=0eb182d8&x-expires=1746172800&x-signature=6qXfMJKQW%2FCzU7U3JABTkrfbxl8%3D&t=4d5b0474&ps=13740610&shp=30310797&shcp=ff37627b&idc=useast5,7.47427E+18,1740238961,2025-02-22T15:42:41.000Z,1,https://vt.tiktok.com/ZSh8FQbqo/,FALSE,FALSE,,0,https://vt.tiktok.com/ZSh8FQbqo/,PADAHAL AKU SUKA SEKALI LAGUNYA,7.11497E+18,irwantodedy932,https://www.tiktok.com/@hai_online/video/7473394493971074311
https://p16-common-sign-va.tiktokcdn-us.com/tos-maliva-avt-0068/9cc060144f54a87789ae5954eeba0e06~tplv-tiktokx-cropcenter:100:100.jpg?dr=9640&refresh_token=91de8c01&x-expires=1746172800&x-signature=TkeRz5YJi%2BOdggJzd%2B5ybyO7gWA%3D&t=4d5b0474&ps=13740610&shp=30310797&shcp=ff37627b&idc=useast5,7.47427E+18,1740238805,2025-02-22T15:40:05.000Z,1,https://vt.tiktok.com/ZSh8FQbqo/,FALSE,FALSE,,0,https://vt.tiktok.com/ZSh8FQbqo/,terimakasih kak sudah mewakili,7.18963E+18,aconglok,https://www.tiktok.com/@hai_online/video/7473394493971074311
https://p16-common-sign-sg.tiktokcdn-us.com/tos-alisg-avt-0068/0964b1cf0d144b8c8e4b63ff156ad161~tplv-tiktokx-cropcenter:100:100.jpg?dr=9640&refresh_token=073ec09e&x-expires=1746172800&x-signature=VMBrpunkKkzftIZs55wh67JFhr4%3D&t=4d5b0474&ps=13740610&shp=30310797&shcp=ff37627b&idc=useast5,7.47427E+18,1740238696,2025-02-22T15:38:16.000Z,1,https://vt.tiktok.com/ZSh8FQbqo/,FALSE,FALSE,,0,https://vt.tiktok.com/ZSh8FQbqo/,negara macam apa ini?,6.60175E+18,nicholll22,https://www.tiktok.com/@hai_online/video/7473394493971074311
https://p19-common-sign-sg.tiktokcdn-us.com/tos-alisg-avt-0068/9f5c570d14cec0857ff60b4ae5c83389~tplv-tiktokx-cropcenter:100:100.jpg?dr=9640&refresh_token=2309080a&x-expires=1746172800&x-signature=Q6PhdSkHhAovyb%2BJOyIocyeynME%3D&t=4d5b0474&ps=13740610&shp=30310797&shcp=ff37627b&idc=useast5,7.47427E+18,1740238472,2025-02-22T15:34:32.000Z,1,https://vt.tiktok.com/ZSh8FQbqo/,FALSE,FALSE,,0,https://vt.tiktok.com/ZSh8FQbqo/,padahal bener,6.55235E+18,damaraarraffi,https://www.tiktok.com/@hai_online/video/7473394493971074311
https://p16-common-sign-va.tiktokcdn-us.com/tos-maliva-avt-0068/a673001e94f4dc0d54ec2f53dbe12629~tplv-tiktokx-cropcenter:100:100.jpg?dr=9640&refresh_token=3d13a60f&x-expires=1746172800&x-signature=Uo4GvtY7ve7ndLUK2QLUtKNMOyQ%3D&t=4d5b0474&ps=13740610&shp=30310797&shcp=ff37627b&idc=useast5,7.47427E+18,1740238286,2025-02-22T15:31:26.000Z,1,https://vt.tiktok.com/ZSh8FQbqo/,FALSE,FALSE,,0,https://vt.tiktok.com/ZSh8FQbqo/,"Mau manggung, bayar polisi",6.78966E+18,masdeta26,https://www.tiktok.com/@hai_online/video/7473394493971074311
https://p16-common-sign-va.tiktokcdn-us.com/tos-maliva-avt-0068/ee5feb8c7dc56d68b9a0ffd402eb7677~tplv-tiktokx-cropcenter:100:100.jpg?dr=9640&refresh_token=209807c4&x-expires=1746172800&x-signature=onmHzDGJUoz6XzG8sd4GGMZhBs8%3D&t=4d5b0474&ps=13740610&shp=30310797&shcp=ff37627b&idc=useast5,7.47426E+18,1740237839,2025-02-22T15:23:59.000Z,1,https://vt.tiktok.com/ZSh8FQbqo/,FALSE,FALSE,,0,https://vt.tiktok.com/ZSh8FQbqo/,"kami bersama sukatani, bayar bayar bayar",6.90918E+18,ekyfauzi_,https://www.tiktok.com/@hai_online/video/7473394493971074311
https://p16-common-sign-sg.tiktokcdn-us.com/tos-alisg-avt-0068/efe7f9ce1231e5a20902795c5dc98bf6~tplv-tiktokx-cropcenter:100:100.jpg?dr=9640&refresh_token=a783a0df&x-expires=1746172800&x-signature=x0mBajD5b582XOQViRLnc4zmFvY%3D&t=4d5b0474&ps=13740610&shp=30310797&shcp=ff37627b&idc=useast5,7.47426E+18,1740237679,2025-02-22T15:21:19.000Z,1,https://vt.tiktok.com/ZSh8FQbqo/,FALSE,FALSE,,0,https://vt.tiktok.com/ZSh8FQbqo/,"NGAPAIN DI HAPUS,,MEMANG FAKTA...",7.3597E+18,okka.hadi,https://www.tiktok.com/@hai_online/video/7473394493971074311
https://p16-common-sign-sg.tiktokcdn-us.com/tos-alisg-avt-0068/b22fec7b80a62785a84516c2ef92044f~tplv-tiktokx-cropcenter:100:100.jpg?dr=9640&refresh_token=7594a8ef&x-expires=1746172800&x-signature=ADsbIdN4QMGs%2F62Kx%2FukVlNN6%2BE%3D&t=4d5b0474&ps=13740610&shp=30310797&shcp=ff37627b&idc=useast5,7.47426E+18,1740237044,2025-02-22T15:10:44.000Z,1,https://vt.tiktok.com/ZSh8FQbqo/,FALSE,FALSE,,0,https://vt.tiktok.com/ZSh8FQbqo/,lagu bayar bayar bayar tidak akan tercipta jika realitanya tidak ada,6.96429E+18,suararakyat54,https://www.tiktok.com/@hai_online/video/7473394493971074311
https://p16-common-sign-sg.tiktokcdn-us.com/tos-alisg-avt-0068/df02d59d24e39cc2fc3e536924ca2620~tplv-tiktokx-cropcenter:100:100.jpg?dr=9640&refresh_token=5ffe99c0&x-expires=1746172800&x-signature=Dm%2FhE5quEOPoXfU8NRfUSnHknP8%3D&t=4d5b0474&ps=13740610&shp=30310797&shcp=ff37627b&idc=useast5,7.47426E+18,1740237021,2025-02-22T15:10:21.000Z,1,https://vt.tiktok.com/ZSh8FQbqo/,FALSE,FALSE,,0,https://vt.tiktok.com/ZSh8FQbqo/,"kenapa harus minta maaf, emang kebanyakan oknum nya kek gitu . . 🔥🔥🔥",6.98535E+18,angbabah23,https://www.tiktok.com/@hai_online/video/7473394493971074311
https://p16-common-sign-sg.tiktokcdn-us.com/tos-alisg-avt-0068/570552dfecfacc6bf818eb6828de091c~tplv-tiktokx-cropcenter:100:100.jpg?dr=9640&refresh_token=e15c7e65&x-expires=1746172800&x-signature=VfkNVuzBceaMtShGSj7as1f0Cms%3D&t=4d5b0474&ps=13740610&shp=30310797&shcp=ff37627b&idc=useast5,7.47426E+18,1740235964,2025-02-22T14:52:44.000Z,1,https://vt.tiktok.com/ZSh8FQbqo/,FALSE,FALSE,,0,https://vt.tiktok.com/ZSh8FQbqo/,"Lho Ah , Kok Di Jabut , Bukan Kah Itu Semuanya Benar , Bayar Bayar Bayar 🤗😁",6.97871E+18,cqca610,https://www.tiktok.com/@hai_online/video/7473394493971074311
https://p16-common-sign-sg.tiktokcdn-us.com/tos-alisg-avt-0068/2bdf89c2dcdb0889c643ce13a27df446~tplv-tiktokx-cropcenter:100:100.jpg?dr=9640&refresh_token=1e39852d&x-expires=1746172800&x-signature=A4pCtJjSLxmZbU6NjihwdSfAAIw%3D&t=4d5b0474&ps=13740610&shp=30310797&shcp=ff37627b&idc=useast5,7.47426E+18,1740235807,2025-02-22T14:50:07.000Z,1,https://vt.tiktok.com/ZSh8FQbqo/,FALSE,FALSE,,0,https://vt.tiktok.com/ZSh8FQbqo/,"apa guna banyak baca buku...
kalau mulut kau bungkam melulu....",7.20409E+18,ardtrex,https://www.tiktok.com/@hai_online/video/7473394493971074311
https://p16-common-sign-va.tiktokcdn-us.com/tos-maliva-avt-0068/3bf84b9f0a9b47e72c73e97e1bd26d95~tplv-tiktokx-cropcenter:100:100.jpg?dr=9640&refresh_token=5050349b&x-expires=1746172800&x-signature=ufbUAJDMLPixXO%2FK15WZAbYdtbg%3D&t=4d5b0474&ps=13740610&shp=30310797&shcp=ff37627b&idc=useast5,7.47425E+18,1740235477,2025-02-22T14:44:37.000Z,1,https://vt.tiktok.com/ZSh8FQbqo/,FALSE,FALSE,,0,https://vt.tiktok.com/ZSh8FQbqo/,Ngapain minta maaf kocakk 🗿,7.18814E+18,juliperdana1,https://www.tiktok.com/@hai_online/video/7473394493971074311
https://p16-common-sign-sg.tiktokcdn-us.com/tos-alisg-avt-0068/2af87ca5e9d7231d6e6b11fc83c8b7ef~tplv-tiktokx-cropcenter:100:100.jpg?dr=9640&refresh_token=909bf827&x-expires=1746172800&x-signature=BELkW265uKrhdIuu0lbhLka0L6s%3D&t=4d5b0474&ps=13740610&shp=30310797&shcp=ff37627b&idc=useast5,7.47425E+18,1740235021,2025-02-22T14:37:01.000Z,1,https://vt.tiktok.com/ZSh8FQbqo/,FALSE,FALSE,,0,https://vt.tiktok.com/ZSh8FQbqo/,Apa salahnya kritik polisi emang gak boleh?,6.92188E+18,housekeeping_181,https://www.tiktok.com/@hai_online/video/7473394493971074311
https://p16-common-sign-useast2a.tiktokcdn-us.com/tos-useast2a-avt-0068-giso/a7d21686c5b2706a1653c038d37f2143~tplv-tiktokx-cropcenter:100:100.jpg?dr=9640&refresh_token=f5c6f01b&x-expires=1746172800&x-signature=QzBmhykQ4VLz0mGOZ8cp%2FevFJbY%3D&t=4d5b0474&ps=13740610&shp=30310797&shcp=ff37627b&idc=useast5,7.47425E+18,1740234803,2025-02-22T14:33:23.000Z,1,https://vt.tiktok.com/ZSh8FQbqo/,FALSE,FALSE,,0,https://vt.tiktok.com/ZSh8FQbqo/,minta maaf nya kaya baca...depan meraka ada ancaman,6.81298E+18,rinyhb789,https://www.tiktok.com/@hai_online/video/7473394493971074311
https://p19-common-sign-va.tiktokcdn-us.com/tos-maliva-avt-0068/b1bdf1e4fb4b89aeee10544be6241afd~tplv-tiktokx-cropcenter:100:100.jpg?dr=9640&refresh_token=8c5bac93&x-expires=1746172800&x-signature=nAesktjzBz08XkpmnACqOyrzmSA%3D&t=4d5b0474&ps=13740610&shp=30310797&shcp=ff37627b&idc=useast5,7.47425E+18,1740234655,2025-02-22T14:30:55.000Z,1,https://vt.tiktok.com/ZSh8FQbqo/,FALSE,FALSE,,1,https://vt.tiktok.com/ZSh8FQbqo/,😁,6.89868E+18,gabutbado,https://www.tiktok.com/@hai_online/video/7473394493971074311
https://p16-common-sign-va.tiktokcdn-us.com/tos-maliva-avt-0068/dde6563a4ebbb6c286350551d74c97d1~tplv-tiktokx-cropcenter:100:100.jpg?dr=9640&refresh_token=e55f54de&x-expires=1746172800&x-signature=9su7DJJusvXuHXElwYiGj%2FK%2FEjQ%3D&t=4d5b0474&ps=13740610&shp=30310797&shcp=ff37627b&idc=useast5,7.47425E+18,1740234394,2025-02-22T14:26:34.000Z,1,https://vt.tiktok.com/ZSh8FQbqo/,FALSE,FALSE,,0,https://vt.tiktok.com/ZSh8FQbqo/,ga usah minta maaf....aspirasi bebas mengeluarkan pendapat...kalo aparat merasa..berarti mereka benar nyata😁 kelakuannya,7.45382E+18,vegasus2024farm,https://www.tiktok.com/@hai_online/video/7473394493971074311
https://p16-common-sign-va.tiktokcdn-us.com/tos-maliva-avt-0068/7387570414552530950~tplv-tiktokx-cropcenter:100:100.jpg?dr=9640&refresh_token=c113b41c&x-expires=1746172800&x-signature=jK%2FpHYW6dZs3c2BLYlJA0dsmwtk%3D&t=4d5b0474&ps=13740610&shp=30310797&shcp=ff37627b&idc=useast5,7.47425E+18,1740234246,2025-02-22T14:24:06.000Z,1,https://vt.tiktok.com/ZSh8FQbqo/,FALSE,FALSE,,0,https://vt.tiktok.com/ZSh8FQbqo/,"Lagunya mewakili banget.
Lagu paling jujur harus di apresiasi 👍",7.23306E+18,marshallyudhistir,https://www.tiktok.com/@hai_online/video/7473394493971074311
https://p16-common-sign-va.tiktokcdn-us.com/tos-maliva-avt-0068/701f5bdc7471c8d39bcab86a33ffcec6~tplv-tiktokx-cropcenter:100:100.jpg?dr=9640&refresh_token=cc1dde62&x-expires=1746172800&x-signature=0NollseDUyfTAQfMhCLFMeWLWmk%3D&t=4d5b0474&ps=13740610&shp=30310797&shcp=ff37627b&idc=useast5,7.47425E+18,1740233716,2025-02-22T14:15:16.000Z,1,https://vt.tiktok.com/ZSh8FQbqo/,FALSE,FALSE,,0,https://vt.tiktok.com/ZSh8FQbqo/,kenapa harus minta maaf ?,6.56012E+18,salirodi.s.pd,https://www.tiktok.com/@hai_online/video/7473394493971074311
https://p16-common-sign-sg.tiktokcdn-us.com/tos-alisg-avt-0068/82a7ccad88e4aeed30645ef692bbb670~tplv-tiktokx-cropcenter:100:100.jpg?dr=9640&refresh_token=a01a39e8&x-expires=1746172800&x-signature=qbsdwrBqBotwz28Jr3X9lixlsRc%3D&t=4d5b0474&ps=13740610&shp=30310797&shcp=ff37627b&idc=useast5,7.47424E+18,1740232916,2025-02-22T14:01:56.000Z,1,https://vt.tiktok.com/ZSh8FQbqo/,FALSE,FALSE,,0,https://vt.tiktok.com/ZSh8FQbqo/,lah tersinggung😂😂😂,6.95979E+18,kurapikahxhkillua,https://www.tiktok.com/@hai_online/video/7473394493971074311
https://p19-common-sign-sg.tiktokcdn-us.com/tos-alisg-avt-0068/4975b82eae082d991c99e98b87e4593e~tplv-tiktokx-cropcenter:100:100.jpg?dr=9640&refresh_token=e8ba7c68&x-expires=1746172800&x-signature=uPnQO70S4UQ%2Fab%2BIVn8NchyFsu0%3D&t=4d5b0474&ps=13740610&shp=30310797&shcp=ff37627b&idc=useast5,7.47424E+18,1740232389,2025-02-22T13:53:09.000Z,1,https://vt.tiktok.com/ZSh8FQbqo/,FALSE,FALSE,,0,https://vt.tiktok.com/ZSh8FQbqo/,Gak perlu .. lanjuttkaan,7.32726E+18,swand4ru,https://www.tiktok.com/@hai_online/video/7473394493971074311
https://p16-common-sign-va.tiktokcdn-us.com/tos-maliva-avt-0068/d754d73841fc4a8cc0dd70db99f4d7ab~tplv-tiktokx-cropcenter:100:100.jpg?dr=9640&refresh_token=76166997&x-expires=1746172800&x-signature=2nrq8WcGV0tanJrZvCVOeppd4yQ%3D&t=4d5b0474&ps=13740610&shp=30310797&shcp=ff37627b&idc=useast5,7.47424E+18,1740232060,2025-02-22T13:47:40.000Z,1,https://vt.tiktok.com/ZSh8FQbqo/,FALSE,FALSE,,0,https://vt.tiktok.com/ZSh8FQbqo/,lagu itu mengekspresikan jiwa seni kenapa harus minta maaf.,7.46186E+18,joko.priyanto20,https://www.tiktok.com/@hai_online/video/7473394493971074311
https://p16-common-sign-sg.tiktokcdn-us.com/tos-alisg-avt-0068/04b3d093f8a6af39e4b7af9faed1da6f~tplv-tiktokx-cropcenter:100:100.jpg?dr=9640&refresh_token=a26e0e6e&x-expires=1746172800&x-signature=AuM91VYcT4KFVwFAHrSa6Yo17m8%3D&t=4d5b0474&ps=13740610&shp=30310797&shcp=ff37627b&idc=useast5,7.47424E+18,1740231837,2025-02-22T13:43:57.000Z,1,https://vt.tiktok.com/ZSh8FQbqo/,FALSE,FALSE,,0,https://vt.tiktok.com/ZSh8FQbqo/,"bebas sepuas rakyat Indonesia mengkritik pemerintah,",6.98147E+18,tiktok_olshop_89,https://www.tiktok.com/@hai_online/video/7473394493971074311
https://p16-common-sign-va.tiktokcdn-us.com/tos-maliva-avt-0068/0d82d1e15b16d6bac6b4f09e9739aa38~tplv-tiktokx-cropcenter:100:100.jpg?dr=9640&refresh_token=d1d782bd&x-expires=1746172800&x-signature=AI9%2BP7jJK7ANgNR9QQeZLa27uWU%3D&t=4d5b0474&ps=13740610&shp=30310797&shcp=ff37627b&idc=useast5,7.47424E+18,1740231487,2025-02-22T13:38:07.000Z,1,https://vt.tiktok.com/ZSh8FQbqo/,FALSE,FALSE,,0,https://vt.tiktok.com/ZSh8FQbqo/,gak perlu minta maaf liriknya memang nyata seperti itu di Indonesia,7.25456E+18,irul.prolink,https://www.tiktok.com/@hai_online/video/7473394493971074311
https://p16-common-sign-va.tiktokcdn-us.com/tos-maliva-avt-0068/a0c66ddb372c3693f7cff5caba3d0e93~tplv-tiktokx-cropcenter:100:100.jpg?dr=9640&refresh_token=de3f9781&x-expires=1746172800&x-signature=Hu%2BKQj0RKFc64vSc8J8dQ7mqRyw%3D&t=4d5b0474&ps=13740610&shp=30310797&shcp=ff37627b&idc=useast5,7.47424E+18,1740231036,2025-02-22T13:30:36.000Z,1,https://vt.tiktok.com/ZSh8FQbqo/,FALSE,FALSE,,0,https://vt.tiktok.com/ZSh8FQbqo/,#kamibersamasukatani,7.45117E+18,mhsadptt,https://www.tiktok.com/@hai_online/video/7473394493971074311
https://p16-common-sign-va.tiktokcdn-us.com/tos-maliva-avt-0068/cdd52a3f06ed5c45142e64cf29722e5d~tplv-tiktokx-cropcenter:100:100.jpg?dr=9640&refresh_token=fc30f3a3&x-expires=1746172800&x-signature=23dU4LTRwFJKdTrHq2ae1uDkT3Y%3D&t=4d5b0474&ps=13740610&shp=30310797&shcp=ff37627b&idc=useast5,7.47424E+18,1740231023,2025-02-22T13:30:23.000Z,1,https://vt.tiktok.com/ZSh8FQbqo/,FALSE,FALSE,,0,https://vt.tiktok.com/ZSh8FQbqo/,kALIAN GAK SALAH!! JANGAN MINTAK MAAF,7.27343E+18,shaad.hijab,https://www.tiktok.com/@hai_online/video/7473394493971074311
https://p16-common-sign-useast2a.tiktokcdn-us.com/tos-useast2a-avt-0068-giso/865e1db8b467631d14f6574650e37ad8~tplv-tiktokx-cropcenter:100:100.jpg?dr=9640&refresh_token=3e4c38bf&x-expires=1746172800&x-signature=7jGskigx6snXHGx3PBEWZLzgrOM%3D&t=4d5b0474&ps=13740610&shp=30310797&shcp=ff37627b&idc=useast5,7.47423E+18,1740230927,2025-02-22T13:28:47.000Z,1,https://vt.tiktok.com/ZSh8FQbqo/,FALSE,FALSE,,0,https://vt.tiktok.com/ZSh8FQbqo/,maju trs Sukatani,7.14132E+18,landi.ajaa,https://www.tiktok.com/@hai_online/video/7473394493971074311
https://p16-common-sign-sg.tiktokcdn-us.com/tos-alisg-avt-0068/cac6a0ce0208f922d67999692219fcd2~tplv-tiktokx-cropcenter:100:100.jpg?dr=9640&refresh_token=b18387d7&x-expires=1746172800&x-signature=zvJL9ZzbTJgdDbvU5n%2Ba2Db1DA0%3D&t=4d5b0474&ps=13740610&shp=30310797&shcp=ff37627b&idc=useast5,7.47423E+18,1740230642,2025-02-22T13:24:02.000Z,1,https://vt.tiktok.com/ZSh8FQbqo/,FALSE,FALSE,,0,https://vt.tiktok.com/ZSh8FQbqo/,"gk apa2 minta mf bang yg penting lagu udah liris, memang sprti itu knyataan.👍👍👍",7.36465E+18,digger.ex04,https://www.tiktok.com/@hai_online/video/7473394493971074311
https://p16-common-sign-sg.tiktokcdn-us.com/tos-alisg-avt-0068/99d7dad12e87981e17b8ee81f4bc0393~tplv-tiktokx-cropcenter:100:100.jpg?dr=9640&refresh_token=0b4819b3&x-expires=1746172800&x-signature=bU4AJAa%2BpxscBMhKZ%2F6IkwX7NCk%3D&t=4d5b0474&ps=13740610&shp=30310797&shcp=ff37627b&idc=useast5,7.47423E+18,1740229676,2025-02-22T13:07:56.000Z,1,https://vt.tiktok.com/ZSh8FQbqo/,FALSE,FALSE,,0,https://vt.tiktok.com/ZSh8FQbqo/,"tapi fakta bro,kalo bener ngapain takut!!!!!!!!!
netizen bareng lu",6.8848E+18,ard4ndanuu,https://www.tiktok.com/@hai_online/video/7473394493971074311
https://p16-common-sign-sg.tiktokcdn-us.com/tos-alisg-avt-0068/fb47c8fc1261ecb101b8142cc3b8bbb9~tplv-tiktokx-cropcenter:100:100.jpg?dr=9640&refresh_token=70b4386c&x-expires=1746172800&x-signature=gZnf06ed61EcqpgigoUVtAEW3UM%3D&t=4d5b0474&ps=13740610&shp=30310797&shcp=ff37627b&idc=useast5,7.47423E+18,1740229312,2025-02-22T13:01:52.000Z,1,https://vt.tiktok.com/ZSh8FQbqo/,FALSE,FALSE,,0,https://vt.tiktok.com/ZSh8FQbqo/,🤙,6.96363E+18,sukataniband,https://www.tiktok.com/@hai_online/video/7473394493971074311
https://p16-common-sign-sg.tiktokcdn-us.com/tos-alisg-avt-0068/21e72dc0653cf693235de7c1e775b545~tplv-tiktokx-cropcenter:100:100.jpg?dr=9640&refresh_token=0b6b8fbb&x-expires=1746172800&x-signature=qMRZ09P%2BFVBZAUtMVXcrc%2F%2BVkME%3D&t=4d5b0474&ps=13740610&shp=30310797&shcp=ff37627b&idc=useast5,7.47423E+18,1740229289,2025-02-22T13:01:29.000Z,1,https://vt.tiktok.com/ZSh8FQbqo/,FALSE,FALSE,,0,https://vt.tiktok.com/ZSh8FQbqo/,"knapa harus klarifikasi? kan itu cuma lagu, hasil karya sendiri, trus kan emang bner klau kena tilang harus bayar polisi.",7.12247E+18,akmalloboy,https://www.tiktok.com/@hai_online/video/7473394493971074311
https://p16-common-sign-sg.tiktokcdn-us.com/tos-alisg-avt-0068/c84240eb0cc45d0d2671ffe0cf56eb90~tplv-tiktokx-cropcenter:100:100.jpg?dr=9640&refresh_token=47475989&x-expires=1746172800&x-signature=RCfVGBo0wZC%2FTDEEK0GsEttYfFE%3D&t=4d5b0474&ps=13740610&shp=30310797&shcp=ff37627b&idc=useast5,7.47416E+18,1740213798,2025-02-22T08:43:18.000Z,1,https://vt.tiktok.com/ZSh8FQbqo/,FALSE,FALSE,,0,https://vt.tiktok.com/ZSh8FQbqo/,"bang lu buat lagu lupa bayar loyalti sm yg lu omongin dilirik si, mahkotamu king 💪",7.01321E+18,seleb_drum,https://www.tiktok.com/@hai_online/video/7473394493971074311
https://p16-common-sign-va.tiktokcdn-us.com/tos-maliva-avt-0068/66d4fec6dfe4addb13e58f8c55cd9e84~tplv-tiktokx-cropcenter:100:100.jpg?dr=9640&refresh_token=47ec4860&x-expires=1746172800&x-signature=%2F3UAZ8BVcNqlXGaFpYm%2BCXy%2Bjxw%3D&t=4d5b0474&ps=13740610&shp=30310797&shcp=ff37627b&idc=useast5,7.47416E+18,1740213344,2025-02-22T08:35:44.000Z,1,https://vt.tiktok.com/ZSh8FQbqo/,FALSE,FALSE,,0,https://vt.tiktok.com/ZSh8FQbqo/,polisi = duit,7.34325E+18,abelunoramadhan,https://www.tiktok.com/@hai_online/video/7473394493971074311
https://p16-common-sign-sg.tiktokcdn-us.com/tos-alisg-avt-0068/dd607a2f9b86fce5a5f5c23f02614f1a~tplv-tiktokx-cropcenter:100:100.jpg?dr=9640&refresh_token=4c53bb43&x-expires=1746172800&x-signature=uxtlzL96ORYGtjIYqQcj0gU2QPY%3D&t=4d5b0474&ps=13740610&shp=30310797&shcp=ff37627b&idc=useast5,7.47416E+18,1740212679,2025-02-22T08:24:39.000Z,1,https://vt.tiktok.com/ZSh8FQbqo/,FALSE,FALSE,,0,https://vt.tiktok.com/ZSh8FQbqo/,"wah parah, padahal liriknya fakta semua",7.42786E+18,vvryy11,https://www.tiktok.com/@hai_online/video/7473394493971074311
https://p16-common-sign-useast2a.tiktokcdn-us.com/tos-useast2a-avt-0068-giso/7138102083496575003~tplv-tiktokx-cropcenter:100:100.jpg?dr=9640&refresh_token=fbd95da2&x-expires=1746172800&x-signature=W3N1%2BVqVbpwU0Zptw53uFx4B6yg%3D&t=4d5b0474&ps=13740610&shp=30310797&shcp=ff37627b&idc=useast5,7.47416E+18,1740212591,2025-02-22T08:23:11.000Z,1,https://vt.tiktok.com/ZSh8FQbqo/,FALSE,FALSE,,0,https://vt.tiktok.com/ZSh8FQbqo/,lah orang bikin lagi sei huhuhu,6.99295E+18,bangnaget016,https://www.tiktok.com/@hai_online/video/7473394493971074311
https://p16-common-sign-va.tiktokcdn-us.com/tos-maliva-avt-0068/7356540773947506693~tplv-tiktokx-cropcenter:100:100.jpg?dr=9640&refresh_token=d70be27c&x-expires=1746172800&x-signature=zvemC99TTivVhApmuGn1h1Sx1pY%3D&t=4d5b0474&ps=13740610&shp=30310797&shcp=ff37627b&idc=useast5,7.47415E+18,1740212317,2025-02-22T08:18:37.000Z,1,https://vt.tiktok.com/ZSh8FQbqo/,FALSE,FALSE,,0,https://vt.tiktok.com/ZSh8FQbqo/,ada oknum kayanya nih di belakang yang suruh minta maaf,7.31426E+18,meong8304,https://www.tiktok.com/@hai_online/video/7473394493971074311
https://p16-common-sign-sg.tiktokcdn-us.com/tos-alisg-avt-0068/715d751ee357157108aa1070cd41ae00~tplv-tiktokx-cropcenter:100:100.jpg?dr=9640&refresh_token=67603ac0&x-expires=1746172800&x-signature=hVD32lZUh%2FZ7kCckXAk625OxQqE%3D&t=4d5b0474&ps=13740610&shp=30310797&shcp=ff37627b&idc=useast5,7.47415E+18,1740212198,2025-02-22T08:16:38.000Z,1,https://vt.tiktok.com/ZSh8FQbqo/,FALSE,FALSE,,0,https://vt.tiktok.com/ZSh8FQbqo/,itu fakta kenapa minta maaf,6.9076E+18,marcklok01,https://www.tiktok.com/@hai_online/video/7473394493971074311
https://p16-common-sign-va.tiktokcdn-us.com/tos-maliva-avt-0068/c43ddc868d9cfeee27d8e314560afae3~tplv-tiktokx-cropcenter:100:100.jpg?dr=9640&refresh_token=cac72740&x-expires=1746172800&x-signature=DzogVSs0OxXn16YrlQSJNbDBcPg%3D&t=4d5b0474&ps=13740610&shp=30310797&shcp=ff37627b&idc=useast5,7.47415E+18,1740211977,2025-02-22T08:12:57.000Z,1,https://vt.tiktok.com/ZSh8FQbqo/,FALSE,FALSE,,0,https://vt.tiktok.com/ZSh8FQbqo/,ngapain coba klarifikasi segala,7.14734E+18,ikyy.kheceee,https://www.tiktok.com/@hai_online/video/7473394493971074311
https://p16-common-sign-sg.tiktokcdn-us.com/tos-alisg-avt-0068/e0435e534b1b779c6657e5efecc976ac~tplv-tiktokx-cropcenter:100:100.jpg?dr=9640&refresh_token=7893da8b&x-expires=1746172800&x-signature=rXkYCX77omi6xbLcOOrsWB5Y6Dw%3D&t=4d5b0474&ps=13740610&shp=30310797&shcp=ff37627b&idc=useast5,7.47415E+18,1740211946,2025-02-22T08:12:26.000Z,1,https://vt.tiktok.com/ZSh8FQbqo/,FALSE,FALSE,,0,https://vt.tiktok.com/ZSh8FQbqo/,"Lah kok kan cuma lagu , kalau emng ga pernah di bayar ya kok baper ? 🤣🤣💰💰",6.74388E+18,guzal_jj,https://www.tiktok.com/@hai_online/video/7473394493971074311
https://p16-common-sign-sg.tiktokcdn-us.com/tos-alisg-avt-0068/a7f26fb60bfcfd3277287cfb5f6b7d65~tplv-tiktokx-cropcenter:100:100.jpg?dr=9640&refresh_token=485dbc3f&x-expires=1746172800&x-signature=vh6UUYkKZYv5g%2BrcY4ZLem8TNVo%3D&t=4d5b0474&ps=13740610&shp=30310797&shcp=ff37627b&idc=useast5,7.47415E+18,1740211226,2025-02-22T08:00:26.000Z,1,https://vt.tiktok.com/ZSh8FQbqo/,FALSE,FALSE,,0,https://vt.tiktok.com/ZSh8FQbqo/,hidup Sukatani 😈,7.27378E+18,lalu.hairul,https://www.tiktok.com/@hai_online/video/7473394493971074311
https://p16-common-sign-useast2a.tiktokcdn-us.com/tos-useast2a-avt-0068-giso/caa903d669d9805bf80a41c4e37a387d~tplv-tiktokx-cropcenter:100:100.jpg?dr=9640&refresh_token=8888a994&x-expires=1746172800&x-signature=WkYqZMXNA1szrOCY6qIv9hRM6QU%3D&t=4d5b0474&ps=13740610&shp=30310797&shcp=ff37627b&idc=useast5,7.47415E+18,1740211077,2025-02-22T07:57:57.000Z,1,https://vt.tiktok.com/ZSh8FQbqo/,FALSE,FALSE,,0,https://vt.tiktok.com/ZSh8FQbqo/,"ini negara demokrasi man knapa hrus klarifikasi Hany karna karya yg mengandung kritik, lanjutkan berkarya bro",7.06525E+18,imamyono23,https://www.tiktok.com/@hai_online/video/7473394493971074311
https://p16-common-sign-va.tiktokcdn-us.com/tos-maliva-avt-0068/0d5095fcf7481707119eaf8095fc5f47~tplv-tiktokx-cropcenter:100:100.jpg?dr=9640&refresh_token=cc682978&x-expires=1746172800&x-signature=3yfhTvFnYC5qdkzOJ1PmM4NNOFo%3D&t=4d5b0474&ps=13740610&shp=30310797&shcp=ff37627b&idc=useast5,7.47415E+18,1740210975,2025-02-22T07:56:15.000Z,1,https://vt.tiktok.com/ZSh8FQbqo/,FALSE,FALSE,,0,https://vt.tiktok.com/ZSh8FQbqo/,SAYA DIMANA INII TOLOOOOOONGGGGG🤣,6.95839E+18,hold_on_h24,https://www.tiktok.com/@hai_online/video/7473394493971074311
https://p16-common-sign-va.tiktokcdn-us.com/tos-maliva-avt-0068/f98120f5949028f9f02a4e5e7dcc42e4~tplv-tiktokx-cropcenter:100:100.jpg?dr=9640&refresh_token=12d3a161&x-expires=1746172800&x-signature=lNIR1CwIhqk421F16Z6VTh4MTSQ%3D&t=4d5b0474&ps=13740610&shp=30310797&shcp=ff37627b&idc=useast5,7.47415E+18,1740210625,2025-02-22T07:50:25.000Z,1,https://vt.tiktok.com/ZSh8FQbqo/,FALSE,FALSE,,0,https://vt.tiktok.com/ZSh8FQbqo/,Lagunya Sesuai Fakta kok harus di Klarifikasi ?!?!,7.17198E+18,lukman_bontot81,https://www.tiktok.com/@hai_online/video/7473394493971074311
https://p16-common-sign-sg.tiktokcdn-us.com/tos-alisg-avt-0068/589046694df4539c5ad23a84eacd5ef9~tplv-tiktokx-cropcenter:100:100.jpg?dr=9640&refresh_token=2b175107&x-expires=1746172800&x-signature=Hr4eipOHBohHeX%2FSoRxn9RxNjtc%3D&t=4d5b0474&ps=13740610&shp=30310797&shcp=ff37627b&idc=useast5,7.47415E+18,1740210614,2025-02-22T07:50:14.000Z,1,https://vt.tiktok.com/ZSh8FQbqo/,FALSE,FALSE,,0,https://vt.tiktok.com/ZSh8FQbqo/,"Katanya polisi antikritik, kok pas di kritik lewat seni malah di intimidasi",6.95843E+18,huda43215,https://www.tiktok.com/@hai_online/video/7473394493971074311
https://p16-common-sign-va.tiktokcdn-us.com/tos-maliva-avt-0068/90323a374eb57bec34b269697d36146a~tplv-tiktokx-cropcenter:100:100.jpg?dr=9640&refresh_token=39853f9d&x-expires=1746172800&x-signature=lFfIY6vXxIL5QQbemLl9gbpaXdk%3D&t=4d5b0474&ps=13740610&shp=30310797&shcp=ff37627b&idc=useast5,7.47415E+18,1740210494,2025-02-22T07:48:14.000Z,1,https://vt.tiktok.com/ZSh8FQbqo/,FALSE,FALSE,,0,https://vt.tiktok.com/ZSh8FQbqo/,kami bersama kalian,7.04928E+18,mickdenim,https://www.tiktok.com/@hai_online/video/7473394493971074311
https://p16-common-sign-va.tiktokcdn-us.com/musically-maliva-obj/1594805258216454~tplv-tiktokx-cropcenter:100:100.jpg?dr=9640&refresh_token=8a29684a&x-expires=1746172800&x-signature=7DZto9hg0aqFDqq0kULxMSzQbEQ%3D&t=4d5b0474&ps=13740610&shp=30310797&shcp=ff37627b&idc=useast5,7.47415E+18,1740210293,2025-02-22T07:44:53.000Z,1,https://vt.tiktok.com/ZSh8FQbqo/,FALSE,FALSE,,0,https://vt.tiktok.com/ZSh8FQbqo/,padahal liriknya sesuai dgn fakta yg ada sekarang kok,7.22708E+18,tlaurent73,https://www.tiktok.com/@hai_online/video/7473394493971074311
https://p16-common-sign-sg.tiktokcdn-us.com/tos-alisg-avt-0068/277b2ca187b8b0d3dca7ea875617333d~tplv-tiktokx-cropcenter:100:100.jpg?dr=9640&refresh_token=5685131e&x-expires=1746172800&x-signature=Xsm2blIG2F0boJzqojwgt5UN96Y%3D&t=4d5b0474&ps=13740610&shp=30310797&shcp=ff37627b&idc=useast5,7.47415E+18,1740210243,2025-02-22T07:44:03.000Z,1,https://vt.tiktok.com/ZSh8FQbqo/,FALSE,FALSE,,0,https://vt.tiktok.com/ZSh8FQbqo/,kok minta maaf,7.10638E+18,yunida970,https://www.tiktok.com/@hai_online/video/7473394493971074311
https://p16-common-sign-sg.tiktokcdn-us.com/tos-alisg-avt-0068/a8e944423e41c99c9a4475eabf1f3d7f~tplv-tiktokx-cropcenter:100:100.jpg?dr=9640&refresh_token=41cb28b2&x-expires=1746172800&x-signature=HuFVq5pPByGwlHwoJLgpZwOdwTQ%3D&t=4d5b0474&ps=13740610&shp=30310797&shcp=ff37627b&idc=useast5,7.47415E+18,1740210018,2025-02-22T07:40:18.000Z,1,https://vt.tiktok.com/ZSh8FQbqo/,FALSE,FALSE,,0,https://vt.tiktok.com/ZSh8FQbqo/,pokonya trimakasih sudah mewakili masyarakat indonesia💪,6.63173E+18,dedescacakey,https://www.tiktok.com/@hai_online/video/7473394493971074311
https://p16-common-sign-sg.tiktokcdn-us.com/tos-alisg-avt-0068/ba15dfd7953ea722d0c1539779df1fae~tplv-tiktokx-cropcenter:100:100.jpg?dr=9640&refresh_token=572d5c09&x-expires=1746172800&x-signature=ENlcWm3C5NRXkNyFNPzYIVBi7U8%3D&t=4d5b0474&ps=13740610&shp=30310797&shcp=ff37627b&idc=useast5,7.47414E+18,1740209915,2025-02-22T07:38:35.000Z,1,https://vt.tiktok.com/ZSh8FQbqo/,FALSE,FALSE,,0,https://vt.tiktok.com/ZSh8FQbqo/,PADAHAL SMUA LIRIK BENAR.... DI NEGARA KONOHA EMANG YG NENAR YG HARUS MINTA MAAF..... YG STUJU FOLLOW SAYA DAN LIKE.... 👏🙏🏻,7.31475E+18,kere.horrre,https://www.tiktok.com/@hai_online/video/7473394493971074311
https://p16-common-sign-sg.tiktokcdn-us.com/tos-alisg-avt-0068/f8253443543397701761b05fbcb55c34~tplv-tiktokx-cropcenter:100:100.jpg?dr=9640&refresh_token=03c1505b&x-expires=1746172800&x-signature=hV2PV0O3sgI2x8O8Tno61dISfR0%3D&t=4d5b0474&ps=13740610&shp=30310797&shcp=ff37627b&idc=useast5,7.47414E+18,1740209907,2025-02-22T07:38:27.000Z,1,https://vt.tiktok.com/ZSh8FQbqo/,FALSE,FALSE,,0,https://vt.tiktok.com/ZSh8FQbqo/,kan Fakta kenapa di klarifikasi Pak?,7.38653E+18,masihygsama123,https://www.tiktok.com/@hai_online/video/7473394493971074311
https://p16-common-sign-sg.tiktokcdn-us.com/tos-alisg-avt-0068/bbe6b080f538f4c21aac62690b66134b~tplv-tiktokx-cropcenter:100:100.jpg?dr=9640&refresh_token=8017a632&x-expires=1746172800&x-signature=m2S1HilQLxhgSeqCUBxEc68x6ks%3D&t=4d5b0474&ps=13740610&shp=30310797&shcp=ff37627b&idc=useast5,7.47414E+18,1740209862,2025-02-22T07:37:42.000Z,1,https://vt.tiktok.com/ZSh8FQbqo/,FALSE,FALSE,,0,https://vt.tiktok.com/ZSh8FQbqo/,kami bersama sukatani,6.95846E+18,ariefwibisono5,https://www.tiktok.com/@hai_online/video/7473394493971074311
https://p16-common-sign-va.tiktokcdn-us.com/tos-maliva-avt-0068/63ec60edf7a394e67ae3fe2dd6323818~tplv-tiktokx-cropcenter:100:100.jpg?dr=9640&refresh_token=1e95ee73&x-expires=1746172800&x-signature=lI9d2%2BKDY6t%2BHSnVl3uE1dsTgQ4%3D&t=4d5b0474&ps=13740610&shp=30310797&shcp=ff37627b&idc=useast5,7.47414E+18,1740209821,2025-02-22T07:37:01.000Z,1,https://vt.tiktok.com/ZSh8FQbqo/,FALSE,FALSE,,0,https://vt.tiktok.com/ZSh8FQbqo/,Jen bener kok omonganmu ngopo dadak minta maaf,7.2083E+18,4sritttttttt,https://www.tiktok.com/@hai_online/video/7473394493971074311
https://p16-common-sign-va.tiktokcdn-us.com/tos-maliva-avt-0068/ad11afed692c82c3e36ed1781ba6be0a~tplv-tiktokx-cropcenter:100:100.jpg?dr=9640&refresh_token=153d0b6c&x-expires=1746172800&x-signature=DkOmwfEx2ujs9CxKxj8pg1oJ6uY%3D&t=4d5b0474&ps=13740610&shp=30310797&shcp=ff37627b&idc=useast5,7.47414E+18,1740209817,2025-02-22T07:36:57.000Z,1,https://vt.tiktok.com/ZSh8FQbqo/,FALSE,FALSE,,0,https://vt.tiktok.com/ZSh8FQbqo/,teruslah berkarya mewakili keresahan rakyat,6.83605E+18,kismanmanggepalu,https://www.tiktok.com/@hai_online/video/7473394493971074311
https://p16-common-sign-va.tiktokcdn-us.com/tos-maliva-avt-0068/07c131380657ce0a210d4746e4e98189~tplv-tiktokx-cropcenter:100:100.jpg?dr=9640&refresh_token=50bc92de&x-expires=1746172800&x-signature=RfFkNQ4nWmOF0eMSPvMnA1N3qIk%3D&t=4d5b0474&ps=13740610&shp=30310797&shcp=ff37627b&idc=useast5,7.47414E+18,1740209388,2025-02-22T07:29:48.000Z,1,https://vt.tiktok.com/ZSh8FQbqo/,FALSE,FALSE,,0,https://vt.tiktok.com/ZSh8FQbqo/,INTIMIDASI BERKEDOK KLARIFIKASI,6.93683E+18,.khem_khaeng,https://www.tiktok.com/@hai_online/video/7473394493971074311
https://p16-common-sign-sg.tiktokcdn-us.com/tos-alisg-avt-0068/f1ddc6a9f1af2aa26f082ec14e855767~tplv-tiktokx-cropcenter:100:100.jpg?dr=9640&refresh_token=63016e16&x-expires=1746172800&x-signature=kF31tEGjJa8vGGiDVJo5fR61oMU%3D&t=4d5b0474&ps=13740610&shp=30310797&shcp=ff37627b&idc=useast5,7.47414E+18,1740209066,2025-02-22T07:24:26.000Z,1,https://vt.tiktok.com/ZSh8FQbqo/,FALSE,FALSE,,0,https://vt.tiktok.com/ZSh8FQbqo/,Emang beneeer 🤣🤣🤣🤣 ngapain minga maaf,6.91026E+18,khairuzzaman_26,https://www.tiktok.com/@hai_online/video/7473394493971074311
https://p16-common-sign-sg.tiktokcdn-us.com/tos-alisg-avt-0068/a322bbbef1f2493dab1c2131b4382875~tplv-tiktokx-cropcenter:100:100.jpg?dr=9640&refresh_token=a2a6bdf0&x-expires=1746172800&x-signature=EMgQEyA%2BkQ%2BqE9m%2FlA09G2pIC%2Fc%3D&t=4d5b0474&ps=13740610&shp=30310797&shcp=ff37627b&idc=useast5,7.47414E+18,1740209042,2025-02-22T07:24:02.000Z,1,https://vt.tiktok.com/ZSh8FQbqo/,FALSE,FALSE,,0,https://vt.tiktok.com/ZSh8FQbqo/,Indonesia Negara Demokrasi🤡,7.05531E+18,xharmane1,https://www.tiktok.com/@hai_online/video/7473394493971074311
https://p16-common-sign-sg.tiktokcdn-us.com/tos-alisg-avt-0068/8bc236ac5216b06ed39ab22ff1d15ee3~tplv-tiktokx-cropcenter:100:100.jpg?dr=9640&refresh_token=53ec0e6d&x-expires=1746172800&x-signature=7H65DUWT4R2gfRUHX7ZNqV4kySw%3D&t=4d5b0474&ps=13740610&shp=30310797&shcp=ff37627b&idc=useast5,7.47414E+18,1740208749,2025-02-22T07:19:09.000Z,1,https://vt.tiktok.com/ZSh8FQbqo/,FALSE,FALSE,,0,https://vt.tiktok.com/ZSh8FQbqo/,lah emang bener,7.45913E+18,edialimr,https://www.tiktok.com/@hai_online/video/7473394493971074311
https://p16-common-sign-sg.tiktokcdn-us.com/tos-alisg-avt-0068/34aa4455a0ef7630eba6dbf7e1dd2794~tplv-tiktokx-cropcenter:100:100.jpg?dr=9640&refresh_token=b2f6c736&x-expires=1746172800&x-signature=VfEJQzsQxjLWydF%2Fq66X7Up0UqM%3D&t=4d5b0474&ps=13740610&shp=30310797&shcp=ff37627b&idc=useast5,7.47414E+18,1740208396,2025-02-22T07:13:16.000Z,1,https://vt.tiktok.com/ZSh8FQbqo/,FALSE,FALSE,,0,https://vt.tiktok.com/ZSh8FQbqo/,sukatani dipaksa suka polisi🤣,6.96033E+18,mhmmdrfk,https://www.tiktok.com/@hai_online/video/7473394493971074311
https://p16-common-sign-sg.tiktokcdn-us.com/tos-alisg-avt-0068/2e10c832b2b53293c2dd22534ec99309~tplv-tiktokx-cropcenter:100:100.jpg?dr=9640&refresh_token=96548c10&x-expires=1746172800&x-signature=qCY5ulxWTcgyOhCF1RnRDhE%2F1wk%3D&t=4d5b0474&ps=13740610&shp=30310797&shcp=ff37627b&idc=useast5,7.47414E+18,1740208306,2025-02-22T07:11:46.000Z,1,https://vt.tiktok.com/ZSh8FQbqo/,FALSE,FALSE,,0,https://vt.tiktok.com/ZSh8FQbqo/,klarifikasi nya pasti bayar,7.07546E+18,fadelan1001,https://www.tiktok.com/@hai_online/video/7473394493971074311
https://p16-common-sign-sg.tiktokcdn-us.com/tos-alisg-avt-0068/e3aa669f256acddac1982480bed6b79d~tplv-tiktokx-cropcenter:100:100.jpg?dr=9640&refresh_token=5aaeb885&x-expires=1746172800&x-signature=k86BUL7cBvuCo8aWfkcW%2FLpMfeM%3D&t=4d5b0474&ps=13740610&shp=30310797&shcp=ff37627b&idc=useast5,7.47414E+18,1740207908,2025-02-22T07:05:08.000Z,1,https://vt.tiktok.com/ZSh8FQbqo/,FALSE,FALSE,,0,https://vt.tiktok.com/ZSh8FQbqo/,"Tapi kenyataannya dan fakta loh, knpa hrs klarifikasi yakk??",7.29132E+18,sii.prass,https://www.tiktok.com/@hai_online/video/7473394493971074311
https://p16-common-sign-sg.tiktokcdn-us.com/tos-alisg-avt-0068/6006a58dd46dd1ccd119eab8cfba8169~tplv-tiktokx-cropcenter:100:100.jpg?dr=9640&refresh_token=1c4a101b&x-expires=1746172800&x-signature=VB6%2BOx6yoXqkdHfFm1H73lXy13I%3D&t=4d5b0474&ps=13740610&shp=30310797&shcp=ff37627b&idc=useast5,7.47413E+18,1740207510,2025-02-22T06:58:30.000Z,1,https://vt.tiktok.com/ZSh8FQbqo/,FALSE,FALSE,,0,https://vt.tiktok.com/ZSh8FQbqo/,ngapain minta maaf itu lugu memang benar kok,7.37247E+18,dayat24674210580028,https://www.tiktok.com/@hai_online/video/7473394493971074311
https://p19-common-sign-useast2a.tiktokcdn-us.com/tos-useast2a-avt-0068-giso/71b8ca7e2212d586c84d6093f77e760b~tplv-tiktokx-cropcenter:100:100.jpg?dr=9640&refresh_token=15b6966b&x-expires=1746172800&x-signature=E7r7yBDo%2FfocpFkha6%2BfHnmKKoM%3D&t=4d5b0474&ps=13740610&shp=30310797&shcp=ff37627b&idc=useast5,7.47406E+18,1740190323,2025-02-22T02:12:03.000Z,1,https://vt.tiktok.com/ZSh8FQbqo/,FALSE,FALSE,,0,https://vt.tiktok.com/ZSh8FQbqo/,"wkwkwk, biarin klarifikasi tapi udah terlanjur viral dan akan jadi kolase di 2025",6.56767E+18,ysf.effendi,https://www.tiktok.com/@hai_online/video/7473394493971074311
https://p19-common-sign-useast2a.tiktokcdn-us.com/tos-useast2a-avt-0068-giso/7066012046524940314~tplv-tiktokx-cropcenter:100:100.jpg?dr=9640&refresh_token=c6712d61&x-expires=1746172800&x-signature=yZOq9JP8orXiWCNUt6opZEw%2FQ48%3D&t=4d5b0474&ps=13740610&shp=30310797&shcp=ff37627b&idc=useast5,7.47406E+18,1740190182,2025-02-22T02:09:42.000Z,1,https://vt.tiktok.com/ZSh8FQbqo/,FALSE,FALSE,,0,https://vt.tiktok.com/ZSh8FQbqo/,nga usah minta maaf kritik itu ud di izinin kapolri ud jd sahabat kapolri,7.00598E+18,eddyef99,https://www.tiktok.com/@hai_online/video/7473394493971074311
https://p16-common-sign-va.tiktokcdn-us.com/musically-maliva-obj/1594805258216454~tplv-tiktokx-cropcenter:100:100.jpg?dr=9640&refresh_token=8a29684a&x-expires=1746172800&x-signature=7DZto9hg0aqFDqq0kULxMSzQbEQ%3D&t=4d5b0474&ps=13740610&shp=30310797&shcp=ff37627b&idc=useast5,7.47406E+18,1740189565,2025-02-22T01:59:25.000Z,1,https://vt.tiktok.com/ZSh8FQbqo/,FALSE,FALSE,,0,https://vt.tiktok.com/ZSh8FQbqo/,ngapain minta maaf.. emang itu bener kooo,7.3495E+18,zeyeng551,https://www.tiktok.com/@hai_online/video/7473394493971074311
https://p16-common-sign-va.tiktokcdn-us.com/tos-maliva-avt-0068/d77375ecce5ac2ba3e6828d26afa93f2~tplv-tiktokx-cropcenter:100:100.jpg?dr=9640&refresh_token=ae77015e&x-expires=1746172800&x-signature=ccGVXp27ueFQcdvy%2F40P8cZdJis%3D&t=4d5b0474&ps=13740610&shp=30310797&shcp=ff37627b&idc=useast5,7.47406E+18,1740189298,2025-02-22T01:54:58.000Z,1,https://vt.tiktok.com/ZSh8FQbqo/,FALSE,FALSE,,0,https://vt.tiktok.com/ZSh8FQbqo/,"""sama pejabat tunduk
sama lagu takut""",7.14657E+18,husni6614,https://www.tiktok.com/@hai_online/video/7473394493971074311
https://p16-common-sign-va.tiktokcdn-us.com/tos-maliva-avt-0068/36474b3428439ed2658eeb8679f06c5d~tplv-tiktokx-cropcenter:100:100.jpg?dr=9640&refresh_token=652508ac&x-expires=1746172800&x-signature=u6UOnKHd6JLMpS42Dpw5PYaMxWE%3D&t=4d5b0474&ps=13740610&shp=30310797&shcp=ff37627b&idc=useast5,7.47406E+18,1740189082,2025-02-22T01:51:22.000Z,1,https://vt.tiktok.com/ZSh8FQbqo/,FALSE,FALSE,,0,https://vt.tiktok.com/ZSh8FQbqo/,fakta fakta fakta,7.09568E+18,syahrul.razi.80,https://www.tiktok.com/@hai_online/video/7473394493971074311
https://p16-common-sign-useast2a.tiktokcdn-us.com/tos-useast2a-avt-0068-giso/3fdcb75405a82497d3334e16f1c4b057~tplv-tiktokx-cropcenter:100:100.jpg?dr=9640&refresh_token=f2455dff&x-expires=1746172800&x-signature=rJe6jbjBTm1%2FRFmKlZg%2Fm%2FBaL4M%3D&t=4d5b0474&ps=13740610&shp=30310797&shcp=ff37627b&idc=useast5,7.47405E+18,1740188654,2025-02-22T01:44:14.000Z,1,https://vt.tiktok.com/ZSh8FQbqo/,FALSE,FALSE,,0,https://vt.tiktok.com/ZSh8FQbqo/,"jangan mau minta maaf bro, itu udah bener",7.09375E+18,kangkarmen15,https://www.tiktok.com/@hai_online/video/7473394493971074311
https://p16-common-sign-va.tiktokcdn-us.com/tos-maliva-avt-0068/5bc7091a1da021a9658189935f3d3eb1~tplv-tiktokx-cropcenter:100:100.jpg?dr=9640&refresh_token=50ef65d7&x-expires=1746172800&x-signature=01Y9Pep1hcoSJEZyA%2BRFrgBM7ZA%3D&t=4d5b0474&ps=13740610&shp=30310797&shcp=ff37627b&idc=useast5,7.47405E+18,1740188115,2025-02-22T01:35:15.000Z,1,https://vt.tiktok.com/ZSh8FQbqo/,FALSE,FALSE,,0,https://vt.tiktok.com/ZSh8FQbqo/,kesalahan mereka karna Gak Bayar Polisi,7.36136E+18,user2785997929810,https://www.tiktok.com/@hai_online/video/7473394493971074311
https://p16-common-sign-va.tiktokcdn-us.com/tos-maliva-avt-0068/9711dc855e420eed8d729760cca18e49~tplv-tiktokx-cropcenter:100:100.jpg?dr=9640&refresh_token=c5ea9525&x-expires=1746172800&x-signature=zmk51XU7Hcrt4473a%2FSO8D565A4%3D&t=4d5b0474&ps=13740610&shp=30310797&shcp=ff37627b&idc=useast5,7.47404E+18,1740186732,2025-02-22T01:12:12.000Z,1,https://vt.tiktok.com/ZSh8FQbqo/,FALSE,FALSE,,0,https://vt.tiktok.com/ZSh8FQbqo/,#kamibersamasukatani,6.97109E+18,kuy4871,https://www.tiktok.com/@hai_online/video/7473394493971074311
https://p16-common-sign-useast2a.tiktokcdn-us.com/tos-useast2a-avt-0068-giso/7165034678703882266~tplv-tiktokx-cropcenter:100:100.jpg?dr=9640&refresh_token=b67f8ea9&x-expires=1746172800&x-signature=J6Br5bCYsOZ%2FuFA%2BoTGU%2FI%2FAdSU%3D&t=4d5b0474&ps=13740610&shp=30310797&shcp=ff37627b&idc=useast5,7.47404E+18,1740186272,2025-02-22T01:04:32.000Z,1,https://vt.tiktok.com/ZSh8FQbqo/,FALSE,FALSE,,0,https://vt.tiktok.com/ZSh8FQbqo/,emang fakta,7.03741E+18,abiyanaflin,https://www.tiktok.com/@hai_online/video/7473394493971074311
https://p16-common-sign-sg.tiktokcdn-us.com/tos-alisg-avt-0068/ebe9e8ba2bf95ab0bf5eaa4a79bd8a61~tplv-tiktokx-cropcenter:100:100.jpg?dr=9640&refresh_token=3906dd35&x-expires=1746172800&x-signature=Wx9MvKM4L8ktKQya6MJzFLnoHoQ%3D&t=4d5b0474&ps=13740610&shp=30310797&shcp=ff37627b&idc=useast5,7.47404E+18,1740186245,2025-02-22T01:04:05.000Z,1,https://vt.tiktok.com/ZSh8FQbqo/,FALSE,FALSE,,0,https://vt.tiktok.com/ZSh8FQbqo/,"INI MAH GAPERLU KLARIFIKASI,EMANG FAKTANYA GITUU GIMANA SI,DI INTIMIDASI DOANG INI",6.82625E+18,feelsgonnabe,https://www.tiktok.com/@hai_online/video/7473394493971074311
https://p16-common-sign-va.tiktokcdn-us.com/tos-maliva-avt-0068/bd7a57a45cd8ea737acd739bdffa9e46~tplv-tiktokx-cropcenter:100:100.jpg?dr=9640&refresh_token=96b50005&x-expires=1746172800&x-signature=u%2Bcb2KS7oiLCAe191oJ0ziLusUo%3D&t=4d5b0474&ps=13740610&shp=30310797&shcp=ff37627b&idc=useast5,7.47404E+18,1740185969,2025-02-22T00:59:29.000Z,1,https://vt.tiktok.com/ZSh8FQbqo/,FALSE,FALSE,,0,https://vt.tiktok.com/ZSh8FQbqo/,"knpa minta maaf , presiden' aja di omongin diem aja . karena ga salah .
kalau polisi kesinggung berati benar mereka harus di bayar setiap ada apapa",6.88207E+18,the_guardians01,https://www.tiktok.com/@hai_online/video/7473394493971074311
https://p19-common-sign-va.tiktokcdn-us.com/tos-maliva-avt-0068/7b22e222e0f9eb9986765585727e25f0~tplv-tiktokx-cropcenter:100:100.jpg?dr=9640&refresh_token=5076edfc&x-expires=1746172800&x-signature=kot%2FLxwhvxsxnM%2Fsz%2BPixQbC3CY%3D&t=4d5b0474&ps=13740610&shp=30310797&shcp=ff37627b&idc=useast5,7.47404E+18,1740185960,2025-02-22T00:59:20.000Z,1,https://vt.tiktok.com/ZSh8FQbqo/,FALSE,FALSE,,0,https://vt.tiktok.com/ZSh8FQbqo/,Se indo perasaan ndukung kalian wehh... 😭lanjutkan,6.37369E+16,vie.christ,https://www.tiktok.com/@hai_online/video/7473394493971074311
https://p16-common-sign-va.tiktokcdn-us.com/tos-maliva-avt-0068/25f34e42c175d89fe2d59caff5c07cd7~tplv-tiktokx-cropcenter:100:100.jpg?dr=9640&refresh_token=0fcbdb2a&x-expires=1746172800&x-signature=UudlRMzNbTpXbyU%2FOjHn623uxT0%3D&t=4d5b0474&ps=13740610&shp=30310797&shcp=ff37627b&idc=useast5,7.47404E+18,1740185776,2025-02-22T00:56:16.000Z,1,https://vt.tiktok.com/ZSh8FQbqo/,FALSE,FALSE,,1,https://vt.tiktok.com/ZSh8FQbqo/,kembali ke zaman suharto anti kritik,7.22231E+18,riven.djie,https://www.tiktok.com/@hai_online/video/7473394493971074311
https://p16-common-sign-sg.tiktokcdn-us.com/tos-alisg-avt-0068/2a477cfdace6b9dbe789c60264abb91d~tplv-tiktokx-cropcenter:100:100.jpg?dr=9640&refresh_token=e3b50214&x-expires=1746172800&x-signature=AJlsefkUkz39JuOOwF%2FZJcMHyW8%3D&t=4d5b0474&ps=13740610&shp=30310797&shcp=ff37627b&idc=useast5,7.47404E+18,1740185043,2025-02-22T00:44:03.000Z,1,https://vt.tiktok.com/ZSh8FQbqo/,FALSE,FALSE,,0,https://vt.tiktok.com/ZSh8FQbqo/,jangan minta maaf kalian gak salah kok😇,7.36905E+18,tashdiiq_40,https://www.tiktok.com/@hai_online/video/7473394493971074311
https://p16-common-sign-useast2a.tiktokcdn-us.com/tos-useast2a-avt-0068-giso/be038eb9e71b76b107801b9402daf5ff~tplv-tiktokx-cropcenter:100:100.jpg?dr=9640&refresh_token=ea87ea10&x-expires=1746172800&x-signature=cPXDEpQLU8FlYrs4VPg67lWTo8A%3D&t=4d5b0474&ps=13740610&shp=30310797&shcp=ff37627b&idc=useast5,7.47404E+18,1740184682,2025-02-22T00:38:02.000Z,1,https://vt.tiktok.com/ZSh8FQbqo/,FALSE,FALSE,,0,https://vt.tiktok.com/ZSh8FQbqo/,"gak usah minta maaf bude,
emang fakta demikian kok",6.63561E+18,patijuwono,https://www.tiktok.com/@hai_online/video/7473394493971074311
https://p16-common-sign-va.tiktokcdn-us.com/musically-maliva-obj/1594805258216454~tplv-tiktokx-cropcenter:100:100.jpg?dr=9640&refresh_token=8a29684a&x-expires=1746172800&x-signature=7DZto9hg0aqFDqq0kULxMSzQbEQ%3D&t=4d5b0474&ps=13740610&shp=30310797&shcp=ff37627b&idc=useast5,7.47404E+18,1740184421,2025-02-22T00:33:41.000Z,1,https://vt.tiktok.com/ZSh8FQbqo/,FALSE,FALSE,,0,https://vt.tiktok.com/ZSh8FQbqo/,POLISI baper sama musik🥵,6.95836E+18,syiroo07,https://www.tiktok.com/@hai_online/video/7473394493971074311
https://p16-common-sign-va.tiktokcdn-us.com/tos-maliva-avt-0068/7375790276190224389~tplv-tiktokx-cropcenter:100:100.jpg?dr=9640&refresh_token=f99bade7&x-expires=1746172800&x-signature=AczkyqJLp%2Bua%2F4JhogMLBY4CVOY%3D&t=4d5b0474&ps=13740610&shp=30310797&shcp=ff37627b&idc=useast5,7.47403E+18,1740184369,2025-02-22T00:32:49.000Z,1,https://vt.tiktok.com/ZSh8FQbqo/,FALSE,FALSE,,0,https://vt.tiktok.com/ZSh8FQbqo/,"ngapain sieh minta ma'af,kan fakta ya emang salah ya?",7.21925E+18,agus.firmanto0,https://www.tiktok.com/@hai_online/video/7473394493971074311
https://p16-common-sign-sg.tiktokcdn-us.com/tos-alisg-avt-0068/61b710aab3333209add9df5b083e10f8~tplv-tiktokx-cropcenter:100:100.jpg?dr=9640&refresh_token=f65535f0&x-expires=1746172800&x-signature=akXn8Al5GDQLTtG5k8NTIpMol6s%3D&t=4d5b0474&ps=13740610&shp=30310797&shcp=ff37627b&idc=useast5,7.47403E+18,1740183950,2025-02-22T00:25:50.000Z,1,https://vt.tiktok.com/ZSh8FQbqo/,FALSE,FALSE,,0,https://vt.tiktok.com/ZSh8FQbqo/,@zky03ovm,7.05768E+18,thisyourmineeh,https://www.tiktok.com/@hai_online/video/7473394493971074311
https://p16-common-sign-va.tiktokcdn-us.com/tos-maliva-avt-0068/5caf2dba54bd59d32f3d0413588ff6e3~tplv-tiktokx-cropcenter:100:100.jpg?dr=9640&refresh_token=d09b2f44&x-expires=1746172800&x-signature=loSyRmMP6Ppfle3eZmte%2BQLgNKg%3D&t=4d5b0474&ps=13740610&shp=30310797&shcp=ff37627b&idc=useast5,7.47403E+18,1740183424,2025-02-22T00:17:04.000Z,1,https://vt.tiktok.com/ZSh8FQbqo/,FALSE,FALSE,,0,https://vt.tiktok.com/ZSh8FQbqo/,Abang sama Mpok gak salah... ngapain minta maaf?!,7.32526E+18,sobari.bary0,https://www.tiktok.com/@hai_online/video/7473394493971074311
https://p16-common-sign-sg.tiktokcdn-us.com/tos-alisg-avt-0068/08f627ac14170d39cbd9e126290d49f0~tplv-tiktokx-cropcenter:100:100.jpg?dr=9640&refresh_token=d319bb00&x-expires=1746172800&x-signature=3xGL8YaqnHt%2FWZOFoD6AgssZ23U%3D&t=4d5b0474&ps=13740610&shp=30310797&shcp=ff37627b&idc=useast5,7.47403E+18,1740183397,2025-02-22T00:16:37.000Z,1,https://vt.tiktok.com/ZSh8FQbqo/,FALSE,FALSE,,0,https://vt.tiktok.com/ZSh8FQbqo/,Merusak nama baik Institusi,7.04441E+18,tian_mn,https://www.tiktok.com/@hai_online/video/7473394493971074311
https://p16-common-sign-va.tiktokcdn-us.com/tos-maliva-avt-0068/2cc27a7aaee42427e7e82a45657fcde8~tplv-tiktokx-cropcenter:100:100.jpg?dr=9640&refresh_token=8a7c41bc&x-expires=1746172800&x-signature=p2dS1r5Uh9ShUb6ns37Dd1NSvA8%3D&t=4d5b0474&ps=13740610&shp=30310797&shcp=ff37627b&idc=useast5,7.47403E+18,1740182764,2025-02-22T00:06:04.000Z,1,https://vt.tiktok.com/ZSh8FQbqo/,FALSE,FALSE,,0,https://vt.tiktok.com/ZSh8FQbqo/,katanya bebas kritik tapi kok di cekal juga,7.05746E+18,andwave7,https://www.tiktok.com/@hai_online/video/7473394493971074311
https://p16-common-sign-sg.tiktokcdn-us.com/tos-alisg-avt-0068/7330195871423791111~tplv-tiktokx-cropcenter:100:100.jpg?dr=9640&refresh_token=4ff0941c&x-expires=1746172800&x-signature=iWBqVsMhRo9MHjHo6QYz%2BGnjchg%3D&t=4d5b0474&ps=13740610&shp=30310797&shcp=ff37627b&idc=useast5,7.47402E+18,1740181647,2025-02-21T23:47:27.000Z,1,https://vt.tiktok.com/ZSh8FQbqo/,FALSE,FALSE,,0,https://vt.tiktok.com/ZSh8FQbqo/,"ngapain minta maaf
Emang faktanyaaaa",6.95968E+18,linaberliana60,https://www.tiktok.com/@hai_online/video/7473394493971074311
https://p16-common-sign-useast2a.tiktokcdn-us.com/tos-useast2a-avt-0068-giso/6520387dcd95214ce505b31ffe6ec233~tplv-tiktokx-cropcenter:100:100.jpg?dr=9640&refresh_token=43dba729&x-expires=1746172800&x-signature=LzVJ88iO95R6Xt1uPVmxbFZqLaE%3D&t=4d5b0474&ps=13740610&shp=30310797&shcp=ff37627b&idc=useast5,7.47402E+18,1740181243,2025-02-21T23:40:43.000Z,1,https://vt.tiktok.com/ZSh8FQbqo/,FALSE,FALSE,,0,https://vt.tiktok.com/ZSh8FQbqo/,"udah saya duga, ayo mas bikin lg yg lebih meledak, semangat💪",6.91916E+18,ally_muztofa,https://www.tiktok.com/@hai_online/video/7473394493971074311
https://p19-common-sign-sg.tiktokcdn-us.com/tos-alisg-avt-0068/087167c1380ef0c486e143975b84bc9a~tplv-tiktokx-cropcenter:100:100.jpg?dr=9640&refresh_token=3c87425e&x-expires=1746172800&x-signature=mySO2QaUTS60U5kll0n2vZpSHu4%3D&t=4d5b0474&ps=13740610&shp=30310797&shcp=ff37627b&idc=useast5,7.47402E+18,1740181062,2025-02-21T23:37:42.000Z,1,https://vt.tiktok.com/ZSh8FQbqo/,FALSE,FALSE,,0,https://vt.tiktok.com/ZSh8FQbqo/,Klarifikasi juga harus bayar gk .😀😀,7.42047E+18,mamansuherman8983,https://www.tiktok.com/@hai_online/video/7473394493971074311
https://p16-common-sign-va.tiktokcdn-us.com/tos-maliva-avt-0068/dfd4dd91bd2d4b45496ac549a08b0038~tplv-tiktokx-cropcenter:100:100.jpg?dr=9640&refresh_token=916fb81d&x-expires=1746172800&x-signature=pDYPFqO7KMMBK%2FJA9sro88YWJC4%3D&t=4d5b0474&ps=13740610&shp=30310797&shcp=ff37627b&idc=useast5,7.47402E+18,1740180607,2025-02-21T23:30:07.000Z,1,https://vt.tiktok.com/ZSh8FQbqo/,FALSE,FALSE,,0,https://vt.tiktok.com/ZSh8FQbqo/,termasuk pembungkaman bersuara g' sih?,7.10199E+18,interiorpariamansumbar,https://www.tiktok.com/@hai_online/video/7473394493971074311
https://p16-common-sign-sg.tiktokcdn-us.com/tos-alisg-avt-0068/e68f24ddf5d0a4963cd4c748c0c2f126~tplv-tiktokx-cropcenter:100:100.jpg?dr=9640&refresh_token=eca0155f&x-expires=1746172800&x-signature=IrrsI5qwtW5CyXRM9KK2UO%2FNOsI%3D&t=4d5b0474&ps=13740610&shp=30310797&shcp=ff37627b&idc=useast5,7.47402E+18,1740179944,2025-02-21T23:19:04.000Z,1,https://vt.tiktok.com/ZSh8FQbqo/,FALSE,FALSE,,0,https://vt.tiktok.com/ZSh8FQbqo/,pasti wktu bikin lagu iningak bayar polisi yaa kak...😁😁😁,7.15281E+18,anggrekindonesia81612,https://www.tiktok.com/@hai_online/video/7473394493971074311
https://p16-common-sign-sg.tiktokcdn-us.com/tos-alisg-avt-0068/a20fc75606cb328327e45c0ea4db2067~tplv-tiktokx-cropcenter:100:100.jpg?dr=9640&refresh_token=6bec0c4b&x-expires=1746172800&x-signature=jqujVYplaN8r4gMUCRrxDH6OJi8%3D&t=4d5b0474&ps=13740610&shp=30310797&shcp=ff37627b&idc=useast5,7.47401E+18,1740179764,2025-02-21T23:16:04.000Z,1,https://vt.tiktok.com/ZSh8FQbqo/,FALSE,FALSE,,0,https://vt.tiktok.com/ZSh8FQbqo/,Kok dihapus lagunya kan bagus nadanya😭,7.45854E+18,therianindo_,https://www.tiktok.com/@hai_online/video/7473394493971074311
https://p16-common-sign-useast2a.tiktokcdn-us.com/tos-useast2a-avt-0068-giso/4c35fb8c1ece2c82e76161bf7df5671d~tplv-tiktokx-cropcenter:100:100.jpg?dr=9640&refresh_token=6d207c0c&x-expires=1746172800&x-signature=Dm7E47%2F1JiHbeqZ2THM4ePlYESA%3D&t=4d5b0474&ps=13740610&shp=30310797&shcp=ff37627b&idc=useast5,7.47401E+18,1740177553,2025-02-21T22:39:13.000Z,1,https://vt.tiktok.com/ZSh8FQbqo/,FALSE,FALSE,,0,https://vt.tiktok.com/ZSh8FQbqo/,"lah emang bayar kan.
coba emang ada yg ga bayar??",6.95857E+18,samirin2005,https://www.tiktok.com/@hai_online/video/7473394493971074311
https://p16-common-sign-sg.tiktokcdn-us.com/tos-alisg-avt-0068/eae207a4d72e48da1729f064093b1455~tplv-tiktokx-cropcenter:100:100.jpg?dr=9640&refresh_token=e9c96df5&x-expires=1746172800&x-signature=F20oLTyLmin%2F3tAosOqZ2lqYSqI%3D&t=4d5b0474&ps=13740610&shp=30310797&shcp=ff37627b&idc=useast5,7.474E+18,1740175553,2025-02-21T22:05:53.000Z,1,https://vt.tiktok.com/ZSh8FQbqo/,FALSE,FALSE,,0,https://vt.tiktok.com/ZSh8FQbqo/,Loe ga bayar sih...BAYAR donk 🤣 pasti aman 🤣,6.96936E+18,user5166001846842,https://www.tiktok.com/@hai_online/video/7473394493971074311
https://p16-common-sign-sg.tiktokcdn-us.com/tos-alisg-avt-0068/28b347bad9b5c4c5ac778dc130b01db5~tplv-tiktokx-cropcenter:100:100.jpg?dr=9640&refresh_token=eae293a2&x-expires=1746172800&x-signature=cXSKHRMyDy8Z1SX4dA5lOWyyp8U%3D&t=4d5b0474&ps=13740610&shp=30310797&shcp=ff37627b&idc=useast5,7.47399E+18,1740174056,2025-02-21T21:40:56.000Z,1,https://vt.tiktok.com/ZSh8FQbqo/,FALSE,FALSE,,0,https://vt.tiktok.com/ZSh8FQbqo/,tetap lanjutkan,7.04374E+18,syafrizal.tojok,https://www.tiktok.com/@hai_online/video/7473394493971074311
https://p16-common-sign-va.tiktokcdn-us.com/tos-maliva-avt-0068/b69e5bb7f9d9130863950fe4f571bb9b~tplv-tiktokx-cropcenter:100:100.jpg?dr=9640&refresh_token=fec2837b&x-expires=1746172800&x-signature=07WSY2FM6Hq2UW5OgDjTUnTaQGE%3D&t=4d5b0474&ps=13740610&shp=30310797&shcp=ff37627b&idc=useast5,7.47405E+18,1740187915,2025-02-22T01:31:55.000Z,0,https://vt.tiktok.com/ZSh8FQbqo/,FALSE,,7.47404E+18,,https://vt.tiktok.com/ZSh8FQbqo/,di ancem ama polisi mah ini di suruh klarifikasi supaya di tag down menolak di kritik,7.17549E+18,ansh_jeee,https://www.tiktok.com/@hai_online/video/7473394493971074311
https://p16-common-sign-sg.tiktokcdn-us.com/tos-alisg-avt-0068/73bad9e4837d62bd6e97ecc157f3ef1a~tplv-tiktokx-cropcenter:100:100.jpg?dr=9640&refresh_token=28db5c0c&x-expires=1746172800&x-signature=QtHXq3y5btT7PCg8zTJXaIfXO04%3D&t=4d5b0474&ps=13740610&shp=30310797&shcp=ff37627b&idc=useast5,7.47384E+18,1740138952,2025-02-21T11:55:52.000Z,1,https://vt.tiktok.com/ZSh8FQbqo/,FALSE,FALSE,,0,https://vt.tiktok.com/ZSh8FQbqo/,kanapa harus minta maaap emang pakta,7.43894E+18,kong.grind,https://www.tiktok.com/@hai_online/video/7473394493971074311
https://p16-common-sign-va.tiktokcdn-us.com/tos-maliva-avt-0068/d69dbf2008f425e0da2e7720a52b840e~tplv-tiktokx-cropcenter:100:100.jpg?dr=9640&refresh_token=07545204&x-expires=1746172800&x-signature=UH7PoRJaalcaB2FXfLftsSKRJbw%3D&t=4d5b0474&ps=13740610&shp=30310797&shcp=ff37627b&idc=useast5,7.47384E+18,1740138860,2025-02-21T11:54:20.000Z,1,https://vt.tiktok.com/ZSh8FQbqo/,FALSE,FALSE,,0,https://vt.tiktok.com/ZSh8FQbqo/,oalahhhhhhhh pantes dia disuruh klarifikasi karena ga bayar polisi 🗿🤣,7.0638E+18,steinsel_beatrix_tiktok,https://www.tiktok.com/@hai_online/video/7473394493971074311
https://p16-common-sign-useast2a.tiktokcdn-us.com/tos-useast2a-avt-0068-aiso/8a53660ce7daa515d5b64bb38da12a52~tplv-tiktokx-cropcenter:100:100.jpg?dr=9640&refresh_token=acbb54ac&x-expires=1746172800&x-signature=DmNSMVV7yq6692e3NwoeMwbBTPs%3D&t=4d5b0474&ps=13740610&shp=30310797&shcp=ff37627b&idc=useast5,7.47384E+18,1740137886,2025-02-21T11:38:06.000Z,1,https://vt.tiktok.com/ZSh8FQbqo/,FALSE,FALSE,,0,https://vt.tiktok.com/ZSh8FQbqo/,hilang ayam biaya kambing hilang kambing biayanya sapi,6.8847E+18,slametchanifudin,https://www.tiktok.com/@hai_online/video/7473394493971074311
https://p16-common-sign-va.tiktokcdn-us.com/tos-maliva-avt-0068/71851351a003a4c850e7806d066800b4~tplv-tiktokx-cropcenter:100:100.jpg?dr=9640&refresh_token=b820046d&x-expires=1746172800&x-signature=rNdlW%2FmtvsUQzWleRTH%2BlZLGfaE%3D&t=4d5b0474&ps=13740610&shp=30310797&shcp=ff37627b&idc=useast5,7.47383E+18,1740137024,2025-02-21T11:23:44.000Z,1,https://vt.tiktok.com/ZSh8FQbqo/,FALSE,FALSE,,1,https://vt.tiktok.com/ZSh8FQbqo/,Kocak sumpaahh,6.58157E+18,ecamelia__,https://www.tiktok.com/@hai_online/video/7473394493971074311
https://p16-common-sign-sg.tiktokcdn-us.com/tos-alisg-avt-0068/e574a5c3952580ec6070fbdac5ce9310~tplv-tiktokx-cropcenter:100:100.jpg?dr=9640&refresh_token=63317abc&x-expires=1746172800&x-signature=mBZmRraeYd7ZXBGuxtorbnTACR4%3D&t=4d5b0474&ps=13740610&shp=30310797&shcp=ff37627b&idc=useast5,7.47383E+18,1740136649,2025-02-21T11:17:29.000Z,1,https://vt.tiktok.com/ZSh8FQbqo/,FALSE,FALSE,,0,https://vt.tiktok.com/ZSh8FQbqo/,wadauuu.... bakal bumerang ini .. lagunya makin viral dan bakalan lebih banyak ciptaan lagu sejenis ini????,7.32991E+18,akarrimba8,https://www.tiktok.com/@hai_online/video/7473394493971074311
https://p16-common-sign-va.tiktokcdn-us.com/tos-maliva-avt-0068/eea22c8c4e1269ac6f7019039eafc013~tplv-tiktokx-cropcenter:100:100.jpg?dr=9640&refresh_token=5656e4d0&x-expires=1746172800&x-signature=Eq4BBkf6BO0vab0ArqENFScNif0%3D&t=4d5b0474&ps=13740610&shp=30310797&shcp=ff37627b&idc=useast5,7.47383E+18,1740135916,2025-02-21T11:05:16.000Z,1,https://vt.tiktok.com/ZSh8FQbqo/,FALSE,FALSE,,0,https://vt.tiktok.com/ZSh8FQbqo/,"Tidak terima di kritik!
silahkan mengundurkan diri dari instansi anda""",6.90647E+18,obbay_hermawan2541,https://www.tiktok.com/@hai_online/video/7473394493971074311
https://p16-common-sign-va.tiktokcdn-us.com/tos-maliva-avt-0068/77f3cf376f1eff1627595224446bc9b6~tplv-tiktokx-cropcenter:100:100.jpg?dr=9640&refresh_token=1ccb9bf1&x-expires=1746172800&x-signature=Y6hLdfS%2BBr1HozM3pAuYK9K%2B5a0%3D&t=4d5b0474&ps=13740610&shp=30310797&shcp=ff37627b&idc=useast5,7.47383E+18,1740135770,2025-02-21T11:02:50.000Z,1,https://vt.tiktok.com/ZSh8FQbqo/,FALSE,FALSE,,0,https://vt.tiktok.com/ZSh8FQbqo/,semangat..... apa adanya,6.96309E+18,rudiana1989,https://www.tiktok.com/@hai_online/video/7473394493971074311
https://p16-common-sign-va.tiktokcdn-us.com/tos-maliva-avt-0068/88358229d5660c09a2b7e4224eca9eab~tplv-tiktokx-cropcenter:100:100.jpg?dr=9640&refresh_token=04cb49b6&x-expires=1746172800&x-signature=1jPEJFopoPCW0dhP4v67Ib12Yns%3D&t=4d5b0474&ps=13740610&shp=30310797&shcp=ff37627b&idc=useast5,7.47382E+18,1740135147,2025-02-21T10:52:27.000Z,1,https://vt.tiktok.com/ZSh8FQbqo/,FALSE,FALSE,,0,https://vt.tiktok.com/ZSh8FQbqo/,Emang sesuai data dan fakta yang ada kan? Ya kalo ga mau tinggal pecat dari polri yang namanya OKNUM !,7.15906E+18,dotnitnot,https://www.tiktok.com/@hai_online/video/7473394493971074311
https://p16-common-sign-sg.tiktokcdn-us.com/tos-alisg-avt-0068/ca30ae707c011af38e3dc90d5db156d4~tplv-tiktokx-cropcenter:100:100.jpg?dr=9640&refresh_token=e1c171ef&x-expires=1746172800&x-signature=Kt9eMLfwRLJoOuIW86mmhbN2bSc%3D&t=4d5b0474&ps=13740610&shp=30310797&shcp=ff37627b&idc=useast5,7.47382E+18,1740135022,2025-02-21T10:50:22.000Z,1,https://vt.tiktok.com/ZSh8FQbqo/,FALSE,FALSE,,0,https://vt.tiktok.com/ZSh8FQbqo/,"@Hendra:ngapain di hapus kocak,gw aja baru bayar polisi ini",7.24079E+18,mrst_aurus,https://www.tiktok.com/@hai_online/video/7473394493971074311
https://p16-common-sign-va.tiktokcdn-us.com/tos-maliva-avt-0068/ec699741bac35e7b513c62c792141f4d~tplv-tiktokx-cropcenter:100:100.jpg?dr=9640&refresh_token=22bc7010&x-expires=1746172800&x-signature=XA105Kvx4OWBCb1j%2FcGv0rbi20Q%3D&t=4d5b0474&ps=13740610&shp=30310797&shcp=ff37627b&idc=useast5,7.47382E+18,1740134880,2025-02-21T10:48:00.000Z,1,https://vt.tiktok.com/ZSh8FQbqo/,FALSE,FALSE,,0,https://vt.tiktok.com/ZSh8FQbqo/,Capekkk dehhh hrs klarifikasi ….ngga terima ya si anuuu😅😂,7.25193E+18,doelaja4,https://www.tiktok.com/@hai_online/video/7473394493971074311
https://p16-common-sign-va.tiktokcdn-us.com/tos-maliva-avt-0068/91757ab08125590c7955349437c5b05e~tplv-tiktokx-cropcenter:100:100.jpg?dr=9640&refresh_token=9cf2e858&x-expires=1746172800&x-signature=TI0Zt9FbE3favDSmN%2FpshHdPZoU%3D&t=4d5b0474&ps=13740610&shp=30310797&shcp=ff37627b&idc=useast5,7.47382E+18,1740134463,2025-02-21T10:41:03.000Z,1,https://vt.tiktok.com/ZSh8FQbqo/,FALSE,FALSE,,0,https://vt.tiktok.com/ZSh8FQbqo/,"lagunya bagus banget,kenapa ditarik karena semua itu fakta & nyata adanya.",7.26255E+18,yerl1482,https://www.tiktok.com/@hai_online/video/7473394493971074311
https://p16-common-sign-va.tiktokcdn-us.com/tos-maliva-avt-0068/ddd203311274f0e7dbe600761724f563~tplv-tiktokx-cropcenter:100:100.jpg?dr=9640&refresh_token=9db15d42&x-expires=1746172800&x-signature=FHWm1hBRRzW0uDGV7XqxNb7lDGg%3D&t=4d5b0474&ps=13740610&shp=30310797&shcp=ff37627b&idc=useast5,7.47382E+18,1740134346,2025-02-21T10:39:06.000Z,1,https://vt.tiktok.com/ZSh8FQbqo/,FALSE,FALSE,,0,https://vt.tiktok.com/ZSh8FQbqo/,lahh kok minta maaf kak kan realitanya begituu kak,7.00002E+18,goldiee12,https://www.tiktok.com/@hai_online/video/7473394493971074311
https://p16-common-sign-useast2a.tiktokcdn-us.com/tos-useast2a-avt-0068-giso/14cfcc926a039f8032e532e243490c38~tplv-tiktokx-cropcenter:100:100.jpg?dr=9640&refresh_token=7e3da654&x-expires=1746172800&x-signature=DhZY1mEyYJcmc%2FTStpWxJaSG7RQ%3D&t=4d5b0474&ps=13740610&shp=30310797&shcp=ff37627b&idc=useast5,7.47382E+18,1740133514,2025-02-21T10:25:14.000Z,1,https://vt.tiktok.com/ZSh8FQbqo/,FALSE,FALSE,,0,https://vt.tiktok.com/ZSh8FQbqo/,padahal gaperlu minta maaf,6.7845E+18,juandadaly,https://www.tiktok.com/@hai_online/video/7473394493971074311
https://p16-common-sign-va.tiktokcdn-us.com/tos-maliva-avt-0068/97531f7522648f29df0588f072157c19~tplv-tiktokx-cropcenter:100:100.jpg?dr=9640&refresh_token=05d63b7a&x-expires=1746172800&x-signature=wla97QrJjYSwUX7ixeGJnK%2Fq4O4%3D&t=4d5b0474&ps=13740610&shp=30310797&shcp=ff37627b&idc=useast5,7.47381E+18,1740132489,2025-02-21T10:08:09.000Z,1,https://vt.tiktok.com/ZSh8FQbqo/,FALSE,FALSE,,0,https://vt.tiktok.com/ZSh8FQbqo/,salahnya Sukatani ga bayar polisi😹😹😹,7.37293E+18,call_mee_shinn,https://www.tiktok.com/@hai_online/video/7473394493971074311
https://p19-common-sign-va.tiktokcdn-us.com/tos-maliva-avt-0068/7e453f02ca0cb1280a1a522851a5eb88~tplv-tiktokx-cropcenter:100:100.jpg?dr=9640&refresh_token=5c74b12a&x-expires=1746172800&x-signature=zuK1TuSZA4nCGaBkeoT5OcsA0Yc%3D&t=4d5b0474&ps=13740610&shp=30310797&shcp=ff37627b&idc=useast5,7.47381E+18,1740132191,2025-02-21T10:03:11.000Z,1,https://vt.tiktok.com/ZSh8FQbqo/,FALSE,FALSE,,0,https://vt.tiktok.com/ZSh8FQbqo/,"liriknya sudah bener kok, emang kayak gitu kenyataannya",6.99764E+18,mj_arc1,https://www.tiktok.com/@hai_online/video/7473394493971074311
https://p16-common-sign-useast2a.tiktokcdn-us.com/tos-useast2a-avt-0068-giso/394986936c4e75ff6f0e93967e1b8648~tplv-tiktokx-cropcenter:100:100.jpg?dr=9640&refresh_token=7fd769b7&x-expires=1746172800&x-signature=Pf%2Bp6s1Vtp14shNijO2eYVN9iHw%3D&t=4d5b0474&ps=13740610&shp=30310797&shcp=ff37627b&idc=useast5,7.47381E+18,1740131143,2025-02-21T09:45:43.000Z,1,https://vt.tiktok.com/ZSh8FQbqo/,FALSE,FALSE,,0,https://vt.tiktok.com/ZSh8FQbqo/,"HARUSNYA JANGAN KLARIFIKASI, POLISI AJA NGGK PERNAH BENER KLARIFIKASINYA",7.14689E+18,budipratama2339,https://www.tiktok.com/@hai_online/video/7473394493971074311
https://p19-common-sign-sg.tiktokcdn-us.com/tos-alisg-avt-0068/67ca98e6f942c2837e634c9a5ebc65c5~tplv-tiktokx-cropcenter:100:100.jpg?dr=9640&refresh_token=85a96fe0&x-expires=1746172800&x-signature=PeNp8TPzBSElWpkZjZnSO2Gwws0%3D&t=4d5b0474&ps=13740610&shp=30310797&shcp=ff37627b&idc=useast5,7.4738E+18,1740130805,2025-02-21T09:40:05.000Z,1,https://vt.tiktok.com/ZSh8FQbqo/,FALSE,FALSE,,0,https://vt.tiktok.com/ZSh8FQbqo/,"ngapain minta maaf,,emang kenyataan nya seperti itu...",7.30615E+18,somkaunang,https://www.tiktok.com/@hai_online/video/7473394493971074311
https://p16-common-sign-useast2a.tiktokcdn-us.com/tos-useast2a-avt-0068-giso/e26a82b26b466a8a7ee6019f02087e1a~tplv-tiktokx-cropcenter:100:100.jpg?dr=9640&refresh_token=24c6bb81&x-expires=1746172800&x-signature=L1ES1Z%2FVeaHZ2UAb8N14d40SC5s%3D&t=4d5b0474&ps=13740610&shp=30310797&shcp=ff37627b&idc=useast5,7.4738E+18,1740130166,2025-02-21T09:29:26.000Z,1,https://vt.tiktok.com/ZSh8FQbqo/,FALSE,FALSE,,0,https://vt.tiktok.com/ZSh8FQbqo/,tetep jadi legenda lagu ini,6.87855E+18,abahjabrik,https://www.tiktok.com/@hai_online/video/7473394493971074311
https://p16-common-sign-sg.tiktokcdn-us.com/tos-alisg-avt-0068/1854946ee92e35dfe631ad8589d42a41~tplv-tiktokx-cropcenter:100:100.jpg?dr=9640&refresh_token=bcbc4a8c&x-expires=1746172800&x-signature=DDdl4anLUlAuMUX5sz3QWGaxXcI%3D&t=4d5b0474&ps=13740610&shp=30310797&shcp=ff37627b&idc=useast5,7.4738E+18,1740129932,2025-02-21T09:25:32.000Z,1,https://vt.tiktok.com/ZSh8FQbqo/,FALSE,FALSE,,0,https://vt.tiktok.com/ZSh8FQbqo/,#kamibersamamusukatani,6.87121E+18,amanman0_0,https://www.tiktok.com/@hai_online/video/7473394493971074311
https://p16-common-sign-va.tiktokcdn-us.com/tos-maliva-avt-0068/dac338c3c1b5933eae74438dbad72fec~tplv-tiktokx-cropcenter:100:100.jpg?dr=9640&refresh_token=3e460f1d&x-expires=1746172800&x-signature=ZFHaoylAu6IamhxPSmoGmfKyEGc%3D&t=4d5b0474&ps=13740610&shp=30310797&shcp=ff37627b&idc=useast5,7.4738E+18,1740129915,2025-02-21T09:25:15.000Z,1,https://vt.tiktok.com/ZSh8FQbqo/,FALSE,FALSE,,0,https://vt.tiktok.com/ZSh8FQbqo/,"susah mengungkapkan kejujuran, harus pura2 😅😅",7.28312E+18,juragann_69,https://www.tiktok.com/@hai_online/video/7473394493971074311
https://p19-common-sign-useast2a.tiktokcdn-us.com/tos-useast2a-avt-0068-giso/7146355766297886747~tplv-tiktokx-cropcenter:100:100.jpg?dr=9640&refresh_token=034fb36e&x-expires=1746172800&x-signature=fn8KCiTFVmb98zY6ePX%2FI7U%2FIL4%3D&t=4d5b0474&ps=13740610&shp=30310797&shcp=ff37627b&idc=useast5,7.4738E+18,1740129635,2025-02-21T09:20:35.000Z,1,https://vt.tiktok.com/ZSh8FQbqo/,FALSE,FALSE,,0,https://vt.tiktok.com/ZSh8FQbqo/,belom bayar polisi kali makannya di suruh klarifikasi bayar dlu pajak buat lagu CUAKKKKKKK,7.14437E+18,zulfahmi.089,https://www.tiktok.com/@hai_online/video/7473394493971074311
https://p16-common-sign-useast2a.tiktokcdn-us.com/tos-useast2a-avt-0068-giso/48848a2e6247eca2bbf987187389013f~tplv-tiktokx-cropcenter:100:100.jpg?dr=9640&refresh_token=ec34d1bc&x-expires=1746172800&x-signature=S%2FTKa%2FFiq5cztFe7GNrjbvq7fPQ%3D&t=4d5b0474&ps=13740610&shp=30310797&shcp=ff37627b&idc=useast5,7.4738E+18,1740129121,2025-02-21T09:12:01.000Z,1,https://vt.tiktok.com/ZSh8FQbqo/,FALSE,FALSE,,0,https://vt.tiktok.com/ZSh8FQbqo/,benar² jadi * Sukatani* (terjemahan dr bahasa arab)😳,6.92101E+18,papa.elzio,https://www.tiktok.com/@hai_online/video/7473394493971074311
https://p16-common-sign-useast2a.tiktokcdn-us.com/tos-useast2a-avt-0068-giso/80e66caadac25f5635107eff35b68750~tplv-tiktokx-cropcenter:100:100.jpg?dr=9640&refresh_token=57baba5e&x-expires=1746172800&x-signature=PBfOlC118bvCTcpVaWLCW1tjwtw%3D&t=4d5b0474&ps=13740610&shp=30310797&shcp=ff37627b&idc=useast5,7.4738E+18,1740128861,2025-02-21T09:07:41.000Z,1,https://vt.tiktok.com/ZSh8FQbqo/,FALSE,FALSE,,0,https://vt.tiktok.com/ZSh8FQbqo/,why?,6.98522E+18,betterdays___,https://www.tiktok.com/@hai_online/video/7473394493971074311
https://p19-common-sign-useast2a.tiktokcdn-us.com/tos-useast2a-avt-0068-giso/3b6c238d58e7698b1d6d3fe9f70c929e~tplv-tiktokx-cropcenter:100:100.jpg?dr=9640&refresh_token=c5ed00a6&x-expires=1746172800&x-signature=SwtVyAYzNsfLJLEP5OFsZ9xZuJg%3D&t=4d5b0474&ps=13740610&shp=30310797&shcp=ff37627b&idc=useast5,7.4738E+18,1740128644,2025-02-21T09:04:04.000Z,1,https://vt.tiktok.com/ZSh8FQbqo/,FALSE,FALSE,,0,https://vt.tiktok.com/ZSh8FQbqo/,Kenapa kok minta maaf? Jangan dong kak,7.1366E+18,.memangdia,https://www.tiktok.com/@hai_online/video/7473394493971074311
https://p19-common-sign-va.tiktokcdn-us.com/tos-maliva-avt-0068/75f715449f0fbb00362dfb96bfd7a7a5~tplv-tiktokx-cropcenter:100:100.jpg?dr=9640&refresh_token=5a3f7ca5&x-expires=1746172800&x-signature=V0oW4eKAfzuzejFxpfP9Tv71OJM%3D&t=4d5b0474&ps=13740610&shp=30310797&shcp=ff37627b&idc=useast5,7.47379E+18,1740128456,2025-02-21T09:00:56.000Z,1,https://vt.tiktok.com/ZSh8FQbqo/,FALSE,FALSE,,0,https://vt.tiktok.com/ZSh8FQbqo/,Polisi kan liriknya? bukan Polri. Global... kenapa polri yg panik?,7.24439E+18,super.salle,https://www.tiktok.com/@hai_online/video/7473394493971074311
https://p16-common-sign-va.tiktokcdn-us.com/tos-maliva-avt-0068/fd3eca4456fc496bc63b433c253819af~tplv-tiktokx-cropcenter:100:100.jpg?dr=9640&refresh_token=664c4fc4&x-expires=1746172800&x-signature=9Nhv7K3pjOnjx5m9TY4w%2FoelFQk%3D&t=4d5b0474&ps=13740610&shp=30310797&shcp=ff37627b&idc=useast5,7.47379E+18,1740128217,2025-02-21T08:56:57.000Z,1,https://vt.tiktok.com/ZSh8FQbqo/,FALSE,FALSE,,0,https://vt.tiktok.com/ZSh8FQbqo/,ramaikan lagi,7.23922E+18,j0heng,https://www.tiktok.com/@hai_online/video/7473394493971074311
https://p16-common-sign-va.tiktokcdn-us.com/tos-maliva-avt-0068/334e2d4795b0dcd829edce6233b493a0~tplv-tiktokx-cropcenter:100:100.jpg?dr=9640&refresh_token=8b955aca&x-expires=1746172800&x-signature=X1bnVRMnBS5NcvImE6ZUIRMfSxU%3D&t=4d5b0474&ps=13740610&shp=30310797&shcp=ff37627b&idc=useast5,7.47379E+18,1740128013,2025-02-21T08:53:33.000Z,1,https://vt.tiktok.com/ZSh8FQbqo/,FALSE,FALSE,,2,https://vt.tiktok.com/ZSh8FQbqo/,cabut lagu bayar polisi,7.41548E+18,aku_adalah_bakul_bakso,https://www.tiktok.com/@hai_online/video/7473394493971074311
https://p16-common-sign-va.tiktokcdn-us.com/musically-maliva-obj/1594805258216454~tplv-tiktokx-cropcenter:100:100.jpg?dr=9640&refresh_token=8a29684a&x-expires=1746172800&x-signature=7DZto9hg0aqFDqq0kULxMSzQbEQ%3D&t=4d5b0474&ps=13740610&shp=30310797&shcp=ff37627b&idc=useast5,7.47379E+18,1740127426,2025-02-21T08:43:46.000Z,1,https://vt.tiktok.com/ZSh8FQbqo/,FALSE,FALSE,,0,https://vt.tiktok.com/ZSh8FQbqo/,"kok minta maaf sihh anjirr
padahal fakta",7.00095E+18,saitamagenos17,https://www.tiktok.com/@hai_online/video/7473394493971074311
https://p16-common-sign-va.tiktokcdn-us.com/tos-maliva-avt-0068/80912ea34d9df0ca5985284fd68784e8~tplv-tiktokx-cropcenter:100:100.jpg?dr=9640&refresh_token=ef045f6a&x-expires=1746172800&x-signature=Ofxdv%2F2W2jzcXZOUqKylLccnzt4%3D&t=4d5b0474&ps=13740610&shp=30310797&shcp=ff37627b&idc=useast5,7.47379E+18,1740127126,2025-02-21T08:38:46.000Z,1,https://vt.tiktok.com/ZSh8FQbqo/,FALSE,FALSE,,0,https://vt.tiktok.com/ZSh8FQbqo/,tetap harus bayar..,7.17241E+18,sunarsojoss,https://www.tiktok.com/@hai_online/video/7473394493971074311
https://p16-common-sign-sg.tiktokcdn-us.com/tos-alisg-avt-0068/9aef5c08673ca96f9ff3a271217ffcf9~tplv-tiktokx-cropcenter:100:100.jpg?dr=9640&refresh_token=75d3dd9e&x-expires=1746172800&x-signature=CYo2ptNOLYW3D99r3Y%2FiQxX%2BtQo%3D&t=4d5b0474&ps=13740610&shp=30310797&shcp=ff37627b&idc=useast5,7.47385E+18,1740141933,2025-02-21T12:45:33.000Z,2,https://vt.tiktok.com/ZSh8FQbqo/,FALSE,,7.47379E+18,,https://vt.tiktok.com/ZSh8FQbqo/,ngapain dicabut orang ngasih fakta kok,7.44944E+18,raffahaykala,https://www.tiktok.com/@hai_online/video/7473394493971074311
https://p16-common-sign-va.tiktokcdn-us.com/tos-maliva-avt-0068/334e2d4795b0dcd829edce6233b493a0~tplv-tiktokx-cropcenter:100:100.jpg?dr=9640&refresh_token=8b955aca&x-expires=1746172800&x-signature=X1bnVRMnBS5NcvImE6ZUIRMfSxU%3D&t=4d5b0474&ps=13740610&shp=30310797&shcp=ff37627b&idc=useast5,7.47385E+18,1740142034,2025-02-21T12:47:14.000Z,1,https://vt.tiktok.com/ZSh8FQbqo/,FALSE,,7.47379E+18,,https://vt.tiktok.com/ZSh8FQbqo/,wkwk,7.41548E+18,aku_adalah_bakul_bakso,https://www.tiktok.com/@hai_online/video/7473394493971074311
https://p16-common-sign-va.tiktokcdn-us.com/tos-maliva-avt-0068/f3872aa4d2e39b34b3f54945ca9a5793~tplv-tiktokx-cropcenter:100:100.jpg?dr=9640&refresh_token=2d051c91&x-expires=1746172800&x-signature=xSE%2FzaOHU%2F%2BzV8M5xB04kMBNvwY%3D&t=4d5b0474&ps=13740610&shp=30310797&shcp=ff37627b&idc=useast5,7.47384E+18,1740139254,2025-02-21T12:00:54.000Z,0,https://vt.tiktok.com/ZSh8FQbqo/,FALSE,,7.47383E+18,,https://vt.tiktok.com/ZSh8FQbqo/,bayar bayar bayar 😭😭😭,7.13973E+18,lindayyyyyyyyyy13,https://www.tiktok.com/@hai_online/video/7473394493971074311
https://p16-common-sign-sg.tiktokcdn-us.com/tos-alisg-avt-0068/10c7962014a5a91d284ab542351b360b~tplv-tiktokx-cropcenter:100:100.jpg?dr=9640&refresh_token=948239a3&x-expires=1746172800&x-signature=I0kK%2BudlM1SvO3Ple7Ke2jcxNRQ%3D&t=4d5b0474&ps=13740610&shp=30310797&shcp=ff37627b&idc=useast5,7.4737E+18,1740107186,2025-02-21T03:06:26.000Z,1,https://vt.tiktok.com/ZSh8FQbqo/,FALSE,FALSE,,0,https://vt.tiktok.com/ZSh8FQbqo/,Akhirnya terbukti lagunya 😂😂😂,7.29943E+18,agustian.hy,https://www.tiktok.com/@hai_online/video/7473394493971074311
https://p16-common-sign-sg.tiktokcdn-us.com/tos-alisg-avt-0068/639643ffb079d48bf816b49ae2111a4d~tplv-tiktokx-cropcenter:100:100.jpg?dr=9640&refresh_token=27616647&x-expires=1746172800&x-signature=QPQIN6NhBoL1xPFVF%2Frrt7IxUxo%3D&t=4d5b0474&ps=13740610&shp=30310797&shcp=ff37627b&idc=useast5,7.4737E+18,1740107103,2025-02-21T03:05:03.000Z,1,https://vt.tiktok.com/ZSh8FQbqo/,FALSE,FALSE,,2,https://vt.tiktok.com/ZSh8FQbqo/,pdhl kan cuman lagu berarti benar KLO begitu mah,7.00173E+18,gussalil,https://www.tiktok.com/@hai_online/video/7473394493971074311
https://p16-common-sign-va.tiktokcdn-us.com/tos-maliva-avt-0068/1677413448a5703de8125f7aa0d63431~tplv-tiktokx-cropcenter:100:100.jpg?dr=9640&refresh_token=deb6f994&x-expires=1746172800&x-signature=TZOh8Nmh8bzRr9wrK6UBSHPRnl0%3D&t=4d5b0474&ps=13740610&shp=30310797&shcp=ff37627b&idc=useast5,7.4737E+18,1740106700,2025-02-21T02:58:20.000Z,1,https://vt.tiktok.com/ZSh8FQbqo/,FALSE,FALSE,,0,https://vt.tiktok.com/ZSh8FQbqo/,ga usah minta maaf ga usah d cabut❤️,6.95777E+18,riduwan670,https://www.tiktok.com/@hai_online/video/7473394493971074311
https://p16-common-sign-useast2a.tiktokcdn-us.com/tos-useast2a-avt-0068-giso/cc22144c10d10639155824616df4e814~tplv-tiktokx-cropcenter:100:100.jpg?dr=9640&refresh_token=bfa8b554&x-expires=1746172800&x-signature=hZ4urwq71HUgPClkSS7zk7Erejc%3D&t=4d5b0474&ps=13740610&shp=30310797&shcp=ff37627b&idc=useast5,7.4737E+18,1740106675,2025-02-21T02:57:55.000Z,1,https://vt.tiktok.com/ZSh8FQbqo/,FALSE,FALSE,,0,https://vt.tiktok.com/ZSh8FQbqo/,Lah emg benar kan di bayar?,6.97064E+18,ari_170801,https://www.tiktok.com/@hai_online/video/7473394493971074311
https://p16-common-sign-va.tiktokcdn-us.com/tos-maliva-avt-0068/f1498bd9a724362b4429db3282baeafc~tplv-tiktokx-cropcenter:100:100.jpg?dr=9640&refresh_token=eac79da8&x-expires=1746172800&x-signature=g5wnHIUQs03UmoqOScr2bf1E34I%3D&t=4d5b0474&ps=13740610&shp=30310797&shcp=ff37627b&idc=useast5,7.4737E+18,1740106432,2025-02-21T02:53:52.000Z,1,https://vt.tiktok.com/ZSh8FQbqo/,FALSE,FALSE,,0,https://vt.tiktok.com/ZSh8FQbqo/,tapi yg di nyanyikan nya fakta lho,7.14021E+18,_wjalti_,https://www.tiktok.com/@hai_online/video/7473394493971074311
https://p16-common-sign-va.tiktokcdn-us.com/tos-maliva-avt-0068/80714c89e743cd9dbeaf8d32129aebbb~tplv-tiktokx-cropcenter:100:100.jpg?dr=9640&refresh_token=22d4a60c&x-expires=1746172800&x-signature=7iwMGm7P4s8BcIzxgpj5Ricr7mQ%3D&t=4d5b0474&ps=13740610&shp=30310797&shcp=ff37627b&idc=useast5,7.4737E+18,1740106110,2025-02-21T02:48:30.000Z,1,https://vt.tiktok.com/ZSh8FQbqo/,FALSE,FALSE,,0,https://vt.tiktok.com/ZSh8FQbqo/,mau jujur sulit. padahal fakta dan rahasia umum 🙏🏽,6.87933E+18,mimi_wrl,https://www.tiktok.com/@hai_online/video/7473394493971074311
https://p16-common-sign-va.tiktokcdn-us.com/tos-maliva-avt-0068/7316359470904999941~tplv-tiktokx-cropcenter:100:100.jpg?dr=9640&refresh_token=84417da4&x-expires=1746172800&x-signature=NKUdx9txpIWcECxatPlCnQRkUqk%3D&t=4d5b0474&ps=13740610&shp=30310797&shcp=ff37627b&idc=useast5,7.4737E+18,1740106104,2025-02-21T02:48:24.000Z,1,https://vt.tiktok.com/ZSh8FQbqo/,FALSE,FALSE,,0,https://vt.tiktok.com/ZSh8FQbqo/,ngapain minta maaf org kenyataan bos q baru mau jd polisi aja bayar,7.12541E+18,wayanedy77,https://www.tiktok.com/@hai_online/video/7473394493971074311
https://p16-common-sign-va.tiktokcdn-us.com/tos-maliva-avt-0068/b2de367c84756c0d8fd248f0f6632176~tplv-tiktokx-cropcenter:100:100.jpg?dr=9640&refresh_token=a3c0c571&x-expires=1746172800&x-signature=b2ZdgHSQoyRS4RAnO0UcUjDH7eI%3D&t=4d5b0474&ps=13740610&shp=30310797&shcp=ff37627b&idc=useast5,7.4737E+18,1740105974,2025-02-21T02:46:14.000Z,1,https://vt.tiktok.com/ZSh8FQbqo/,FALSE,FALSE,,0,https://vt.tiktok.com/ZSh8FQbqo/,anda anda orang yang sangat hebat,7.40077E+18,ki.rinyuh3,https://www.tiktok.com/@hai_online/video/7473394493971074311
https://p16-common-sign-va.tiktokcdn-us.com/tos-maliva-avt-0068/b2de367c84756c0d8fd248f0f6632176~tplv-tiktokx-cropcenter:100:100.jpg?dr=9640&refresh_token=a3c0c571&x-expires=1746172800&x-signature=b2ZdgHSQoyRS4RAnO0UcUjDH7eI%3D&t=4d5b0474&ps=13740610&shp=30310797&shcp=ff37627b&idc=useast5,7.4737E+18,1740105908,2025-02-21T02:45:08.000Z,1,https://vt.tiktok.com/ZSh8FQbqo/,FALSE,FALSE,,0,https://vt.tiktok.com/ZSh8FQbqo/,tidak usah minta maaf emng kenyataan itu terjadi dilakukan oknum,7.40077E+18,ki.rinyuh3,https://www.tiktok.com/@hai_online/video/7473394493971074311
https://p16-common-sign-sg.tiktokcdn-us.com/tos-alisg-avt-0068/4a5a75cf7c7c82db4b39b26d9a1bcba5~tplv-tiktokx-cropcenter:100:100.jpg?dr=9640&refresh_token=1e42edc1&x-expires=1746172800&x-signature=Visn2m5wMFpmkoIrSXCV1Ci1ATo%3D&t=4d5b0474&ps=13740610&shp=30310797&shcp=ff37627b&idc=useast5,7.4737E+18,1740105908,2025-02-21T02:45:08.000Z,1,https://vt.tiktok.com/ZSh8FQbqo/,FALSE,FALSE,,0,https://vt.tiktok.com/ZSh8FQbqo/,ganti aja liriknya jadi bayar puisi 😁,7.1863E+18,eehyien,https://www.tiktok.com/@hai_online/video/7473394493971074311
https://p16-common-sign-sg.tiktokcdn-us.com/tos-alisg-avt-0068/e941e74661565b6a6304791b13423e7d~tplv-tiktokx-cropcenter:100:100.jpg?dr=9640&refresh_token=1862ebda&x-expires=1746172800&x-signature=VYBGL%2FLi3MUHpt7f7B%2FosO2yVZg%3D&t=4d5b0474&ps=13740610&shp=30310797&shcp=ff37627b&idc=useast5,7.4737E+18,1740105360,2025-02-21T02:36:00.000Z,1,https://vt.tiktok.com/ZSh8FQbqo/,FALSE,FALSE,,0,https://vt.tiktok.com/ZSh8FQbqo/,ngapain minta maaf cok kenyataan juga🗿,7.18311E+18,masriin02_,https://www.tiktok.com/@hai_online/video/7473394493971074311
https://p16-common-sign-sg.tiktokcdn-us.com/tos-alisg-avt-0068/f6d2b96720a060e8038a1d6e6d13a147~tplv-tiktokx-cropcenter:100:100.jpg?dr=9640&refresh_token=f21f8fff&x-expires=1746172800&x-signature=XtoRWx9HqEY0E8ayQYXmEAAfPpw%3D&t=4d5b0474&ps=13740610&shp=30310797&shcp=ff37627b&idc=useast5,7.4737E+18,1740105276,2025-02-21T02:34:36.000Z,1,https://vt.tiktok.com/ZSh8FQbqo/,FALSE,FALSE,,0,https://vt.tiktok.com/ZSh8FQbqo/,"Jaman digital demokrasi moderen asal tidak bersifat pribadi gpp x,?!",6.82553E+18,bangjay1267,https://www.tiktok.com/@hai_online/video/7473394493971074311
https://p16-common-sign-sg.tiktokcdn-us.com/tos-alisg-avt-0068/df4e1a032b638ecf34f6cce9051a7a4e~tplv-tiktokx-cropcenter:100:100.jpg?dr=9640&refresh_token=3caaa380&x-expires=1746172800&x-signature=GXeNDOz0PeKwvia0uKCVeQrAaWE%3D&t=4d5b0474&ps=13740610&shp=30310797&shcp=ff37627b&idc=useast5,7.4737E+18,1740105259,2025-02-21T02:34:19.000Z,1,https://vt.tiktok.com/ZSh8FQbqo/,FALSE,FALSE,,0,https://vt.tiktok.com/ZSh8FQbqo/,lagu ini uda bener ngapain klafrikasi,6.82256E+18,candrahafis02,https://www.tiktok.com/@hai_online/video/7473394493971074311
https://p16-common-sign-useast2a.tiktokcdn-us.com/tos-useast2a-avt-0068-giso/7133828603019526171~tplv-tiktokx-cropcenter:100:100.jpg?dr=9640&refresh_token=96f5e6e9&x-expires=1746172800&x-signature=jPbHI0alKZ8hO64ttEPhHt1CHTE%3D&t=4d5b0474&ps=13740610&shp=30310797&shcp=ff37627b&idc=useast5,7.47369E+18,1740104058,2025-02-21T02:14:18.000Z,1,https://vt.tiktok.com/ZSh8FQbqo/,FALSE,FALSE,,0,https://vt.tiktok.com/ZSh8FQbqo/,"enakan lagunya SLANK yang berjudul
""posili yang baik hati""
he...he....he..he...
#bersamasukatani",6.91936E+18,agussriyanto478,https://www.tiktok.com/@hai_online/video/7473394493971074311
https://p16-common-sign-sg.tiktokcdn-us.com/tos-alisg-avt-0068/7328825792094765057~tplv-tiktokx-cropcenter:100:100.jpg?dr=9640&refresh_token=04012a96&x-expires=1746172800&x-signature=n2%2FByY1uWua1oEraoA8QmsIUvaY%3D&t=4d5b0474&ps=13740610&shp=30310797&shcp=ff37627b&idc=useast5,7.47369E+18,1740103974,2025-02-21T02:12:54.000Z,1,https://vt.tiktok.com/ZSh8FQbqo/,FALSE,FALSE,,0,https://vt.tiktok.com/ZSh8FQbqo/,"lebih baik Abadikan Lagu nya Sampai Kepolisian indo bisa benar benar di andal kan
dan kerja lebih cepat lagi",6.77049E+18,galaxy_666_999,https://www.tiktok.com/@hai_online/video/7473394493971074311
https://p16-common-sign-sg.tiktokcdn-us.com/tos-alisg-avt-0068/2d21b5f501e6d16469348af1edbb5cad~tplv-tiktokx-cropcenter:100:100.jpg?dr=9640&refresh_token=d0680295&x-expires=1746172800&x-signature=G46lOT46TqDCGvedHQOCUfMLJC0%3D&t=4d5b0474&ps=13740610&shp=30310797&shcp=ff37627b&idc=useast5,7.47369E+18,1740103964,2025-02-21T02:12:44.000Z,1,https://vt.tiktok.com/ZSh8FQbqo/,FALSE,FALSE,,0,https://vt.tiktok.com/ZSh8FQbqo/,baru kali ini seni ada batasan untum berkarya😅,6.87128E+18,rahmatsajid_,https://www.tiktok.com/@hai_online/video/7473394493971074311
https://p19-common-sign-va.tiktokcdn-us.com/tos-maliva-avt-0068/ae331557fcbe61674a8b94217bc93789~tplv-tiktokx-cropcenter:100:100.jpg?dr=9640&refresh_token=8d0709a4&x-expires=1746172800&x-signature=dRCXtjv0cfDBv3mzvEY6UaIiTpU%3D&t=4d5b0474&ps=13740610&shp=30310797&shcp=ff37627b&idc=useast5,7.47369E+18,1740103000,2025-02-21T01:56:40.000Z,1,https://vt.tiktok.com/ZSh8FQbqo/,FALSE,FALSE,,0,https://vt.tiktok.com/ZSh8FQbqo/,"kenapa minta maap??
kalian keren woèeee,",6.96933E+18,yudiodio,https://www.tiktok.com/@hai_online/video/7473394493971074311
https://p16-common-sign-sg.tiktokcdn-us.com/tos-alisg-avt-0068/83c2ea580dfbdb1ee103fc807ef9e144~tplv-tiktokx-cropcenter:100:100.jpg?dr=9640&refresh_token=824890c1&x-expires=1746172800&x-signature=Lr90dU6MDmmclIG%2FLK2C2S2Zh3U%3D&t=4d5b0474&ps=13740610&shp=30310797&shcp=ff37627b&idc=useast5,7.47368E+18,1740102826,2025-02-21T01:53:46.000Z,1,https://vt.tiktok.com/ZSh8FQbqo/,FALSE,FALSE,,0,https://vt.tiktok.com/ZSh8FQbqo/,"Lagu buat oknum, oknum nya tersindir",6.72196E+18,destyanesya,https://www.tiktok.com/@hai_online/video/7473394493971074311
https://p16-common-sign-va.tiktokcdn-us.com/tos-maliva-avt-0068/135f18f86e3bce7afba8d6c59e0cc293~tplv-tiktokx-cropcenter:100:100.jpg?dr=9640&refresh_token=f34ed894&x-expires=1746172800&x-signature=5J6puVTEoPA7iXbjOHWJJBr7uSw%3D&t=4d5b0474&ps=13740610&shp=30310797&shcp=ff37627b&idc=useast5,7.47368E+18,1740102814,2025-02-21T01:53:34.000Z,1,https://vt.tiktok.com/ZSh8FQbqo/,FALSE,FALSE,,0,https://vt.tiktok.com/ZSh8FQbqo/,250 jta terwakili dengan lagu itu,7.09747E+18,user2593221345017,https://www.tiktok.com/@hai_online/video/7473394493971074311
https://p16-common-sign-va.tiktokcdn-us.com/tos-maliva-avt-0068/e2cfc264f7c42b30d4c2c8f8fad752d0~tplv-tiktokx-cropcenter:100:100.jpg?dr=9640&refresh_token=5e968960&x-expires=1746172800&x-signature=bvWI49nG28OSmm19FZteV0xm8jI%3D&t=4d5b0474&ps=13740610&shp=30310797&shcp=ff37627b&idc=useast5,7.47368E+18,1740102558,2025-02-21T01:49:18.000Z,1,https://vt.tiktok.com/ZSh8FQbqo/,FALSE,FALSE,,0,https://vt.tiktok.com/ZSh8FQbqo/,menolak FAKTA,6.86928E+18,bang_ky89,https://www.tiktok.com/@hai_online/video/7473394493971074311
https://p16-common-sign-useast2a.tiktokcdn-us.com/tos-useast2a-avt-0068-giso/a838d01ffde57b308350492a3307eb19~tplv-tiktokx-cropcenter:100:100.jpg?dr=9640&refresh_token=c4270d94&x-expires=1746172800&x-signature=i3YvwxxHYLkBS8eEuQ2Xn1KdlQU%3D&t=4d5b0474&ps=13740610&shp=30310797&shcp=ff37627b&idc=useast5,7.47368E+18,1740101832,2025-02-21T01:37:12.000Z,1,https://vt.tiktok.com/ZSh8FQbqo/,FALSE,FALSE,,0,https://vt.tiktok.com/ZSh8FQbqo/,ayoooo seniman yg lain ciptakan karyamu yg terbaik,6.68295E+18,tri_supra,https://www.tiktok.com/@hai_online/video/7473394493971074311
https://p16-common-sign-va.tiktokcdn-us.com/musically-maliva-obj/1594805258216454~tplv-tiktokx-cropcenter:100:100.jpg?dr=9640&refresh_token=8a29684a&x-expires=1746172800&x-signature=7DZto9hg0aqFDqq0kULxMSzQbEQ%3D&t=4d5b0474&ps=13740610&shp=30310797&shcp=ff37627b&idc=useast5,7.47368E+18,1740101193,2025-02-21T01:26:33.000Z,1,https://vt.tiktok.com/ZSh8FQbqo/,FALSE,FALSE,,0,https://vt.tiktok.com/ZSh8FQbqo/,lah kenapa? lu sih buat judul lagu bayar tapi gak bayar oknumnya 😂,6.80867E+18,puansyah_96,https://www.tiktok.com/@hai_online/video/7473394493971074311
https://p16-common-sign-va.tiktokcdn-us.com/tos-maliva-avt-0068/0b7254464717e0b0bcda85952bb2b6e9~tplv-tiktokx-cropcenter:100:100.jpg?dr=9640&refresh_token=940f0111&x-expires=1746172800&x-signature=CtHuxVP9RprAZuruCdLR3Q04BDc%3D&t=4d5b0474&ps=13740610&shp=30310797&shcp=ff37627b&idc=useast5,7.47368E+18,1740101130,2025-02-21T01:25:30.000Z,1,https://vt.tiktok.com/ZSh8FQbqo/,FALSE,FALSE,,0,https://vt.tiktok.com/ZSh8FQbqo/,terimakasih sukatani terus berkarya... pemerintah selalu dukung kebebasan berekspresi.. kasus ini ga ada hubungannya sama pemerintah...,6.8875E+18,sabiiiilah,https://www.tiktok.com/@hai_online/video/7473394493971074311
https://p16-common-sign-va.tiktokcdn-us.com/tos-maliva-avt-0068/690c7761b29bc282f0d0ae93cc598cb5~tplv-tiktokx-cropcenter:100:100.jpg?dr=9640&refresh_token=26709c2e&x-expires=1746172800&x-signature=Ph8bJTaM3kicdK380X3zpch6Rrc%3D&t=4d5b0474&ps=13740610&shp=30310797&shcp=ff37627b&idc=useast5,7.47368E+18,1740100690,2025-02-21T01:18:10.000Z,1,https://vt.tiktok.com/ZSh8FQbqo/,FALSE,FALSE,,0,https://vt.tiktok.com/ZSh8FQbqo/,"ngapain harus minta maaf? kan kita berhak punya kebebasan ber expresi, hmmm",7.26569E+18,vhenqy,https://www.tiktok.com/@hai_online/video/7473394493971074311
https://p16-common-sign-va.tiktokcdn-us.com/tos-maliva-avt-0068/8d89f32cf3acf6be4af4965b86e09c50~tplv-tiktokx-cropcenter:100:100.jpg?dr=9640&refresh_token=3030b108&x-expires=1746172800&x-signature=YhOPyMxBGPTPL9J%2F%2BISonMMD%2BhQ%3D&t=4d5b0474&ps=13740610&shp=30310797&shcp=ff37627b&idc=useast5,7.47367E+18,1740100478,2025-02-21T01:14:38.000Z,1,https://vt.tiktok.com/ZSh8FQbqo/,FALSE,FALSE,,0,https://vt.tiktok.com/ZSh8FQbqo/,lagunya harusnya bayar dulu biar lolos xixiix,7.00424E+18,rasta_asoka27,https://www.tiktok.com/@hai_online/video/7473394493971074311
https://p16-common-sign-sg.tiktokcdn-us.com/tos-alisg-avt-0068/df05a60af816306317d928e3cc652481~tplv-tiktokx-cropcenter:100:100.jpg?dr=9640&refresh_token=670e01e7&x-expires=1746172800&x-signature=mQI0y6iKhn3sBZdkuvMGt2Asl7E%3D&t=4d5b0474&ps=13740610&shp=30310797&shcp=ff37627b&idc=useast5,7.47367E+18,1740100316,2025-02-21T01:11:56.000Z,1,https://vt.tiktok.com/ZSh8FQbqo/,FALSE,FALSE,,0,https://vt.tiktok.com/ZSh8FQbqo/,bayar bayar bayar polisi=hama,7.34801E+18,mig33reborn,https://www.tiktok.com/@hai_online/video/7473394493971074311
https://p16-common-sign-va.tiktokcdn-us.com/tos-maliva-avt-0068/f2e45917291acb0b24308592bf7a7c09~tplv-tiktokx-cropcenter:100:100.jpg?dr=9640&refresh_token=5e6c9f9b&x-expires=1746172800&x-signature=F1EAjjMUqsmhjpcHjhh2J%2BHcGGY%3D&t=4d5b0474&ps=13740610&shp=30310797&shcp=ff37627b&idc=useast5,7.47367E+18,1740100054,2025-02-21T01:07:34.000Z,1,https://vt.tiktok.com/ZSh8FQbqo/,FALSE,FALSE,,0,https://vt.tiktok.com/ZSh8FQbqo/,ini hasil karya seni anak bangsa skaligus kritikan nyata utk para jajaran kepolisian,6.9551E+18,wikaspa0,https://www.tiktok.com/@hai_online/video/7473394493971074311
https://p16-common-sign-sg.tiktokcdn-us.com/tos-alisg-avt-0068/0cee57006d41b93d8276803e7909c7b3~tplv-tiktokx-cropcenter:100:100.jpg?dr=9640&refresh_token=9dd07c3e&x-expires=1746172800&x-signature=sw48baFEP72dUNECsVGn4Tj%2B4UU%3D&t=4d5b0474&ps=13740610&shp=30310797&shcp=ff37627b&idc=useast5,7.47367E+18,1740099777,2025-02-21T01:02:57.000Z,1,https://vt.tiktok.com/ZSh8FQbqo/,FALSE,FALSE,,0,https://vt.tiktok.com/ZSh8FQbqo/,kalo ga fakta gabakal kesinggung sih🤣,7.08899E+18,akuuugueee,https://www.tiktok.com/@hai_online/video/7473394493971074311
https://p16-common-sign-sg.tiktokcdn-us.com/tos-alisg-avt-0068/61ca46bba97c4efec0e365bc4d243cc7~tplv-tiktokx-cropcenter:100:100.jpg?dr=9640&refresh_token=580004d2&x-expires=1746172800&x-signature=o4bAaektk910vJHWUWtPdBV8KXg%3D&t=4d5b0474&ps=13740610&shp=30310797&shcp=ff37627b&idc=useast5,7.47367E+18,1740099670,2025-02-21T01:01:10.000Z,1,https://vt.tiktok.com/ZSh8FQbqo/,FALSE,FALSE,,0,https://vt.tiktok.com/ZSh8FQbqo/,"dari expresinya terbebani dan tertekan, yakin lah kita sama² tau kalo sudah begini modelnya",7.08742E+18,chens_fukis_soundjet,https://www.tiktok.com/@hai_online/video/7473394493971074311
https://p16-common-sign-sg.tiktokcdn-us.com/tos-alisg-avt-0068/4bedf99695689185cf909acb5a7455dd~tplv-tiktokx-cropcenter:100:100.jpg?dr=9640&refresh_token=41e21755&x-expires=1746172800&x-signature=1BJqN0e8wfSoJBVqGKw0q2XQNr4%3D&t=4d5b0474&ps=13740610&shp=30310797&shcp=ff37627b&idc=useast5,7.47367E+18,1740099626,2025-02-21T01:00:26.000Z,1,https://vt.tiktok.com/ZSh8FQbqo/,FALSE,FALSE,,0,https://vt.tiktok.com/ZSh8FQbqo/,"Faktanya memang begitu, terus buat apa harus minta maaf ???",7.41924E+18,kanae6290,https://www.tiktok.com/@hai_online/video/7473394493971074311
https://p16-common-sign-va.tiktokcdn-us.com/tos-maliva-avt-0068/6c121d0455890e74fb7e28d5381c5e5c~tplv-tiktokx-cropcenter:100:100.jpg?dr=9640&refresh_token=0da76f67&x-expires=1746172800&x-signature=5NUa5qreKZLSmgWRk71LmyXbJuA%3D&t=4d5b0474&ps=13740610&shp=30310797&shcp=ff37627b&idc=useast5,7.47373E+18,1740114270,2025-02-21T05:04:30.000Z,0,https://vt.tiktok.com/ZSh8FQbqo/,FALSE,,7.4737E+18,,https://vt.tiktok.com/ZSh8FQbqo/,lah emg nya🗿😂,7.08704E+18,ree_x12,https://www.tiktok.com/@hai_online/video/7473394493971074311
https://p16-common-sign-va.tiktokcdn-us.com/tos-maliva-avt-0068/3120e76449bd5b920e9329b7484333f2~tplv-tiktokx-cropcenter:100:100.jpg?dr=9640&refresh_token=b890933b&x-expires=1746172800&x-signature=flAwrT4CMyh9XIPoEonxi%2F3LyB0%3D&t=4d5b0474&ps=13740610&shp=30310797&shcp=ff37627b&idc=useast5,7.47374E+18,1740115439,2025-02-21T05:23:59.000Z,0,https://vt.tiktok.com/ZSh8FQbqo/,FALSE,,7.4737E+18,,https://vt.tiktok.com/ZSh8FQbqo/,iya. mobil aku ilang juga bayar polisi.. klo bayar polisi diam aja,6.96626E+18,ima82522,https://www.tiktok.com/@hai_online/video/7473394493971074311
https://p16-common-sign-va.tiktokcdn-us.com/tos-maliva-avt-0068/4f94b76980381688f3ef3aaaea1b6f89~tplv-tiktokx-cropcenter:100:100.jpg?dr=9640&refresh_token=3da1f246&x-expires=1746172800&x-signature=ZD83L0O0KxiLCRwTFLe%2BMO6aMpI%3D&t=4d5b0474&ps=13740610&shp=30310797&shcp=ff37627b&idc=useast5,7.47358E+18,1740078671,2025-02-20T19:11:11.000Z,1,https://vt.tiktok.com/ZSh8FQbqo/,FALSE,FALSE,,0,https://vt.tiktok.com/ZSh8FQbqo/,Lahh emang bayar anjir,6.79399E+18,ebubblegum_,https://www.tiktok.com/@hai_online/video/7473394493971074311
https://p16-common-sign-sg.tiktokcdn-us.com/tos-alisg-avt-0068/29a424e5543a7ebb55dfa222f3318b7b~tplv-tiktokx-cropcenter:100:100.jpg?dr=9640&refresh_token=c30e7306&x-expires=1746172800&x-signature=9XcA3xjp0G0koWZu9%2FcAWIL%2FXXA%3D&t=4d5b0474&ps=13740610&shp=30310797&shcp=ff37627b&idc=useast5,7.47358E+18,1740078575,2025-02-20T19:09:35.000Z,1,https://vt.tiktok.com/ZSh8FQbqo/,FALSE,FALSE,,0,https://vt.tiktok.com/ZSh8FQbqo/,Jangan takut karena itu memang kenyataannya,6.56306E+18,vanzha.putra,https://www.tiktok.com/@hai_online/video/7473394493971074311
https://p16-common-sign-va.tiktokcdn-us.com/tos-maliva-avt-0068/b976f4814d387609266edd67b0465b5f~tplv-tiktokx-cropcenter:100:100.jpg?dr=9640&refresh_token=8154b1c1&x-expires=1746172800&x-signature=9vwBtY7eYhrU3YTa5GOPOznCZi0%3D&t=4d5b0474&ps=13740610&shp=30310797&shcp=ff37627b&idc=useast5,7.47358E+18,1740078336,2025-02-20T19:05:36.000Z,1,https://vt.tiktok.com/ZSh8FQbqo/,FALSE,FALSE,,0,https://vt.tiktok.com/ZSh8FQbqo/,"maju terus, teriakan kebenaran 💪💪💪👍👍",7.19924E+18,fauzixsyz06,https://www.tiktok.com/@hai_online/video/7473394493971074311
https://p16-common-sign-useast2a.tiktokcdn-us.com/tos-useast2a-avt-0068-aiso/426f2fff10c72bec747c6886246c51c0~tplv-tiktokx-cropcenter:100:100.jpg?dr=9640&refresh_token=dad5c741&x-expires=1746172800&x-signature=YoKzT%2FZC0k4tiKS3gmpA0XesGSg%3D&t=4d5b0474&ps=13740610&shp=30310797&shcp=ff37627b&idc=useast5,7.47358E+18,1740078105,2025-02-20T19:01:45.000Z,1,https://vt.tiktok.com/ZSh8FQbqo/,FALSE,FALSE,,0,https://vt.tiktok.com/ZSh8FQbqo/,takedown won't kill punk spirit,6.76739E+18,pamelings,https://www.tiktok.com/@hai_online/video/7473394493971074311
https://p16-common-sign-va.tiktokcdn-us.com/tos-maliva-avt-0068/e39ae734d47482e45c7fffff31dacd61~tplv-tiktokx-cropcenter:100:100.jpg?dr=9640&refresh_token=073a41f7&x-expires=1746172800&x-signature=X6sKl6u9dK%2BJr8CRDyTFfE1Kq1Q%3D&t=4d5b0474&ps=13740610&shp=30310797&shcp=ff37627b&idc=useast5,7.47358E+18,1740077339,2025-02-20T18:48:59.000Z,1,https://vt.tiktok.com/ZSh8FQbqo/,FALSE,FALSE,,0,https://vt.tiktok.com/ZSh8FQbqo/,forever1312,6.88724E+18,arsyriots,https://www.tiktok.com/@hai_online/video/7473394493971074311
https://p16-common-sign-sg.tiktokcdn-us.com/tos-alisg-avt-0068/e44ef831db16a4b3bca71631365df60b~tplv-tiktokx-cropcenter:100:100.jpg?dr=9640&refresh_token=005feee2&x-expires=1746172800&x-signature=%2FywjyXCK0rcP1%2Bfw5%2Bn9vxPMNs8%3D&t=4d5b0474&ps=13740610&shp=30310797&shcp=ff37627b&idc=useast5,7.47357E+18,1740076500,2025-02-20T18:35:00.000Z,1,https://vt.tiktok.com/ZSh8FQbqo/,FALSE,FALSE,,1,https://vt.tiktok.com/ZSh8FQbqo/,di depan nya banyak polisss😂,6.70417E+18,newvirly_22,https://www.tiktok.com/@hai_online/video/7473394493971074311
https://p16-common-sign-useast2a.tiktokcdn-us.com/tos-useast2a-avt-0068-giso/0fb1974fdcd551323cbed92be828adb1~tplv-tiktokx-cropcenter:100:100.jpg?dr=9640&refresh_token=c9f28a13&x-expires=1746172800&x-signature=i7puqlkazjr4N%2FW0UU7xRi7DwSA%3D&t=4d5b0474&ps=13740610&shp=30310797&shcp=ff37627b&idc=useast5,7.47357E+18,1740076061,2025-02-20T18:27:41.000Z,1,https://vt.tiktok.com/ZSh8FQbqo/,FALSE,FALSE,,0,https://vt.tiktok.com/ZSh8FQbqo/,Lah apaan ini alergi fakta?,6.79287E+18,rizkizzzi,https://www.tiktok.com/@hai_online/video/7473394493971074311
https://p16-common-sign-va.tiktokcdn-us.com/tos-maliva-avt-0068/0d762a73408d62478a1443343592b5ff~tplv-tiktokx-cropcenter:100:100.jpg?dr=9640&refresh_token=6456c693&x-expires=1746172800&x-signature=kYZgkuKTIY0PC4J9vvpyo94o2qg%3D&t=4d5b0474&ps=13740610&shp=30310797&shcp=ff37627b&idc=useast5,7.47357E+18,1740075288,2025-02-20T18:14:48.000Z,1,https://vt.tiktok.com/ZSh8FQbqo/,FALSE,FALSE,,0,https://vt.tiktok.com/ZSh8FQbqo/,KONOHA ALERGI FAKTA,7.18122E+18,nsrlll8,https://www.tiktok.com/@hai_online/video/7473394493971074311
https://p16-common-sign-va.tiktokcdn-us.com/tos-maliva-avt-0068/507e516934962a3e2f362c6aa85489ba~tplv-tiktokx-cropcenter:100:100.jpg?dr=9640&refresh_token=8d6c5d81&x-expires=1746172800&x-signature=ySmnS64CDNsqzYATvYzlSIbF92w%3D&t=4d5b0474&ps=13740610&shp=30310797&shcp=ff37627b&idc=useast5,7.47356E+18,1740074895,2025-02-20T18:08:15.000Z,1,https://vt.tiktok.com/ZSh8FQbqo/,FALSE,FALSE,,0,https://vt.tiktok.com/ZSh8FQbqo/,kawal sukatani👊🏻,6.75987E+18,ocaa.w,https://www.tiktok.com/@hai_online/video/7473394493971074311
https://p16-common-sign-va.tiktokcdn-us.com/tos-maliva-avt-0068/4dbb5cd3b749afa796332e29c460a1e8~tplv-tiktokx-cropcenter:100:100.jpg?dr=9640&refresh_token=3d094db0&x-expires=1746172800&x-signature=JCL%2BRecmiAQJHc%2B73Bk8609e6Eg%3D&t=4d5b0474&ps=13740610&shp=30310797&shcp=ff37627b&idc=useast5,7.47356E+18,1740074768,2025-02-20T18:06:08.000Z,1,https://vt.tiktok.com/ZSh8FQbqo/,FALSE,FALSE,,0,https://vt.tiktok.com/ZSh8FQbqo/,pasti di intervensi,6.92939E+18,bloodgamet,https://www.tiktok.com/@hai_online/video/7473394493971074311
https://p16-common-sign-sg.tiktokcdn-us.com/tos-alisg-avt-0068/a6eecf1b3e106cc009696a11d7bb2f4b~tplv-tiktokx-cropcenter:100:100.jpg?dr=9640&refresh_token=6af25e6e&x-expires=1746172800&x-signature=5xgmZaqygXjHvmgVzyJima3Fq3o%3D&t=4d5b0474&ps=13740610&shp=30310797&shcp=ff37627b&idc=useast5,7.47356E+18,1740074378,2025-02-20T17:59:38.000Z,1,https://vt.tiktok.com/ZSh8FQbqo/,FALSE,FALSE,,0,https://vt.tiktok.com/ZSh8FQbqo/,bukannya lagu itu diangkat dari kisah nyata?,6.85757E+18,dewatawa,https://www.tiktok.com/@hai_online/video/7473394493971074311
https://p19-common-sign-sg.tiktokcdn-us.com/tos-alisg-avt-0068/a03844e019a48398d7c20615c77c69a5~tplv-tiktokx-cropcenter:100:100.jpg?dr=9640&refresh_token=130bb407&x-expires=1746172800&x-signature=w11LfuomPBtU%2B%2F81fnMY48C4GMI%3D&t=4d5b0474&ps=13740610&shp=30310797&shcp=ff37627b&idc=useast5,7.47356E+18,1740073657,2025-02-20T17:47:37.000Z,1,https://vt.tiktok.com/ZSh8FQbqo/,FALSE,FALSE,,0,https://vt.tiktok.com/ZSh8FQbqo/,"Sebenarnya kita rakyat ga butuh polisi', cuma kita ga enakan sama negara saja",6.8292E+18,febri_rnsyah,https://www.tiktok.com/@hai_online/video/7473394493971074311
https://p16-common-sign-sg.tiktokcdn-us.com/tos-alisg-avt-0068/a9962e85c44b2df91e126366674dfe49~tplv-tiktokx-cropcenter:100:100.jpg?dr=9640&refresh_token=801799ae&x-expires=1746172800&x-signature=TH57zKCK0W%2Fb%2FJgvdmoqX%2BNXxog%3D&t=4d5b0474&ps=13740610&shp=30310797&shcp=ff37627b&idc=useast5,7.47356E+18,1740073443,2025-02-20T17:44:03.000Z,1,https://vt.tiktok.com/ZSh8FQbqo/,FALSE,FALSE,,0,https://vt.tiktok.com/ZSh8FQbqo/,"Rahasia yg bukan Rahasia
#kamibersamaSUKATANI",7.34016E+18,slayer.orenjus,https://www.tiktok.com/@hai_online/video/7473394493971074311
https://p16-common-sign-va.tiktokcdn-us.com/tos-maliva-avt-0068/331403b8668c481ca08c32de0cfcf494~tplv-tiktokx-cropcenter:100:100.jpg?dr=9640&refresh_token=b04c681e&x-expires=1746172800&x-signature=uVscaHupJhhw5kp%2B48xB%2FKVNsDo%3D&t=4d5b0474&ps=13740610&shp=30310797&shcp=ff37627b&idc=useast5,7.47356E+18,1740072900,2025-02-20T17:35:00.000Z,1,https://vt.tiktok.com/ZSh8FQbqo/,FALSE,FALSE,,0,https://vt.tiktok.com/ZSh8FQbqo/,"tolak pembungkaman karya seni
#kamibersamasukatani",7.23039E+18,wong.rodo.rodoo,https://www.tiktok.com/@hai_online/video/7473394493971074311
https://p19-common-sign-sg.tiktokcdn-us.com/tos-alisg-avt-0068/7f48515039127bb023639fab2a6e83b2~tplv-tiktokx-cropcenter:100:100.jpg?dr=9640&refresh_token=7eb3ffca&x-expires=1746172800&x-signature=num21s9D3naWD6XHhYlDtSSbqK8%3D&t=4d5b0474&ps=13740610&shp=30310797&shcp=ff37627b&idc=useast5,7.47355E+18,1740072537,2025-02-20T17:28:57.000Z,1,https://vt.tiktok.com/ZSh8FQbqo/,FALSE,FALSE,,0,https://vt.tiktok.com/ZSh8FQbqo/,"dapat ancaman apa ya kira""",7.27569E+18,kopino_sugar,https://www.tiktok.com/@hai_online/video/7473394493971074311
https://p16-common-sign-va.tiktokcdn-us.com/tos-maliva-avt-0068/7333485008617832453~tplv-tiktokx-cropcenter:100:100.jpg?dr=9640&refresh_token=09afe8f4&x-expires=1746172800&x-signature=66z6lWT0VME%2F14cdJPjPlgKMND0%3D&t=4d5b0474&ps=13740610&shp=30310797&shcp=ff37627b&idc=useast5,7.47355E+18,1740072535,2025-02-20T17:28:55.000Z,1,https://vt.tiktok.com/ZSh8FQbqo/,FALSE,FALSE,,0,https://vt.tiktok.com/ZSh8FQbqo/,emang fakta nya seperti itu,7.10375E+18,yayan.supiandi,https://www.tiktok.com/@hai_online/video/7473394493971074311
https://p16-common-sign-useast2a.tiktokcdn-us.com/tos-useast2a-avt-0068-giso/fb74d0269a0f35f49e8c6df16b676e4e~tplv-tiktokx-cropcenter:100:100.jpg?dr=9640&refresh_token=57a73700&x-expires=1746172800&x-signature=GcTipWxY9feliwNr%2FV6pQhDhF1g%3D&t=4d5b0474&ps=13740610&shp=30310797&shcp=ff37627b&idc=useast5,7.47355E+18,1740072516,2025-02-20T17:28:36.000Z,1,https://vt.tiktok.com/ZSh8FQbqo/,FALSE,FALSE,,0,https://vt.tiktok.com/ZSh8FQbqo/,melanggar peraturan apa.kalian seniman bebas loh,7.10335E+18,41215iis_kecil,https://www.tiktok.com/@hai_online/video/7473394493971074311
https://p16-common-sign-sg.tiktokcdn-us.com/tos-alisg-avt-0068/6cec00b4b2cf88533994413d9e63b2bd~tplv-tiktokx-cropcenter:100:100.jpg?dr=9640&refresh_token=2fce9278&x-expires=1746172800&x-signature=Nur2DmQVJqvaBshJNbx%2F0FLT4B4%3D&t=4d5b0474&ps=13740610&shp=30310797&shcp=ff37627b&idc=useast5,7.47355E+18,1740070641,2025-02-20T16:57:21.000Z,1,https://vt.tiktok.com/ZSh8FQbqo/,FALSE,FALSE,,0,https://vt.tiktok.com/ZSh8FQbqo/,"ngapain minta maaf, ketika bicara fakta yg menjdi fenomena kenapa musti dibungkam",6.82478E+18,bg_pml,https://www.tiktok.com/@hai_online/video/7473394493971074311
https://p16-common-sign-sg.tiktokcdn-us.com/tos-alisg-avt-0068/3d45fc9b8261b877bce21a2076cd893c~tplv-tiktokx-cropcenter:100:100.jpg?dr=9640&refresh_token=5c55a245&x-expires=1746172800&x-signature=AHSUROy7%2BIkgB6h5MBKltaaCL3c%3D&t=4d5b0474&ps=13740610&shp=30310797&shcp=ff37627b&idc=useast5,7.47355E+18,1740070617,2025-02-20T16:56:57.000Z,1,https://vt.tiktok.com/ZSh8FQbqo/,FALSE,FALSE,,0,https://vt.tiktok.com/ZSh8FQbqo/,kn fakta yg dia ciptakan 🗿,6.90047E+18,annisanurrahma20,https://www.tiktok.com/@hai_online/video/7473394493971074311
https://p16-common-sign-sg.tiktokcdn-us.com/tos-alisg-avt-0068/621e942bbc364272c64e13d3cf1785d7~tplv-tiktokx-cropcenter:100:100.jpg?dr=9640&refresh_token=fd50fc86&x-expires=1746172800&x-signature=MeF1GiKdfNPgA%2Fst3BtMK1HUPX4%3D&t=4d5b0474&ps=13740610&shp=30310797&shcp=ff37627b&idc=useast5,7.47355E+18,1740070571,2025-02-20T16:56:11.000Z,1,https://vt.tiktok.com/ZSh8FQbqo/,FALSE,FALSE,,0,https://vt.tiktok.com/ZSh8FQbqo/,jir berasa orde baru semua dibungkam,7.4483E+18,mulyonoduongorajakibul,https://www.tiktok.com/@hai_online/video/7473394493971074311
https://p16-common-sign-sg.tiktokcdn-us.com/tos-alisg-avt-0068/eba687e9dcd33ba07e4e1c858794e9f5~tplv-tiktokx-cropcenter:100:100.jpg?dr=9640&refresh_token=8cc55432&x-expires=1746172800&x-signature=21g%2Bk%2FhJzTV9ix4H%2BNbPZNBMSJM%3D&t=4d5b0474&ps=13740610&shp=30310797&shcp=ff37627b&idc=useast5,7.47355E+18,1740070363,2025-02-20T16:52:43.000Z,1,https://vt.tiktok.com/ZSh8FQbqo/,FALSE,FALSE,,0,https://vt.tiktok.com/ZSh8FQbqo/,karya keren dibungkam karena terlalu sesuai kenyataan😱,7.17769E+18,seubobbs,https://www.tiktok.com/@hai_online/video/7473394493971074311
https://p16-common-sign-va.tiktokcdn-us.com/tos-maliva-avt-0068/11a611e9544089e80958c3b6fc7d403a~tplv-tiktokx-cropcenter:100:100.jpg?dr=9640&refresh_token=91405308&x-expires=1746172800&x-signature=JaMmzZbeGy9JiPGW2HOGfMRd89s%3D&t=4d5b0474&ps=13740610&shp=30310797&shcp=ff37627b&idc=useast5,7.47354E+18,1740070193,2025-02-20T16:49:53.000Z,1,https://vt.tiktok.com/ZSh8FQbqo/,FALSE,FALSE,,0,https://vt.tiktok.com/ZSh8FQbqo/,ini kan fakta kenapa harus minta maaf,7.18983E+18,benk8349,https://www.tiktok.com/@hai_online/video/7473394493971074311
https://p19-common-sign-va.tiktokcdn-us.com/tos-maliva-avt-0068/a91b855aa3d5b76b138111b6a70edcef~tplv-tiktokx-cropcenter:100:100.jpg?dr=9640&refresh_token=5e7b4218&x-expires=1746172800&x-signature=gzaIf3d53tV9h8E8DNeUYwL9kpE%3D&t=4d5b0474&ps=13740610&shp=30310797&shcp=ff37627b&idc=useast5,7.47354E+18,1740069921,2025-02-20T16:45:21.000Z,1,https://vt.tiktok.com/ZSh8FQbqo/,FALSE,FALSE,,0,https://vt.tiktok.com/ZSh8FQbqo/,mauuu klarifikasi bayar polisiii 🔥🔥🔥,7.00551E+18,willddd0,https://www.tiktok.com/@hai_online/video/7473394493971074311
https://p16-common-sign-va.tiktokcdn-us.com/tos-maliva-avt-0068/7353486386681774085~tplv-tiktokx-cropcenter:100:100.jpg?dr=9640&refresh_token=e6c6d0ca&x-expires=1746172800&x-signature=Da1TTwYahxyHggXwODjhAlwpZ%2F8%3D&t=4d5b0474&ps=13740610&shp=30310797&shcp=ff37627b&idc=useast5,7.47354E+18,1740069730,2025-02-20T16:42:10.000Z,1,https://vt.tiktok.com/ZSh8FQbqo/,FALSE,FALSE,,0,https://vt.tiktok.com/ZSh8FQbqo/,"gk perlu minta maaf mas, emg kenyataannya begitu 👍👍",7.35349E+18,ardhidhiwenk,https://www.tiktok.com/@hai_online/video/7473394493971074311
https://p16-common-sign-sg.tiktokcdn-us.com/tos-alisg-avt-0068/a94f75e2ed4b1ede7e8b5909e4739d9a~tplv-tiktokx-cropcenter:100:100.jpg?dr=9640&refresh_token=25a91414&x-expires=1746172800&x-signature=93u7gLCq6aRcCIJ%2FcZ5Pyy2Iunw%3D&t=4d5b0474&ps=13740610&shp=30310797&shcp=ff37627b&idc=useast5,7.47354E+18,1740069636,2025-02-20T16:40:36.000Z,1,https://vt.tiktok.com/ZSh8FQbqo/,FALSE,FALSE,,0,https://vt.tiktok.com/ZSh8FQbqo/,polisi itu kerjanya apa sih?,7.06379E+18,agus_riaman,https://www.tiktok.com/@hai_online/video/7473394493971074311
https://p16-common-sign-va.tiktokcdn-us.com/tos-maliva-avt-0068/452b74020f6a589b59bf05e15806f784~tplv-tiktokx-cropcenter:100:100.jpg?dr=9640&refresh_token=ff8b08dc&x-expires=1746172800&x-signature=tCyhj61eKjcIXE46C2MXHkaf2vI%3D&t=4d5b0474&ps=13740610&shp=30310797&shcp=ff37627b&idc=useast5,7.47354E+18,1740069562,2025-02-20T16:39:22.000Z,1,https://vt.tiktok.com/ZSh8FQbqo/,FALSE,FALSE,,0,https://vt.tiktok.com/ZSh8FQbqo/,"klo gk merasa kenapa para aparatur negara menyuruh klarifikasi, jangan jangan!!!",6.99846E+18,wa.egood,https://www.tiktok.com/@hai_online/video/7473394493971074311
https://p16-common-sign-va.tiktokcdn-us.com/tos-maliva-avt-0068/f47c028dee81e787ce2279fe4063a7e8~tplv-tiktokx-cropcenter:100:100.jpg?dr=9640&refresh_token=9c299c7f&x-expires=1746172800&x-signature=J1KYd3dcyeijgbhw%2Fse%2FBaHGkjw%3D&t=4d5b0474&ps=13740610&shp=30310797&shcp=ff37627b&idc=useast5,7.47354E+18,1740069472,2025-02-20T16:37:52.000Z,1,https://vt.tiktok.com/ZSh8FQbqo/,FALSE,FALSE,,3,https://vt.tiktok.com/ZSh8FQbqo/,ngapain minta maaf? kan fakta.,6.87832E+18,arizkazulf,https://www.tiktok.com/@hai_online/video/7473394493971074311
https://p16-common-sign-va.tiktokcdn-us.com/tos-maliva-avt-0068/5129e029aa096444aa680362079c2e4c~tplv-tiktokx-cropcenter:100:100.jpg?dr=9640&refresh_token=280ac85c&x-expires=1746172800&x-signature=ZIVVXzqYyOXZfubkehW7ZqrV3Zw%3D&t=4d5b0474&ps=13740610&shp=30310797&shcp=ff37627b&idc=useast5,7.47354E+18,1740069284,2025-02-20T16:34:44.000Z,1,https://vt.tiktok.com/ZSh8FQbqo/,FALSE,FALSE,,0,https://vt.tiktok.com/ZSh8FQbqo/,"Terbenam&Tertekan Bayar Bayar Polisi
Terbitlah dan Bermunculan Bayar bayar Polisi Laennya
Takut kok SM Lagu
tunjukan klo mmang itu tdak benar
#kamiBersamasukatani",6.93118E+18,ibnu_zen,https://www.tiktok.com/@hai_online/video/7473394493971074311
https://p16-common-sign-va.tiktokcdn-us.com/tos-maliva-avt-0068/581a55de962c47505b748702dcb0c2e4~tplv-tiktokx-cropcenter:100:100.jpg?dr=9640&refresh_token=e31b5303&x-expires=1746172800&x-signature=MjgHXqQvfPJFSFGwGOhtHdQh2qw%3D&t=4d5b0474&ps=13740610&shp=30310797&shcp=ff37627b&idc=useast5,7.47354E+18,1740068428,2025-02-20T16:20:28.000Z,1,https://vt.tiktok.com/ZSh8FQbqo/,FALSE,FALSE,,0,https://vt.tiktok.com/ZSh8FQbqo/,"Gausa minta maaf , instansi paling bobrok yaa siapa lagi kalo bukan ISOLOP",6.55044E+18,ferdinansyahr,https://www.tiktok.com/@hai_online/video/7473394493971074311
https://p16-common-sign-va.tiktokcdn-us.com/tos-maliva-avt-0068/a3f7346e873a0683eea451e40907ff4d~tplv-tiktokx-cropcenter:100:100.jpg?dr=9640&refresh_token=0c84ffb5&x-expires=1746172800&x-signature=90U6MsqHKJEJWwRuV1L4j3%2BIMPc%3D&t=4d5b0474&ps=13740610&shp=30310797&shcp=ff37627b&idc=useast5,7.47353E+18,1740067889,2025-02-20T16:11:29.000Z,1,https://vt.tiktok.com/ZSh8FQbqo/,FALSE,FALSE,,0,https://vt.tiktok.com/ZSh8FQbqo/,Ngapa di suruh klarivikasi kalo memang kenyataan 🗿,7.25029E+18,var_lam28,https://www.tiktok.com/@hai_online/video/7473394493971074311
https://p16-common-sign-va.tiktokcdn-us.com/tos-maliva-avt-0068/f776ae745751d2c0cfe2dfc152bbfb6d~tplv-tiktokx-cropcenter:100:100.jpg?dr=9640&refresh_token=08b43d1d&x-expires=1746172800&x-signature=85xA7%2FEi8QVlLYulVk8SJIhGKYo%3D&t=4d5b0474&ps=13740610&shp=30310797&shcp=ff37627b&idc=useast5,7.47363E+18,1740090216,2025-02-20T22:23:36.000Z,0,https://vt.tiktok.com/ZSh8FQbqo/,FALSE,,7.47357E+18,,https://vt.tiktok.com/ZSh8FQbqo/,fix sih 😂,6.97343E+18,flowerss115,https://www.tiktok.com/@hai_online/video/7473394493971074311
https://p19-common-sign-va.tiktokcdn-us.com/tos-maliva-avt-0068/006d50e8062d0cba4ca6e0a5635e4dec~tplv-tiktokx-cropcenter:100:100.jpg?dr=9640&refresh_token=0d098d28&x-expires=1746172800&x-signature=MjOnebjUmq3D6vPTqWN087VL1d8%3D&t=4d5b0474&ps=13740610&shp=30310797&shcp=ff37627b&idc=useast5,7.47354E+18,1740069559,2025-02-20T16:39:19.000Z,0,https://vt.tiktok.com/ZSh8FQbqo/,FALSE,,7.47354E+18,,https://vt.tiktok.com/ZSh8FQbqo/,mungkin ada intimidasi dari si coklat makan nya mnta maaf,7.28282E+18,mafia_midil,https://www.tiktok.com/@hai_online/video/7473394493971074311
https://p16-common-sign-va.tiktokcdn-us.com/tos-maliva-avt-0068/f47c028dee81e787ce2279fe4063a7e8~tplv-tiktokx-cropcenter:100:100.jpg?dr=9640&refresh_token=9c299c7f&x-expires=1746172800&x-signature=J1KYd3dcyeijgbhw%2Fse%2FBaHGkjw%3D&t=4d5b0474&ps=13740610&shp=30310797&shcp=ff37627b&idc=useast5,7.47354E+18,1740069598,2025-02-20T16:39:58.000Z,0,https://vt.tiktok.com/ZSh8FQbqo/,FALSE,,7.47354E+18,,https://vt.tiktok.com/ZSh8FQbqo/,iya kak betul,6.87832E+18,arizkazulf,https://www.tiktok.com/@hai_online/video/7473394493971074311
https://p19-common-sign-va.tiktokcdn-us.com/tos-maliva-avt-0068/006d50e8062d0cba4ca6e0a5635e4dec~tplv-tiktokx-cropcenter:100:100.jpg?dr=9640&refresh_token=0d098d28&x-expires=1746172800&x-signature=MjOnebjUmq3D6vPTqWN087VL1d8%3D&t=4d5b0474&ps=13740610&shp=30310797&shcp=ff37627b&idc=useast5,7.47354E+18,1740069767,2025-02-20T16:42:47.000Z,0,https://vt.tiktok.com/ZSh8FQbqo/,FALSE,,7.47354E+18,,https://vt.tiktok.com/ZSh8FQbqo/,"taun sendiri kak di Konoha gmn, beda dgn luar negri contoh greenday aja mereka kritik negara malahan tp tetap bebas",7.28282E+18,mafia_midil,https://www.tiktok.com/@hai_online/video/7473394493971074311
https://p16-common-sign-sg.tiktokcdn-us.com/tos-alisg-avt-0068/e1fd908c2b33740c9f121c39ce461a10~tplv-tiktokx-cropcenter:100:100.jpg?dr=9640&refresh_token=cca9672e&x-expires=1746172800&x-signature=lSPlyHLfoj0lpd0UW230ls6gvpE%3D&t=4d5b0474&ps=13740610&shp=30310797&shcp=ff37627b&idc=useast5,7.47349E+18,1740057933,2025-02-20T13:25:33.000Z,1,https://vt.tiktok.com/ZSh8FQbqo/,FALSE,FALSE,,0,https://vt.tiktok.com/ZSh8FQbqo/,Bayar P0L1$1,6.96925E+18,dodyagustinaa,https://www.tiktok.com/@hai_online/video/7473394493971074311
https://p16-common-sign-va.tiktokcdn-us.com/tos-maliva-avt-0068/cc9ff825aa24b1985b0438c9f71e451c~tplv-tiktokx-cropcenter:100:100.jpg?dr=9640&refresh_token=d4ff0875&x-expires=1746172800&x-signature=Jb32rL4ku%2BgYiLLRLum78KFsbyg%3D&t=4d5b0474&ps=13740610&shp=30310797&shcp=ff37627b&idc=useast5,7.47349E+18,1740057929,2025-02-20T13:25:29.000Z,1,https://vt.tiktok.com/ZSh8FQbqo/,FALSE,FALSE,,0,https://vt.tiktok.com/ZSh8FQbqo/,"padahal udh ril,tapi minta maaf🗿",6.99443E+18,enaiken,https://www.tiktok.com/@hai_online/video/7473394493971074311
https://p16-common-sign-sg.tiktokcdn-us.com/tos-alisg-avt-0068/7333054561240186898~tplv-tiktokx-cropcenter:100:100.jpg?dr=9640&refresh_token=964b9226&x-expires=1746172800&x-signature=NMKh8WDXpkFgOLkHF9Yfk5Ach84%3D&t=4d5b0474&ps=13740610&shp=30310797&shcp=ff37627b&idc=useast5,7.47349E+18,1740057884,2025-02-20T13:24:44.000Z,1,https://vt.tiktok.com/ZSh8FQbqo/,FALSE,FALSE,,0,https://vt.tiktok.com/ZSh8FQbqo/,kenapa minta maaf kan itu cuma kritikan yang berbentuk lagu,6.56148E+18,.bangau_,https://www.tiktok.com/@hai_online/video/7473394493971074311
https://p16-common-sign-useast2a.tiktokcdn-us.com/tos-useast2a-avt-0068-euttp/7322249915894071329~tplv-tiktokx-cropcenter:100:100.jpg?dr=9640&refresh_token=20e26f2b&x-expires=1746172800&x-signature=p1rdIfxrojxsQehd%2FzNxs%2Bwdlqg%3D&t=4d5b0474&ps=13740610&shp=30310797&shcp=ff37627b&idc=useast5,7.47349E+18,1740057863,2025-02-20T13:24:23.000Z,1,https://vt.tiktok.com/ZSh8FQbqo/,FALSE,FALSE,,0,https://vt.tiktok.com/ZSh8FQbqo/,Padahal realita harusnya g perlu minta maaf,6.84884E+18,iyandris,https://www.tiktok.com/@hai_online/video/7473394493971074311
https://p16-common-sign-useast2a.tiktokcdn-us.com/tos-useast2a-avt-0068-giso/7157740600136040475~tplv-tiktokx-cropcenter:100:100.jpg?dr=9640&refresh_token=e71e835d&x-expires=1746172800&x-signature=h%2FmMHJ3nW3b7nkHkxqFA%2BSDP%2FMU%3D&t=4d5b0474&ps=13740610&shp=30310797&shcp=ff37627b&idc=useast5,7.47349E+18,1740057458,2025-02-20T13:17:38.000Z,1,https://vt.tiktok.com/ZSh8FQbqo/,FALSE,FALSE,,0,https://vt.tiktok.com/ZSh8FQbqo/,faktanya kan seperti itu,7.1527E+18,dekaludiyana442,https://www.tiktok.com/@hai_online/video/7473394493971074311
https://p16-common-sign-sg.tiktokcdn-us.com/tos-alisg-avt-0068/8006e3dcbd6821af1ee4505fa534fe78~tplv-tiktokx-cropcenter:100:100.jpg?dr=9640&refresh_token=fe874fbe&x-expires=1746172800&x-signature=I3ihfo9jB%2BxXs%2F7%2B7RPRhwXUxP8%3D&t=4d5b0474&ps=13740610&shp=30310797&shcp=ff37627b&idc=useast5,7.47349E+18,1740057404,2025-02-20T13:16:44.000Z,1,https://vt.tiktok.com/ZSh8FQbqo/,FALSE,FALSE,,1,https://vt.tiktok.com/ZSh8FQbqo/,"di liriknya "" mau jadi polisi..."" apa kelanjutannya manteman 🤣🗿😂",6.80378E+18,aamrohman,https://www.tiktok.com/@hai_online/video/7473394493971074311
https://p16-common-sign-useast2a.tiktokcdn-us.com/tos-useast2a-avt-0068-giso/d9d1ae9abdf089e9155079ce718c2e5f~tplv-tiktokx-cropcenter:100:100.jpg?dr=9640&refresh_token=ee3c734d&x-expires=1746172800&x-signature=w82z%2F8QATz7DoiQqGJcGRySmkSk%3D&t=4d5b0474&ps=13740610&shp=30310797&shcp=ff37627b&idc=useast5,7.47349E+18,1740057365,2025-02-20T13:16:05.000Z,1,https://vt.tiktok.com/ZSh8FQbqo/,FALSE,FALSE,,0,https://vt.tiktok.com/ZSh8FQbqo/,lha pertanyaannya benar ga bayar2?,6.95934E+18,bexsdoank,https://www.tiktok.com/@hai_online/video/7473394493971074311
https://p16-common-sign-sg.tiktokcdn-us.com/tos-alisg-avt-0068/c5a7348855feecd25348fcf3c0bee625~tplv-tiktokx-cropcenter:100:100.jpg?dr=9640&refresh_token=a023abfb&x-expires=1746172800&x-signature=VYkFoouLK8aeCRVAdyTMWZt7Ork%3D&t=4d5b0474&ps=13740610&shp=30310797&shcp=ff37627b&idc=useast5,7.47349E+18,1740057217,2025-02-20T13:13:37.000Z,1,https://vt.tiktok.com/ZSh8FQbqo/,FALSE,FALSE,,0,https://vt.tiktok.com/ZSh8FQbqo/,"benar juga tagline broron ""fakta tidak mengenal perasaan""",7.43356E+18,adi.kuncoro26,https://www.tiktok.com/@hai_online/video/7473394493971074311
https://p16-common-sign-va.tiktokcdn-us.com/tos-maliva-avt-0068/7319854793076736005~tplv-tiktokx-cropcenter:100:100.jpg?dr=9640&refresh_token=d2f7368e&x-expires=1746172800&x-signature=ZVKrFuFTdJbyQSQra72hrhNKXz8%3D&t=4d5b0474&ps=13740610&shp=30310797&shcp=ff37627b&idc=useast5,7.47349E+18,1740057084,2025-02-20T13:11:24.000Z,1,https://vt.tiktok.com/ZSh8FQbqo/,FALSE,FALSE,,0,https://vt.tiktok.com/ZSh8FQbqo/,"NEGARA DEMOKRASI INI.....
DAN INI FAKTA DAN MEMANG TERJADI DI INDONESIA",6.96592E+18,bang_soleh0,https://www.tiktok.com/@hai_online/video/7473394493971074311
https://p16-common-sign-sg.tiktokcdn-us.com/tos-alisg-avt-0068/f38257aafa0ac13fef176ddc81c53a77~tplv-tiktokx-cropcenter:100:100.jpg?dr=9640&refresh_token=d037b98f&x-expires=1746172800&x-signature=tlvIKT7jOEDLKpRsUYTcSnxc9Bc%3D&t=4d5b0474&ps=13740610&shp=30310797&shcp=ff37627b&idc=useast5,7.47349E+18,1740057024,2025-02-20T13:10:24.000Z,1,https://vt.tiktok.com/ZSh8FQbqo/,FALSE,FALSE,,0,https://vt.tiktok.com/ZSh8FQbqo/,maju terus kebenaran....,7.11891E+18,agus.wahyudin787,https://www.tiktok.com/@hai_online/video/7473394493971074311
https://p16-common-sign-va.tiktokcdn-us.com/tos-maliva-avt-0068/28e3573c6649ee6dc9efbb23769cb7d9~tplv-tiktokx-cropcenter:100:100.jpg?dr=9640&refresh_token=aed4a73b&x-expires=1746172800&x-signature=zz6vTG4qWj3cAlliWaxPaWIAyp8%3D&t=4d5b0474&ps=13740610&shp=30310797&shcp=ff37627b&idc=useast5,7.47349E+18,1740056916,2025-02-20T13:08:36.000Z,1,https://vt.tiktok.com/ZSh8FQbqo/,FALSE,FALSE,,0,https://vt.tiktok.com/ZSh8FQbqo/,padahal kan emang begitu kenyataannya...ngapain minta maaf,7.24445E+18,truk_cikarang17,https://www.tiktok.com/@hai_online/video/7473394493971074311
https://p19-common-sign-va.tiktokcdn-us.com/tos-maliva-avt-0068/3ea0e715329348e14ddaf26692782a54~tplv-tiktokx-cropcenter:100:100.jpg?dr=9640&refresh_token=812401d6&x-expires=1746172800&x-signature=pEnDD7cZfmNnp11ZQA%2BOIkF6ta8%3D&t=4d5b0474&ps=13740610&shp=30310797&shcp=ff37627b&idc=useast5,7.47349E+18,1740056800,2025-02-20T13:06:40.000Z,1,https://vt.tiktok.com/ZSh8FQbqo/,FALSE,FALSE,,0,https://vt.tiktok.com/ZSh8FQbqo/,"waktu kecil ada pepatah, kalau tak salah kenape mesti marah? kalau marah berarti itu kebenaran, jadi kalau bukan kebenaran biarkan aja Sukatani nak ciptakan lagu seperti apa toh Indonesia negara demokrasi.",7.20263E+18,abbrissamputramuw,https://www.tiktok.com/@hai_online/video/7473394493971074311
https://p16-common-sign-va.tiktokcdn-us.com/tos-maliva-avt-0068/ca30798445f78119080948b9faf76659~tplv-tiktokx-cropcenter:100:100.jpg?dr=9640&refresh_token=4eca65e4&x-expires=1746172800&x-signature=WwmpVHDnKpXoazC4pg3NEwPuueE%3D&t=4d5b0474&ps=13740610&shp=30310797&shcp=ff37627b&idc=useast5,7.47349E+18,1740056711,2025-02-20T13:05:11.000Z,1,https://vt.tiktok.com/ZSh8FQbqo/,FALSE,FALSE,,0,https://vt.tiktok.com/ZSh8FQbqo/,gausah klarifikasi daa emang polisi yang salah maling ayam di Hakimi maling uang rakyat di lindungi,7.45975E+18,balabalahenet,https://www.tiktok.com/@hai_online/video/7473394493971074311
https://p16-common-sign-va.tiktokcdn-us.com/tos-maliva-avt-0068/7320982651283341318~tplv-tiktokx-cropcenter:100:100.jpg?dr=9640&refresh_token=f8c083f5&x-expires=1746172800&x-signature=1GZPuoJbO0bz5T4glkI6Fp1kyUQ%3D&t=4d5b0474&ps=13740610&shp=30310797&shcp=ff37627b&idc=useast5,7.47345E+18,1740056679,2025-02-20T13:04:39.000Z,1,https://vt.tiktok.com/ZSh8FQbqo/,FALSE,FALSE,,0,https://vt.tiktok.com/ZSh8FQbqo/,"Kan nggak nyebut polisi mana, ngapain dicabut",7.03161E+18,scdanni2,https://www.tiktok.com/@hai_online/video/7473394493971074311
https://p19-common-sign-va.tiktokcdn-us.com/tos-maliva-avt-0068/ef55cd34a879c7a2d333c285292b97a9~tplv-tiktokx-cropcenter:100:100.jpg?dr=9640&refresh_token=b7904989&x-expires=1746172800&x-signature=IZ2QKclegIYmf0GB%2F%2BGeD%2FdkbOM%3D&t=4d5b0474&ps=13740610&shp=30310797&shcp=ff37627b&idc=useast5,7.47349E+18,1740056412,2025-02-20T13:00:12.000Z,1,https://vt.tiktok.com/ZSh8FQbqo/,FALSE,FALSE,,1,https://vt.tiktok.com/ZSh8FQbqo/,padahal lagu ini rilet dlm kehidupan bermasyarakat,6.56714E+18,tuneduh,https://www.tiktok.com/@hai_online/video/7473394493971074311
https://p16-common-sign-sg.tiktokcdn-us.com/tos-alisg-avt-0068/25e40054690f46b2c243baec8825f6e4~tplv-tiktokx-cropcenter:100:100.jpg?dr=9640&refresh_token=4ad6cf77&x-expires=1746172800&x-signature=FBn%2BzJ4O3cGUDg1dHDtqi%2BKWR0g%3D&t=4d5b0474&ps=13740610&shp=30310797&shcp=ff37627b&idc=useast5,7.47349E+18,1740056406,2025-02-20T13:00:06.000Z,1,https://vt.tiktok.com/ZSh8FQbqo/,FALSE,FALSE,,0,https://vt.tiktok.com/ZSh8FQbqo/,"ngapain klarifikasi????
emng kenyataan bgtu",7.26756E+18,doells12,https://www.tiktok.com/@hai_online/video/7473394493971074311
https://p16-common-sign-va.tiktokcdn-us.com/tos-maliva-avt-0068/59923aa5c7ee7c02c535f40efbb1c5d0~tplv-tiktokx-cropcenter:100:100.jpg?dr=9640&refresh_token=b27a32c1&x-expires=1746172800&x-signature=mmfDj5FlBWGEYn04JbTMi6gjRUY%3D&t=4d5b0474&ps=13740610&shp=30310797&shcp=ff37627b&idc=useast5,7.47348E+18,1740056303,2025-02-20T12:58:23.000Z,1,https://vt.tiktok.com/ZSh8FQbqo/,FALSE,FALSE,,0,https://vt.tiktok.com/ZSh8FQbqo/,sukatani kerenn,7.09088E+18,stigmanegativ,https://www.tiktok.com/@hai_online/video/7473394493971074311
https://p16-common-sign-useast2a.tiktokcdn-us.com/tos-useast2a-avt-0068-giso/f84ada4ca65704c5f8347109d021b97a~tplv-tiktokx-cropcenter:100:100.jpg?dr=9640&refresh_token=3db5262e&x-expires=1746172800&x-signature=PfDTSJcwlDyM0FIQtp562N13U1U%3D&t=4d5b0474&ps=13740610&shp=30310797&shcp=ff37627b&idc=useast5,7.47348E+18,1740056232,2025-02-20T12:57:12.000Z,1,https://vt.tiktok.com/ZSh8FQbqo/,FALSE,FALSE,,0,https://vt.tiktok.com/ZSh8FQbqo/,"pas kecil cita2 mau jadi polisi
pas besar mikir 2X, kayaknya gausah deh mending jual tahu bulat wkwkwk..",6.77018E+18,_refsi_,https://www.tiktok.com/@hai_online/video/7473394493971074311
https://p16-common-sign-va.tiktokcdn-us.com/tos-maliva-avt-0068/e10ca0491b514d4fa8734f3adaae8cde~tplv-tiktokx-cropcenter:100:100.jpg?dr=9640&refresh_token=955d34bc&x-expires=1746172800&x-signature=%2BxWQAWSqJGyfvAHGLMGJOYOgkhI%3D&t=4d5b0474&ps=13740610&shp=30310797&shcp=ff37627b&idc=useast5,7.47348E+18,1740055912,2025-02-20T12:51:52.000Z,1,https://vt.tiktok.com/ZSh8FQbqo/,FALSE,FALSE,,0,https://vt.tiktok.com/ZSh8FQbqo/,bagus loh padahal lagunya,7.21299E+18,vox_xzv,https://www.tiktok.com/@hai_online/video/7473394493971074311
https://p16-common-sign-sg.tiktokcdn-us.com/tos-alisg-avt-0068/fc29b00fdff791b06e9eba07cb33d521~tplv-tiktokx-cropcenter:100:100.jpg?dr=9640&refresh_token=44906be4&x-expires=1746172800&x-signature=RtdwgvFH9Q72VcIRuepAzdjktsw%3D&t=4d5b0474&ps=13740610&shp=30310797&shcp=ff37627b&idc=useast5,7.47348E+18,1740055892,2025-02-20T12:51:32.000Z,1,https://vt.tiktok.com/ZSh8FQbqo/,FALSE,FALSE,,0,https://vt.tiktok.com/ZSh8FQbqo/,"padahal emng ""oknum"" nya kalo dikumpulin bisa se polda",6.85086E+18,terserah._._,https://www.tiktok.com/@hai_online/video/7473394493971074311
https://p16-common-sign-va.tiktokcdn-us.com/tos-maliva-avt-0068/e5209f5cb9e9d1fad6b064d95acaf3b5~tplv-tiktokx-cropcenter:100:100.jpg?dr=9640&refresh_token=58055b52&x-expires=1746172800&x-signature=757EiEx3EYJK%2FGTGrCC5HUL1SSw%3D&t=4d5b0474&ps=13740610&shp=30310797&shcp=ff37627b&idc=useast5,7.47348E+18,1740055685,2025-02-20T12:48:05.000Z,1,https://vt.tiktok.com/ZSh8FQbqo/,FALSE,FALSE,,0,https://vt.tiktok.com/ZSh8FQbqo/,Polisi indo kocak,6.80328E+18,dekyyyaja,https://www.tiktok.com/@hai_online/video/7473394493971074311
https://p16-common-sign-useast2a.tiktokcdn-us.com/tos-useast2a-avt-0068-giso/385df7859f3fafdebedf2b9b53e22a56~tplv-tiktokx-cropcenter:100:100.jpg?dr=9640&refresh_token=a9ddcde9&x-expires=1746172800&x-signature=MVA65D6ME9k5H%2B5CBnbZcPM3x24%3D&t=4d5b0474&ps=13740610&shp=30310797&shcp=ff37627b&idc=useast5,7.47348E+18,1740055638,2025-02-20T12:47:18.000Z,1,https://vt.tiktok.com/ZSh8FQbqo/,FALSE,FALSE,,1,https://vt.tiktok.com/ZSh8FQbqo/,"tapi realitanya emang apa2 harus bayar kan, pak polisi?",7.05957E+18,siapaaaaaayaaaaaaaaa,https://www.tiktok.com/@hai_online/video/7473394493971074311
https://p16-common-sign-useast2a.tiktokcdn-us.com/tos-useast2a-avt-0068-giso/ba2a666ce362a83fac61da712616de58~tplv-tiktokx-cropcenter:100:100.jpg?dr=9640&refresh_token=5fc3c7dd&x-expires=1746172800&x-signature=wCSs7a9Rd%2FTYUwi96WTse7w2Wfo%3D&t=4d5b0474&ps=13740610&shp=30310797&shcp=ff37627b&idc=useast5,7.47348E+18,1740055590,2025-02-20T12:46:30.000Z,1,https://vt.tiktok.com/ZSh8FQbqo/,FALSE,FALSE,,0,https://vt.tiktok.com/ZSh8FQbqo/,"harusnya kalau merasa tidak melakukan santai aja sih,kan di tujukan kepada ""oknum polisi"" tapi kok 🤔? 🤣😂",6.54908E+18,toetoes12,https://www.tiktok.com/@hai_online/video/7473394493971074311
https://p16-common-sign-va.tiktokcdn-us.com/tos-maliva-avt-0068/adf77b7e9636e2217258e047dd122200~tplv-tiktokx-cropcenter:100:100.jpg?dr=9640&refresh_token=dd57f24d&x-expires=1746172800&x-signature=SD8QyPEBHqY9m%2F%2FkWwv1FhoMIto%3D&t=4d5b0474&ps=13740610&shp=30310797&shcp=ff37627b&idc=useast5,7.47348E+18,1740055578,2025-02-20T12:46:18.000Z,1,https://vt.tiktok.com/ZSh8FQbqo/,FALSE,FALSE,,0,https://vt.tiktok.com/ZSh8FQbqo/,tapi emang gitu kenyataanya,6.95947E+18,makde165,https://www.tiktok.com/@hai_online/video/7473394493971074311
https://p16-common-sign-sg.tiktokcdn-us.com/tos-alisg-avt-0068/976cf4fd7c29a5fa8b1d62d1fa4407ea~tplv-tiktokx-cropcenter:100:100.jpg?dr=9640&refresh_token=2c5ada3b&x-expires=1746172800&x-signature=hsmj98AfZuhdjntG0z0aQfugLmY%3D&t=4d5b0474&ps=13740610&shp=30310797&shcp=ff37627b&idc=useast5,7.47348E+18,1740055423,2025-02-20T12:43:43.000Z,1,https://vt.tiktok.com/ZSh8FQbqo/,FALSE,FALSE,,0,https://vt.tiktok.com/ZSh8FQbqo/,tanpa ada paksaan...🤭🤭🤭,6.80302E+18,yatim100,https://www.tiktok.com/@hai_online/video/7473394493971074311
https://p16-common-sign-sg.tiktokcdn-us.com/tos-alisg-avt-0068/8a8c11e60b525214b8b6f48635905fb9~tplv-tiktokx-cropcenter:100:100.jpg?dr=9640&refresh_token=32c02582&x-expires=1746172800&x-signature=zLwZ0VbtxSseghsdHrWn349amj0%3D&t=4d5b0474&ps=13740610&shp=30310797&shcp=ff37627b&idc=useast5,7.47348E+18,1740054626,2025-02-20T12:30:26.000Z,1,https://vt.tiktok.com/ZSh8FQbqo/,FALSE,FALSE,,0,https://vt.tiktok.com/ZSh8FQbqo/,"Lah, akhirnya tau mukanya band sukatani 😅",6.77236E+18,baskoroadianta,https://www.tiktok.com/@hai_online/video/7473394493971074311
https://p16-common-sign-va.tiktokcdn-us.com/tos-maliva-avt-0068/decf6f474636364b11b3b7f1d77614f5~tplv-tiktokx-cropcenter:100:100.jpg?dr=9640&refresh_token=6e31b419&x-expires=1746172800&x-signature=XBzDrJC8B%2F7DPXe7dMr1WgrVB4o%3D&t=4d5b0474&ps=13740610&shp=30310797&shcp=ff37627b&idc=useast5,7.47348E+18,1740054615,2025-02-20T12:30:15.000Z,1,https://vt.tiktok.com/ZSh8FQbqo/,FALSE,FALSE,,0,https://vt.tiktok.com/ZSh8FQbqo/,ngapain minta maap kan bener,6.98476E+18,diooishere,https://www.tiktok.com/@hai_online/video/7473394493971074311
https://p16-common-sign-sg.tiktokcdn-us.com/tos-alisg-avt-0068/fcfc820579ef972c253e7316a30305c5~tplv-tiktokx-cropcenter:100:100.jpg?dr=9640&refresh_token=03258ef5&x-expires=1746172800&x-signature=C7KBBxb7yIpR28MnBQIumS8dIvU%3D&t=4d5b0474&ps=13740610&shp=30310797&shcp=ff37627b&idc=useast5,7.47348E+18,1740054578,2025-02-20T12:29:38.000Z,1,https://vt.tiktok.com/ZSh8FQbqo/,FALSE,FALSE,,0,https://vt.tiktok.com/ZSh8FQbqo/,"polisi ngambek, semua takluk😂",7.44777E+18,firrz.new,https://www.tiktok.com/@hai_online/video/7473394493971074311
https://p16-common-sign-sg.tiktokcdn-us.com/tos-alisg-avt-0068/7b1b5b17b75be09caa52d198f229dd7c~tplv-tiktokx-cropcenter:100:100.jpg?dr=9640&refresh_token=cac3f62b&x-expires=1746172800&x-signature=ZUe4brhKxsFxT2yIhcGB3KUNb6k%3D&t=4d5b0474&ps=13740610&shp=30310797&shcp=ff37627b&idc=useast5,7.47348E+18,1740054413,2025-02-20T12:26:53.000Z,1,https://vt.tiktok.com/ZSh8FQbqo/,FALSE,FALSE,,0,https://vt.tiktok.com/ZSh8FQbqo/,bayar aja polisinya biar ga jadi ditarik,7.33052E+18,gwenchanayeo0,https://www.tiktok.com/@hai_online/video/7473394493971074311
https://p16-common-sign-va.tiktokcdn-us.com/tos-maliva-avt-0068/68cd0f6b3d1cf59d4a9a3511d2c84310~tplv-tiktokx-cropcenter:100:100.jpg?dr=9640&refresh_token=70259153&x-expires=1746172800&x-signature=pOTqLeFMCSH3j%2FmnJwm%2FKuMXdXQ%3D&t=4d5b0474&ps=13740610&shp=30310797&shcp=ff37627b&idc=useast5,7.47348E+18,1740054390,2025-02-20T12:26:30.000Z,1,https://vt.tiktok.com/ZSh8FQbqo/,FALSE,FALSE,,0,https://vt.tiktok.com/ZSh8FQbqo/,#indonesiagelap,7.22217E+18,iskakdiditbintang,https://www.tiktok.com/@hai_online/video/7473394493971074311
https://p16-common-sign-sg.tiktokcdn-us.com/tos-alisg-avt-0068/7334703351826743317~tplv-tiktokx-cropcenter:100:100.jpg?dr=9640&refresh_token=26bd9297&x-expires=1746172800&x-signature=nsGKFO%2B22GWFEPPsRaAk%2BXTTlXo%3D&t=4d5b0474&ps=13740610&shp=30310797&shcp=ff37627b&idc=useast5,7.47349E+18,1740058339,2025-02-20T13:32:19.000Z,0,https://vt.tiktok.com/ZSh8FQbqo/,FALSE,,7.47349E+18,,https://vt.tiktok.com/ZSh8FQbqo/,bayar isilop,6.96847E+18,wordwaf,https://www.tiktok.com/@hai_online/video/7473394493971074311
https://p16-common-sign-sg.tiktokcdn-us.com/tos-alisg-avt-0068/aa9dca43e5c99b7f2ad99c278f9a5e6f~tplv-tiktokx-cropcenter:100:100.jpg?dr=9640&refresh_token=263e3a79&x-expires=1746172800&x-signature=4nWI1om1DgP1cshIGhPP6OOuuYo%3D&t=4d5b0474&ps=13740610&shp=30310797&shcp=ff37627b&idc=useast5,7.4735E+18,1740058715,2025-02-20T13:38:35.000Z,0,https://vt.tiktok.com/ZSh8FQbqo/,FALSE,,7.47348E+18,,https://vt.tiktok.com/ZSh8FQbqo/,@poldametrojaya,6.94242E+18,eartstr,https://www.tiktok.com/@hai_online/video/7473394493971074311
https://p16-common-sign-sg.tiktokcdn-us.com/tos-alisg-avt-0068/3ce7252c05116db640a24dc1a492fab9~tplv-tiktokx-cropcenter:100:100.jpg?dr=9640&refresh_token=6a05cda9&x-expires=1746172800&x-signature=P3kuZBOo4lKXN3%2BtSKCe5BarVz0%3D&t=4d5b0474&ps=13740610&shp=30310797&shcp=ff37627b&idc=useast5,7.4735E+18,1740059896,2025-02-20T13:58:16.000Z,1,https://vt.tiktok.com/ZSh8FQbqo/,FALSE,,7.47349E+18,,https://vt.tiktok.com/ZSh8FQbqo/,"fakta itu menyakitkan.
1.3.1.2",7.00559E+18,notdibsy,https://www.tiktok.com/@hai_online/video/7473394493971074311
https://p16-common-sign-va.tiktokcdn-us.com/tos-maliva-avt-0068/1764cf49082fd5ae80f6f72239a99ff6~tplv-tiktokx-cropcenter:100:100.jpg?dr=9640&refresh_token=1415b437&x-expires=1746172800&x-signature=o59xj5ecjUdcOgyAcmakW%2FUyVCk%3D&t=4d5b0474&ps=13740610&shp=30310797&shcp=ff37627b&idc=useast5,7.47345E+18,1740048622,2025-02-20T10:50:22.000Z,1,https://vt.tiktok.com/ZSh8FQbqo/,FALSE,FALSE,,0,https://vt.tiktok.com/ZSh8FQbqo/,"wadaw mulai karya seni di cekal2 .. lukisan, lagu, film tulisan..",6.83211E+18,apleku,https://www.tiktok.com/@hai_online/video/7473394493971074311
https://p16-common-sign-va.tiktokcdn-us.com/musically-maliva-obj/1594805258216454~tplv-tiktokx-cropcenter:100:100.jpg?dr=9640&refresh_token=8a29684a&x-expires=1746172800&x-signature=7DZto9hg0aqFDqq0kULxMSzQbEQ%3D&t=4d5b0474&ps=13740610&shp=30310797&shcp=ff37627b&idc=useast5,7.47345E+18,1740048425,2025-02-20T10:47:05.000Z,1,https://vt.tiktok.com/ZSh8FQbqo/,FALSE,FALSE,,0,https://vt.tiktok.com/ZSh8FQbqo/,bener bang lagu anda,7.43365E+18,mauza2182,https://www.tiktok.com/@hai_online/video/7473394493971074311
https://p16-common-sign-sg.tiktokcdn-us.com/tos-alisg-avt-0068/20f00ee1cb9f0cc5864dae72473eed2b~tplv-tiktokx-cropcenter:100:100.jpg?dr=9640&refresh_token=add985e4&x-expires=1746172800&x-signature=JbPi3uEAD9lxfXLiQwXQvNjQToI%3D&t=4d5b0474&ps=13740610&shp=30310797&shcp=ff37627b&idc=useast5,7.47345E+18,1740048342,2025-02-20T10:45:42.000Z,1,https://vt.tiktok.com/ZSh8FQbqo/,FALSE,FALSE,,0,https://vt.tiktok.com/ZSh8FQbqo/,"PIK PULICI DISINI IDI MILING..!!!
KIMI PINYI BIRIPI?",7.31997E+18,iwannaliveforever,https://www.tiktok.com/@hai_online/video/7473394493971074311
https://p16-common-sign-va.tiktokcdn-us.com/tos-maliva-avt-0068/e580456ce2cf9f5f541cdec6c768387f~tplv-tiktokx-cropcenter:100:100.jpg?dr=9640&refresh_token=882e9a97&x-expires=1746172800&x-signature=xCoj1Ms4tRYxiNvQ9NvgOFH10uA%3D&t=4d5b0474&ps=13740610&shp=30310797&shcp=ff37627b&idc=useast5,7.47345E+18,1740048288,2025-02-20T10:44:48.000Z,1,https://vt.tiktok.com/ZSh8FQbqo/,FALSE,FALSE,,0,https://vt.tiktok.com/ZSh8FQbqo/,#KAMIBERSAMASUKATANI,7.21226E+18,sccc_gah,https://www.tiktok.com/@hai_online/video/7473394493971074311
https://p16-common-sign-sg.tiktokcdn-us.com/tos-alisg-avt-0068/bbd6f4773a390807f49772dd4b8f1ecd~tplv-tiktokx-cropcenter:100:100.jpg?dr=9640&refresh_token=44f9f89d&x-expires=1746172800&x-signature=MPnO7kv5AiMBLDCaSIYjQUzsSQ0%3D&t=4d5b0474&ps=13740610&shp=30310797&shcp=ff37627b&idc=useast5,7.47345E+18,1740048233,2025-02-20T10:43:53.000Z,1,https://vt.tiktok.com/ZSh8FQbqo/,FALSE,FALSE,,0,https://vt.tiktok.com/ZSh8FQbqo/,sukatani sebelum rilis belum bayar ke polisi,6.8806E+18,agstyyyyw,https://www.tiktok.com/@hai_online/video/7473394493971074311
https://p16-common-sign-va.tiktokcdn-us.com/tos-maliva-avt-0068/da1b57a88b0fad54c9c83988abca304a~tplv-tiktokx-cropcenter:100:100.jpg?dr=9640&refresh_token=7fe87092&x-expires=1746172800&x-signature=P2vg6AfjC%2FYairO1uKOIrCYMgck%3D&t=4d5b0474&ps=13740610&shp=30310797&shcp=ff37627b&idc=useast5,7.47345E+18,1740048222,2025-02-20T10:43:42.000Z,1,https://vt.tiktok.com/ZSh8FQbqo/,FALSE,FALSE,,0,https://vt.tiktok.com/ZSh8FQbqo/,"bikin klarifikasi
bayar polisiiii 🤣",6.79624E+18,c.gareta,https://www.tiktok.com/@hai_online/video/7473394493971074311
https://p19-common-sign-sg.tiktokcdn-us.com/tos-alisg-avt-0068/5ea53af9c2a6bd86f1ffc0b6e4270f77~tplv-tiktokx-cropcenter:100:100.jpg?dr=9640&refresh_token=f65527c8&x-expires=1746172800&x-signature=i8gLzvCbgJqux2nT3gQMF07kDdI%3D&t=4d5b0474&ps=13740610&shp=30310797&shcp=ff37627b&idc=useast5,7.47345E+18,1740048187,2025-02-20T10:43:07.000Z,1,https://vt.tiktok.com/ZSh8FQbqo/,FALSE,FALSE,,0,https://vt.tiktok.com/ZSh8FQbqo/,Ini negara Demokrasi atau negara fasis?,6.95874E+18,lampele,https://www.tiktok.com/@hai_online/video/7473394493971074311
https://p19-common-sign-va.tiktokcdn-us.com/tos-maliva-avt-0068/71b74408431ce972911d689eb509131f~tplv-tiktokx-cropcenter:100:100.jpg?dr=9640&refresh_token=18f1e1e7&x-expires=1746172800&x-signature=WPL3LO2Icuma0qx%2BQLW6WwWL%2FMs%3D&t=4d5b0474&ps=13740610&shp=30310797&shcp=ff37627b&idc=useast5,7.47345E+18,1740048175,2025-02-20T10:42:55.000Z,1,https://vt.tiktok.com/ZSh8FQbqo/,FALSE,FALSE,,0,https://vt.tiktok.com/ZSh8FQbqo/,"wohhh di intimidasi???? jmn sekarang kok msh ada ya?
ditunggu karya yg lainnya....",7.27834E+18,om.hengs,https://www.tiktok.com/@hai_online/video/7473394493971074311
https://p16-common-sign-sg.tiktokcdn-us.com/tos-alisg-avt-0068/dcbc53b52523724ccab9e85c48ad3fa9~tplv-tiktokx-cropcenter:100:100.jpg?dr=9640&refresh_token=23eb981d&x-expires=1746172800&x-signature=nzIxOVF74iOSEHnaC0FMwQTkhrU%3D&t=4d5b0474&ps=13740610&shp=30310797&shcp=ff37627b&idc=useast5,7.47345E+18,1740048089,2025-02-20T10:41:29.000Z,1,https://vt.tiktok.com/ZSh8FQbqo/,FALSE,FALSE,,0,https://vt.tiktok.com/ZSh8FQbqo/,selamat makin viral lagunya.. yang tadinya gak tau juga sekarang jadi tau😁,6.8321E+18,sleketepph,https://www.tiktok.com/@hai_online/video/7473394493971074311
https://p16-common-sign-va.tiktokcdn-us.com/tos-maliva-avt-0068/1b016a9e3d6218061473d9817cec1680~tplv-tiktokx-cropcenter:100:100.jpg?dr=9640&refresh_token=8953f32d&x-expires=1746172800&x-signature=j95UFDPwjPcEtiNGypxGx9j0pO4%3D&t=4d5b0474&ps=13740610&shp=30310797&shcp=ff37627b&idc=useast5,7.47345E+18,1740048069,2025-02-20T10:41:09.000Z,1,https://vt.tiktok.com/ZSh8FQbqo/,FALSE,FALSE,,0,https://vt.tiktok.com/ZSh8FQbqo/,1312,7.18171E+18,a.fhiraaaa,https://www.tiktok.com/@hai_online/video/7473394493971074311
https://p16-common-sign-va.tiktokcdn-us.com/tos-maliva-avt-0068/4c9fc1e966674f167eb6509e0c6f9e65~tplv-tiktokx-cropcenter:100:100.jpg?dr=9640&refresh_token=e5f9cf36&x-expires=1746172800&x-signature=phDLfhfG0KGsB%2FzTZ0H7Hzwd%2F8E%3D&t=4d5b0474&ps=13740610&shp=30310797&shcp=ff37627b&idc=useast5,7.47345E+18,1740047764,2025-02-20T10:36:04.000Z,1,https://vt.tiktok.com/ZSh8FQbqo/,FALSE,FALSE,,0,https://vt.tiktok.com/ZSh8FQbqo/,"Hlo hlo hloo kok Klarifikasi, bukannya emang Fakta 😌😌",6.81677E+18,itshartomo,https://www.tiktok.com/@hai_online/video/7473394493971074311
https://p16-common-sign-va.tiktokcdn-us.com/tos-maliva-avt-0068/4e4e110d3544574cd095b12f33d4aad2~tplv-tiktokx-cropcenter:100:100.jpg?dr=9640&refresh_token=583f4abc&x-expires=1746172800&x-signature=X9PyCtue0AHc0ijmbNqTIWqrCO0%3D&t=4d5b0474&ps=13740610&shp=30310797&shcp=ff37627b&idc=useast5,7.47345E+18,1740047722,2025-02-20T10:35:22.000Z,1,https://vt.tiktok.com/ZSh8FQbqo/,FALSE,FALSE,,0,https://vt.tiktok.com/ZSh8FQbqo/,Masih percaya bebas berekpresi ?,7.07127E+18,ape_cii3,https://www.tiktok.com/@hai_online/video/7473394493971074311
https://p16-common-sign-va.tiktokcdn-us.com/musically-maliva-obj/1594805258216454~tplv-tiktokx-cropcenter:100:100.jpg?dr=9640&refresh_token=8a29684a&x-expires=1746172800&x-signature=7DZto9hg0aqFDqq0kULxMSzQbEQ%3D&t=4d5b0474&ps=13740610&shp=30310797&shcp=ff37627b&idc=useast5,7.47345E+18,1740047565,2025-02-20T10:32:45.000Z,1,https://vt.tiktok.com/ZSh8FQbqo/,FALSE,FALSE,,0,https://vt.tiktok.com/ZSh8FQbqo/,semangat Sukatani . semoga bisa membuat lirik dengan bahasa sastra yg halus namun membakar 🔥🔥🔥,6.9637E+18,kadal_buntung12345,https://www.tiktok.com/@hai_online/video/7473394493971074311
https://p16-common-sign-va.tiktokcdn-us.com/tos-maliva-avt-0068/6d4605ba8d9518f4bebc2be88dd804df~tplv-tiktokx-cropcenter:100:100.jpg?dr=9640&refresh_token=63d4493a&x-expires=1746172800&x-signature=N%2BBuNraZM5TkGtSi1k2iy7zULok%3D&t=4d5b0474&ps=13740610&shp=30310797&shcp=ff37627b&idc=useast5,7.47344E+18,1740047038,2025-02-20T10:23:58.000Z,1,https://vt.tiktok.com/ZSh8FQbqo/,FALSE,FALSE,,0,https://vt.tiktok.com/ZSh8FQbqo/,yah terbungkam...,6.92431E+18,achxin,https://www.tiktok.com/@hai_online/video/7473394493971074311
https://p19-common-sign-va.tiktokcdn-us.com/tos-maliva-avt-0068/5736f38bf8730517acffa39cab47eb00~tplv-tiktokx-cropcenter:100:100.jpg?dr=9640&refresh_token=07025484&x-expires=1746172800&x-signature=O4lsRIoswbJys9X9gbmXlIbgkGQ%3D&t=4d5b0474&ps=13740610&shp=30310797&shcp=ff37627b&idc=useast5,7.47344E+18,1740046979,2025-02-20T10:22:59.000Z,1,https://vt.tiktok.com/ZSh8FQbqo/,FALSE,FALSE,,0,https://vt.tiktok.com/ZSh8FQbqo/,Udh klarifikasi ky gini psti udh di intimdasi sama oknum polpol nih 😂😂😂,7.1496E+18,adielewe,https://www.tiktok.com/@hai_online/video/7473394493971074311
https://p19-common-sign-sg.tiktokcdn-us.com/tos-alisg-avt-0068/bed67687540f35e79da6ca55ee6c2ad7~tplv-tiktokx-cropcenter:100:100.jpg?dr=9640&refresh_token=d94dd5a5&x-expires=1746172800&x-signature=7AVvijjqgiHbrHG9BCd6e3bY1Zw%3D&t=4d5b0474&ps=13740610&shp=30310797&shcp=ff37627b&idc=useast5,7.47344E+18,1740046799,2025-02-20T10:19:59.000Z,1,https://vt.tiktok.com/ZSh8FQbqo/,FALSE,FALSE,,0,https://vt.tiktok.com/ZSh8FQbqo/,harusnya kan evaluasi instansi bukan evaluasi musisi😂,6.81037E+18,303_err,https://www.tiktok.com/@hai_online/video/7473394493971074311
https://p16-common-sign-sg.tiktokcdn-us.com/tos-alisg-avt-0068/151362d4da4950d7695d17637c89ef54~tplv-tiktokx-cropcenter:100:100.jpg?dr=9640&refresh_token=4ff28b7b&x-expires=1746172800&x-signature=HsFj81IhI%2BPaqKPoeIOfl3EI9wU%3D&t=4d5b0474&ps=13740610&shp=30310797&shcp=ff37627b&idc=useast5,7.47344E+18,1740046473,2025-02-20T10:14:33.000Z,1,https://vt.tiktok.com/ZSh8FQbqo/,FALSE,FALSE,,0,https://vt.tiktok.com/ZSh8FQbqo/,pasti kena bayar,7.2412E+18,usernmae3112,https://www.tiktok.com/@hai_online/video/7473394493971074311
https://p16-common-sign-sg.tiktokcdn-us.com/tos-alisg-avt-0068/50110d6d108e24fd9f1478e880599d58~tplv-tiktokx-cropcenter:100:100.jpg?dr=9640&refresh_token=d85b008e&x-expires=1746172800&x-signature=Ntag7Xh%2BjKdCdQcpQKV2zG6g%2FYQ%3D&t=4d5b0474&ps=13740610&shp=30310797&shcp=ff37627b&idc=useast5,7.47344E+18,1740046033,2025-02-20T10:07:13.000Z,1,https://vt.tiktok.com/ZSh8FQbqo/,FALSE,FALSE,,0,https://vt.tiktok.com/ZSh8FQbqo/,"polisi melihat, polisi merasa, polisi tersinggung, polisi marah. tamat",7.15049E+18,kbee01_,https://www.tiktok.com/@hai_online/video/7473394493971074311
https://p16-common-sign-sg.tiktokcdn-us.com/tos-alisg-avt-0068/e7a28b429ed8e85568b393cf6e3018c0~tplv-tiktokx-cropcenter:100:100.jpg?dr=9640&refresh_token=40a9a7aa&x-expires=1746172800&x-signature=kEWf0g4OhiTEvDLYV%2F6lnVaQ87A%3D&t=4d5b0474&ps=13740610&shp=30310797&shcp=ff37627b&idc=useast5,7.47344E+18,1740045931,2025-02-20T10:05:31.000Z,1,https://vt.tiktok.com/ZSh8FQbqo/,FALSE,FALSE,,0,https://vt.tiktok.com/ZSh8FQbqo/,realita nya emng bnr tpi mlh di take down,6.86858E+18,konsernusantaraa,https://www.tiktok.com/@hai_online/video/7473394493971074311
https://p16-common-sign-va.tiktokcdn-us.com/tos-maliva-avt-0068/6b12ab95927c06b0444300cfaf1795d0~tplv-tiktokx-cropcenter:100:100.jpg?dr=9640&refresh_token=c88b4459&x-expires=1746172800&x-signature=T0CM9X9pDwNvc1f58mBVS%2F4PdXo%3D&t=4d5b0474&ps=13740610&shp=30310797&shcp=ff37627b&idc=useast5,7.47344E+18,1740045902,2025-02-20T10:05:02.000Z,1,https://vt.tiktok.com/ZSh8FQbqo/,FALSE,FALSE,,0,https://vt.tiktok.com/ZSh8FQbqo/,Abis bikin video ini aja mereka bayar juga😂,6.87832E+18,bizary03,https://www.tiktok.com/@hai_online/video/7473394493971074311
https://p16-common-sign-va.tiktokcdn-us.com/tos-maliva-avt-0068/ed5aeac5a78d0b8035d0f6a05a529f7a~tplv-tiktokx-cropcenter:100:100.jpg?dr=9640&refresh_token=391311e9&x-expires=1746172800&x-signature=%2F1GN8rpDOmrGo5XVY8vAq6Qr0D0%3D&t=4d5b0474&ps=13740610&shp=30310797&shcp=ff37627b&idc=useast5,7.47344E+18,1740045813,2025-02-20T10:03:33.000Z,1,https://vt.tiktok.com/ZSh8FQbqo/,FALSE,FALSE,,0,https://vt.tiktok.com/ZSh8FQbqo/,tidak perlu minta maaf krn realitanya mmg ada oknum yg begitu.,6.8043E+18,abieelfiiaral,https://www.tiktok.com/@hai_online/video/7473394493971074311
https://p16-common-sign-sg.tiktokcdn-us.com/tos-alisg-avt-0068/9ddfab8ce0cd0d32a221af3a05f9b4f2~tplv-tiktokx-cropcenter:100:100.jpg?dr=9640&refresh_token=c2716e77&x-expires=1746172800&x-signature=XjyRgrYqKYNnfknx9STFMOoo9YI%3D&t=4d5b0474&ps=13740610&shp=30310797&shcp=ff37627b&idc=useast5,7.47344E+18,1740045750,2025-02-20T10:02:30.000Z,1,https://vt.tiktok.com/ZSh8FQbqo/,FALSE,FALSE,,0,https://vt.tiktok.com/ZSh8FQbqo/,resiko maen di permukaan,7.44299E+18,kaos.oblonx,https://www.tiktok.com/@hai_online/video/7473394493971074311
https://p16-common-sign-sg.tiktokcdn-us.com/tos-alisg-avt-0068/677d873c0540b8e6e4172fa9e4fd096f~tplv-tiktokx-cropcenter:100:100.jpg?dr=9640&refresh_token=4f667903&x-expires=1746172800&x-signature=9XXMb8Ai%2BA2Y%2FAxsaN9Wf17NFdw%3D&t=4d5b0474&ps=13740610&shp=30310797&shcp=ff37627b&idc=useast5,7.47344E+18,1740045726,2025-02-20T10:02:06.000Z,1,https://vt.tiktok.com/ZSh8FQbqo/,FALSE,FALSE,,0,https://vt.tiktok.com/ZSh8FQbqo/,"masih mending disuruh klarifikasi,jaman orde lama udah hilang orang orang nya, nyiptain lagu harus dipikirkan efek panjangnya ,apalagi menyangkut institusi dek, punk manggung acara di korporat pula🤣",6.9432E+18,indoshitpost,https://www.tiktok.com/@hai_online/video/7473394493971074311
https://p16-common-sign-sg.tiktokcdn-us.com/tos-alisg-avt-0068/ae64cdfa0c891d654823843aa09f32fb~tplv-tiktokx-cropcenter:100:100.jpg?dr=9640&refresh_token=74989771&x-expires=1746172800&x-signature=emnF4KT9C%2FhmmWH8gdxKxcz1pvg%3D&t=4d5b0474&ps=13740610&shp=30310797&shcp=ff37627b&idc=useast5,7.47344E+18,1740045682,2025-02-20T10:01:22.000Z,1,https://vt.tiktok.com/ZSh8FQbqo/,FALSE,FALSE,,0,https://vt.tiktok.com/ZSh8FQbqo/,ga usah minta maaf woooy,7.12325E+18,hi_mya_arenatik,https://www.tiktok.com/@hai_online/video/7473394493971074311
https://p16-common-sign-va.tiktokcdn-us.com/tos-maliva-avt-0068/7346455081681584134~tplv-tiktokx-cropcenter:100:100.jpg?dr=9640&refresh_token=06075f03&x-expires=1746172800&x-signature=yhOXu8odH5JOzsVu36kYjubETjI%3D&t=4d5b0474&ps=13740610&shp=30310797&shcp=ff37627b&idc=useast5,7.47344E+18,1740045571,2025-02-20T09:59:31.000Z,1,https://vt.tiktok.com/ZSh8FQbqo/,FALSE,FALSE,,0,https://vt.tiktok.com/ZSh8FQbqo/,laah padahal emang fakta,7.34645E+18,cewe.liibraa,https://www.tiktok.com/@hai_online/video/7473394493971074311
https://p16-common-sign-sg.tiktokcdn-us.com/tos-alisg-avt-0068/2c498eb8b68bbd8ffb2a5e145ac1c99c~tplv-tiktokx-cropcenter:100:100.jpg?dr=9640&refresh_token=f551eb37&x-expires=1746172800&x-signature=i0OmAOvk80TG2eYnqXUCxCkFYC8%3D&t=4d5b0474&ps=13740610&shp=30310797&shcp=ff37627b&idc=useast5,7.47344E+18,1740045327,2025-02-20T09:55:27.000Z,1,https://vt.tiktok.com/ZSh8FQbqo/,FALSE,FALSE,,0,https://vt.tiktok.com/ZSh8FQbqo/,peraturan dibuat untuk di bayar🤟🤟🔥🤭,7.23517E+18,er_gie.88,https://www.tiktok.com/@hai_online/video/7473394493971074311
https://p16-common-sign-sg.tiktokcdn-us.com/tos-alisg-avt-0068/4dfb4722cac144435a06eabe41756441~tplv-tiktokx-cropcenter:100:100.jpg?dr=9640&refresh_token=3d17975c&x-expires=1746172800&x-signature=hnRwyX4v04%2FHKvim9V1YsHbuwNY%3D&t=4d5b0474&ps=13740610&shp=30310797&shcp=ff37627b&idc=useast5,7.47344E+18,1740045304,2025-02-20T09:55:04.000Z,1,https://vt.tiktok.com/ZSh8FQbqo/,FALSE,FALSE,,0,https://vt.tiktok.com/ZSh8FQbqo/,"ka kebayang intimidasi mereka sampe buka topeng,ini bukan klarifikasi ini intimidasi #1312",7.44503E+18,racunkotaa,https://www.tiktok.com/@hai_online/video/7473394493971074311
https://p16-common-sign-va.tiktokcdn-us.com/tos-maliva-avt-0068/697093547d2981f8a660970f5a2b4402~tplv-tiktokx-cropcenter:100:100.jpg?dr=9640&refresh_token=b1b78ab8&x-expires=1746172800&x-signature=hiyrO3qSrCGhoM9umZ6893%2FMJsc%3D&t=4d5b0474&ps=13740610&shp=30310797&shcp=ff37627b&idc=useast5,7.47344E+18,1740045241,2025-02-20T09:54:01.000Z,1,https://vt.tiktok.com/ZSh8FQbqo/,FALSE,FALSE,,0,https://vt.tiktok.com/ZSh8FQbqo/,itu fakta,6.95869E+18,aaar_flii,https://www.tiktok.com/@hai_online/video/7473394493971074311
https://p16-common-sign-sg.tiktokcdn-us.com/tos-alisg-avt-0068/a679cbbf92137c98ea02123bc9d0f610~tplv-tiktokx-cropcenter:100:100.jpg?dr=9640&refresh_token=50eb7b3e&x-expires=1746172800&x-signature=lOSpTIvnYiP3CXpIws2%2Bbs8L2rg%3D&t=4d5b0474&ps=13740610&shp=30310797&shcp=ff37627b&idc=useast5,7.47344E+18,1740045211,2025-02-20T09:53:31.000Z,1,https://vt.tiktok.com/ZSh8FQbqo/,FALSE,FALSE,,0,https://vt.tiktok.com/ZSh8FQbqo/,"lah faktanya emang bayar"" malah disuruh klarifikasi😂",6.86468E+18,dnaldigstnsyh_,https://www.tiktok.com/@hai_online/video/7473394493971074311
https://p16-common-sign-va.tiktokcdn-us.com/tos-maliva-avt-0068/4e6a45b8ca5e3ae162a017f60c2014dc~tplv-tiktokx-cropcenter:100:100.jpg?dr=9640&refresh_token=b93c74bf&x-expires=1746172800&x-signature=kwYmnlykFzhzOr8RgGgzKXksRvE%3D&t=4d5b0474&ps=13740610&shp=30310797&shcp=ff37627b&idc=useast5,7.47344E+18,1740044919,2025-02-20T09:48:39.000Z,1,https://vt.tiktok.com/ZSh8FQbqo/,FALSE,FALSE,,0,https://vt.tiktok.com/ZSh8FQbqo/,1312 foreverr,7.18085E+18,whoocar3ss,https://www.tiktok.com/@hai_online/video/7473394493971074311
https://p16-common-sign-sg.tiktokcdn-us.com/tos-alisg-avt-0068/780dcbf22e9a2fc0d2607514cd478935~tplv-tiktokx-cropcenter:100:100.jpg?dr=9640&refresh_token=5f2033e4&x-expires=1746172800&x-signature=KRKXijeoJ9L5rA%2BsQnoWhYGNABE%3D&t=4d5b0474&ps=13740610&shp=30310797&shcp=ff37627b&idc=useast5,7.4734E+18,1740037207,2025-02-20T07:40:07.000Z,1,https://vt.tiktok.com/ZSh8FQbqo/,FALSE,FALSE,,0,https://vt.tiktok.com/ZSh8FQbqo/,#KAMIBERSAMASUKATANI,6.87497E+18,mr.d3vnn,https://www.tiktok.com/@hai_online/video/7473394493971074311
https://p16-common-sign-sg.tiktokcdn-us.com/tos-alisg-avt-0068/c6b76bd4be9fa6847361f2be888a57b8~tplv-tiktokx-cropcenter:100:100.jpg?dr=9640&refresh_token=2d0012b5&x-expires=1746172800&x-signature=LoedG%2BeSWvD3Yql7OwcAh7ht9jk%3D&t=4d5b0474&ps=13740610&shp=30310797&shcp=ff37627b&idc=useast5,7.4734E+18,1740036894,2025-02-20T07:34:54.000Z,1,https://vt.tiktok.com/ZSh8FQbqo/,FALSE,FALSE,,0,https://vt.tiktok.com/ZSh8FQbqo/,Baper kok sama lagu,6.85189E+18,gedeaditty_2980,https://www.tiktok.com/@hai_online/video/7473394493971074311
https://p16-common-sign-va.tiktokcdn-us.com/tos-maliva-avt-0068/b3a7c24aa6acb94f05a949f2beaa5e06~tplv-tiktokx-cropcenter:100:100.jpg?dr=9640&refresh_token=be711350&x-expires=1746172800&x-signature=kMdLm7Z%2F9p5zH1BC1YdmN6%2F7dq4%3D&t=4d5b0474&ps=13740610&shp=30310797&shcp=ff37627b&idc=useast5,7.4734E+18,1740036775,2025-02-20T07:32:55.000Z,1,https://vt.tiktok.com/ZSh8FQbqo/,FALSE,FALSE,,0,https://vt.tiktok.com/ZSh8FQbqo/,#kamibersamasukatani,7.18991E+18,ehann_30_,https://www.tiktok.com/@hai_online/video/7473394493971074311
https://p16-common-sign-va.tiktokcdn-us.com/tos-maliva-avt-0068/ebc460c88f394c79f72f2772e258d160~tplv-tiktokx-cropcenter:100:100.jpg?dr=9640&refresh_token=244713f5&x-expires=1746172800&x-signature=V%2FlEbBBqpBGXooRWrOLiDLFhex4%3D&t=4d5b0474&ps=13740610&shp=30310797&shcp=ff37627b&idc=useast5,7.4734E+18,1740036741,2025-02-20T07:32:21.000Z,1,https://vt.tiktok.com/ZSh8FQbqo/,FALSE,FALSE,,0,https://vt.tiktok.com/ZSh8FQbqo/,Polisi : jangan usik dapur'ku,6.88983E+18,greencozy,https://www.tiktok.com/@hai_online/video/7473394493971074311
https://p16-common-sign-va.tiktokcdn-us.com/tos-maliva-avt-0068/7b4770deab6d14d1f7e31267ff4af11f~tplv-tiktokx-cropcenter:100:100.jpg?dr=9640&refresh_token=37129da9&x-expires=1746172800&x-signature=ztEtV14aJ0Uecba%2FLE4LLvxev%2Bo%3D&t=4d5b0474&ps=13740610&shp=30310797&shcp=ff37627b&idc=useast5,7.4734E+18,1740036659,2025-02-20T07:30:59.000Z,1,https://vt.tiktok.com/ZSh8FQbqo/,FALSE,FALSE,,0,https://vt.tiktok.com/ZSh8FQbqo/,😂😂,6.81384E+18,bullintheheatherr,https://www.tiktok.com/@hai_online/video/7473394493971074311
https://p16-common-sign-va.tiktokcdn-us.com/tos-maliva-avt-0068/094bcc82890f6579a0c45e36fa153151~tplv-tiktokx-cropcenter:100:100.jpg?dr=9640&refresh_token=60cc9b7e&x-expires=1746172800&x-signature=vsTa89bsIV9Fb9zLElbtegUIfhs%3D&t=4d5b0474&ps=13740610&shp=30310797&shcp=ff37627b&idc=useast5,7.4734E+18,1740036601,2025-02-20T07:30:01.000Z,1,https://vt.tiktok.com/ZSh8FQbqo/,FALSE,FALSE,,0,https://vt.tiktok.com/ZSh8FQbqo/,Bayar polisiiiiiiiiii polisi polisi polisi,7.05612E+18,kuda.balap10,https://www.tiktok.com/@hai_online/video/7473394493971074311
https://p19-common-sign-sg.tiktokcdn-us.com/tos-alisg-avt-0068/3289cdcb6257649574eddf4d06e315fb~tplv-tiktokx-cropcenter:100:100.jpg?dr=9640&refresh_token=196729c6&x-expires=1746172800&x-signature=5EjInW2Wtjr%2Bz2Qv6x%2FFNSdrBYY%3D&t=4d5b0474&ps=13740610&shp=30310797&shcp=ff37627b&idc=useast5,7.4734E+18,1740036598,2025-02-20T07:29:58.000Z,1,https://vt.tiktok.com/ZSh8FQbqo/,FALSE,FALSE,,0,https://vt.tiktok.com/ZSh8FQbqo/,Fakta kan Kebeneran itu harus di sebar luaskan,6.87135E+18,andry_bnc,https://www.tiktok.com/@hai_online/video/7473394493971074311
https://p16-common-sign-sg.tiktokcdn-us.com/tos-alisg-avt-0068/5362dd6bea11b704f16fda1b89859520~tplv-tiktokx-cropcenter:100:100.jpg?dr=9640&refresh_token=1c0e52d3&x-expires=1746172800&x-signature=n5CrQ8KjAu6yZK4tBSRoxvHymQc%3D&t=4d5b0474&ps=13740610&shp=30310797&shcp=ff37627b&idc=useast5,7.4734E+18,1740036571,2025-02-20T07:29:31.000Z,1,https://vt.tiktok.com/ZSh8FQbqo/,FALSE,FALSE,,0,https://vt.tiktok.com/ZSh8FQbqo/,#kamibersamasukatani,6.86613E+18,dendybajaj,https://www.tiktok.com/@hai_online/video/7473394493971074311
https://p16-common-sign-va.tiktokcdn-us.com/tos-maliva-avt-0068/f541686925eb3199c84e9a9446794d5f~tplv-tiktokx-cropcenter:100:100.jpg?dr=9640&refresh_token=fe88f7b4&x-expires=1746172800&x-signature=f6M45W%2BhwfqgZoLEcSEP4kcbnDo%3D&t=4d5b0474&ps=13740610&shp=30310797&shcp=ff37627b&idc=useast5,7.4734E+18,1740036526,2025-02-20T07:28:46.000Z,1,https://vt.tiktok.com/ZSh8FQbqo/,FALSE,FALSE,,0,https://vt.tiktok.com/ZSh8FQbqo/,"terbungkam???
bener berarti 😳😳😅🤭",6.96772E+18,awanxawenx,https://www.tiktok.com/@hai_online/video/7473394493971074311
https://p16-common-sign-sg.tiktokcdn-us.com/tos-alisg-avt-0068/3a80feb4146bb6c3f312bfe2fe640569~tplv-tiktokx-cropcenter:100:100.jpg?dr=9640&refresh_token=7c580698&x-expires=1746172800&x-signature=beldpHJs11sFLPvDknzuEoVt0Mc%3D&t=4d5b0474&ps=13740610&shp=30310797&shcp=ff37627b&idc=useast5,7.4734E+18,1740036513,2025-02-20T07:28:33.000Z,1,https://vt.tiktok.com/ZSh8FQbqo/,FALSE,FALSE,,0,https://vt.tiktok.com/ZSh8FQbqo/,lah kok minta maaf & ditarik lagunya?😅😅,7.46758E+18,rock_mie,https://www.tiktok.com/@hai_online/video/7473394493971074311
https://p16-common-sign-va.tiktokcdn-us.com/tos-maliva-avt-0068/2bba2bd3beb6c0d605ebbdad695a4023~tplv-tiktokx-cropcenter:100:100.jpg?dr=9640&refresh_token=0f50262a&x-expires=1746172800&x-signature=0N72TJuyn8Ld2isj0JH8XkbyZ3s%3D&t=4d5b0474&ps=13740610&shp=30310797&shcp=ff37627b&idc=useast5,7.4734E+18,1740036483,2025-02-20T07:28:03.000Z,1,https://vt.tiktok.com/ZSh8FQbqo/,FALSE,FALSE,,0,https://vt.tiktok.com/ZSh8FQbqo/,Makin dilarang ya makin jadi! #1312forever,7.17761E+18,arselaaan,https://www.tiktok.com/@hai_online/video/7473394493971074311
https://p16-common-sign-va.tiktokcdn-us.com/tos-maliva-avt-0068/6ae96541675838672fccfb9725e83c55~tplv-tiktokx-cropcenter:100:100.jpg?dr=9640&refresh_token=cd90f2f7&x-expires=1746172800&x-signature=53c4pZa8GSIQA6%2FVaEzRihdNVvo%3D&t=4d5b0474&ps=13740610&shp=30310797&shcp=ff37627b&idc=useast5,7.4734E+18,1740036450,2025-02-20T07:27:30.000Z,1,https://vt.tiktok.com/ZSh8FQbqo/,FALSE,FALSE,,0,https://vt.tiktok.com/ZSh8FQbqo/,#kamibersamasukatani,7.31197E+18,m.r.j.p666,https://www.tiktok.com/@hai_online/video/7473394493971074311
https://p16-common-sign-va.tiktokcdn-us.com/tos-maliva-avt-0068/7352574123472191493~tplv-tiktokx-cropcenter:100:100.jpg?dr=9640&refresh_token=6363b3fe&x-expires=1746172800&x-signature=KxrV3SYCm9%2BeMa%2FC8p2u1DEAqZI%3D&t=4d5b0474&ps=13740610&shp=30310797&shcp=ff37627b&idc=useast5,7.4734E+18,1740036442,2025-02-20T07:27:22.000Z,1,https://vt.tiktok.com/ZSh8FQbqo/,FALSE,FALSE,,0,https://vt.tiktok.com/ZSh8FQbqo/,yah semoga di era pak Prabowo lagu ini sudah gak relate LG aminn,7.19317E+18,hendra.j47,https://www.tiktok.com/@hai_online/video/7473394493971074311
https://p16-common-sign-sg.tiktokcdn-us.com/tos-alisg-avt-0068/4ac95acd823e41227d80442f03ba0acd~tplv-tiktokx-cropcenter:100:100.jpg?dr=9640&refresh_token=a0ca6ddd&x-expires=1746172800&x-signature=WWHadJQAA16IN0tz%2BOKR%2FbzDZSg%3D&t=4d5b0474&ps=13740610&shp=30310797&shcp=ff37627b&idc=useast5,7.4734E+18,1740036406,2025-02-20T07:26:46.000Z,1,https://vt.tiktok.com/ZSh8FQbqo/,FALSE,FALSE,,0,https://vt.tiktok.com/ZSh8FQbqo/,kenyataanya seperti itu .,6.78679E+18,miripcornelius,https://www.tiktok.com/@hai_online/video/7473394493971074311
https://p16-common-sign-useast2a.tiktokcdn-us.com/tos-useast2a-avt-0068-giso/e38020223006bfd55989faa005532754~tplv-tiktokx-cropcenter:100:100.jpg?dr=9640&refresh_token=5f80c6bc&x-expires=1746172800&x-signature=6YeH4aiGdtKP9q%2BdLIkZTD8LMhg%3D&t=4d5b0474&ps=13740610&shp=30310797&shcp=ff37627b&idc=useast5,7.4734E+18,1740036355,2025-02-20T07:25:55.000Z,1,https://vt.tiktok.com/ZSh8FQbqo/,FALSE,FALSE,,0,https://vt.tiktok.com/ZSh8FQbqo/,kok tersinggung si,7.04904E+18,foreverforyouzee,https://www.tiktok.com/@hai_online/video/7473394493971074311
https://p16-common-sign-sg.tiktokcdn-us.com/tos-alisg-avt-0068/f59d95852c21880fe91a1956d04095a2~tplv-tiktokx-cropcenter:100:100.jpg?dr=9640&refresh_token=1f869b3e&x-expires=1746172800&x-signature=A%2F8vICvKWrFONrQ%2Bph3%2FhQTn%2BsM%3D&t=4d5b0474&ps=13740610&shp=30310797&shcp=ff37627b&idc=useast5,7.4734E+18,1740036324,2025-02-20T07:25:24.000Z,1,https://vt.tiktok.com/ZSh8FQbqo/,FALSE,FALSE,,1,https://vt.tiktok.com/ZSh8FQbqo/,PURBALINGGA🔥,7.19137E+18,syhrlmhsaa,https://www.tiktok.com/@hai_online/video/7473394493971074311
https://p16-common-sign-sg.tiktokcdn-us.com/tos-alisg-avt-0068/2842fefda3d9fa913ebae3e8bf566d6d~tplv-tiktokx-cropcenter:100:100.jpg?dr=9640&refresh_token=8f398a89&x-expires=1746172800&x-signature=bO9wvqglx2i4m8mhjcj%2BkTi7zbs%3D&t=4d5b0474&ps=13740610&shp=30310797&shcp=ff37627b&idc=useast5,7.4734E+18,1740036308,2025-02-20T07:25:08.000Z,1,https://vt.tiktok.com/ZSh8FQbqo/,FALSE,FALSE,,0,https://vt.tiktok.com/ZSh8FQbqo/,udah kek Korut aja,7.40787E+18,joan_perez78,https://www.tiktok.com/@hai_online/video/7473394493971074311
https://p16-common-sign-sg.tiktokcdn-us.com/tos-alisg-avt-0068/a174367e70adf9fdc8d7c3b4622ea158~tplv-tiktokx-cropcenter:100:100.jpg?dr=9640&refresh_token=926a1310&x-expires=1746172800&x-signature=lRHW88%2FgkFH0FJ8PoCiwzFhzh70%3D&t=4d5b0474&ps=13740610&shp=30310797&shcp=ff37627b&idc=useast5,7.4734E+18,1740036223,2025-02-20T07:23:43.000Z,1,https://vt.tiktok.com/ZSh8FQbqo/,FALSE,FALSE,,0,https://vt.tiktok.com/ZSh8FQbqo/,"kocak, kebebasan berekspresi dikekang salah satu instansi negara. makin aja pengen #kaburajadulu",6.76546E+18,sendyanwarr,https://www.tiktok.com/@hai_online/video/7473394493971074311
https://p16-common-sign-sg.tiktokcdn-us.com/tos-alisg-avt-0068/9a4a7d22926420a1dd1c803568bf5b85~tplv-tiktokx-cropcenter:100:100.jpg?dr=9640&refresh_token=de3602b7&x-expires=1746172800&x-signature=SxTuOsegzijci9P5X0jJO1q8AtI%3D&t=4d5b0474&ps=13740610&shp=30310797&shcp=ff37627b&idc=useast5,7.4734E+18,1740036212,2025-02-20T07:23:32.000Z,1,https://vt.tiktok.com/ZSh8FQbqo/,FALSE,FALSE,,0,https://vt.tiktok.com/ZSh8FQbqo/,Cakkkk kocakkkkkkkkkk,6.88466E+18,schoolhatesme_,https://www.tiktok.com/@hai_online/video/7473394493971074311
https://p16-common-sign-sg.tiktokcdn-us.com/tos-alisg-avt-0068/4ac95acd823e41227d80442f03ba0acd~tplv-tiktokx-cropcenter:100:100.jpg?dr=9640&refresh_token=a0ca6ddd&x-expires=1746172800&x-signature=WWHadJQAA16IN0tz%2BOKR%2FbzDZSg%3D&t=4d5b0474&ps=13740610&shp=30310797&shcp=ff37627b&idc=useast5,7.4734E+18,1740036092,2025-02-20T07:21:32.000Z,1,https://vt.tiktok.com/ZSh8FQbqo/,FALSE,FALSE,,0,https://vt.tiktok.com/ZSh8FQbqo/,itu fakta,6.78679E+18,miripcornelius,https://www.tiktok.com/@hai_online/video/7473394493971074311
https://p16-common-sign-va.tiktokcdn-us.com/tos-maliva-avt-0068/55911995fd7a08e6d14f107a6766b821~tplv-tiktokx-cropcenter:100:100.jpg?dr=9640&refresh_token=1458fe50&x-expires=1746172800&x-signature=WkM9xtdCkjbDEgezEkzrl0%2BejAY%3D&t=4d5b0474&ps=13740610&shp=30310797&shcp=ff37627b&idc=useast5,7.4734E+18,1740036027,2025-02-20T07:20:27.000Z,1,https://vt.tiktok.com/ZSh8FQbqo/,FALSE,FALSE,,0,https://vt.tiktok.com/ZSh8FQbqo/,Salah nya dimana???? ada yg tahu??? kenyataan emang begitu apa apa bayar !!!,7.16592E+18,masbeework,https://www.tiktok.com/@hai_online/video/7473394493971074311
https://p16-common-sign-useast2a.tiktokcdn-us.com/tos-useast2a-avt-0068-giso/bc39078615451b8fc670285fc5b49bdb~tplv-tiktokx-cropcenter:100:100.jpg?dr=9640&refresh_token=63b26159&x-expires=1746172800&x-signature=nlmv3rWDjqnVHkf4XubWvcilwOs%3D&t=4d5b0474&ps=13740610&shp=30310797&shcp=ff37627b&idc=useast5,7.4734E+18,1740035982,2025-02-20T07:19:42.000Z,1,https://vt.tiktok.com/ZSh8FQbqo/,FALSE,FALSE,,0,https://vt.tiktok.com/ZSh8FQbqo/,😂😂😂,7.01948E+18,gilangponge,https://www.tiktok.com/@hai_online/video/7473394493971074311
