"avatarThumbnail","cid","createTime","createTimeISO","diggCount","input","likedByAuthor","pinnedByAuthor","repliesToId","replyCommentTotal","submittedVideoUrl","text","uid","uniqueId","videoWebUrl"
"https://p16-common-sign-va.tiktokcdn-us.com/tos-maliva-avt-0068/c1f35c479f1d63ec17d7f9305f21c871~tplv-tiktokx-cropcenter:100:100.jpg?dr=9640&refresh_token=ce76a6d5&x-expires=1746259200&x-signature=l2dmdDNOD6lIqPSUkRtSdKABr%2BU%3D&t=4d5b0474&ps=13740610&shp=30310797&shcp=ff37627b&idc=useast5","7490754243256271624","1744077157","2025-04-08T01:52:37.000Z","0","https://vt.tiktok.com/ZSh8FQbqo/","false","false",,"0","https://vt.tiktok.com/ZSh8FQbqo/","Pay pay pay😂😂😂😂😂","7409742328367662097","ewl.hasan","https://www.tiktok.com/@hai_online/video/7473394493971074311"
"https://p19-common-sign-sg.tiktokcdn-us.com/tos-alisg-avt-0068/2f379305e194faaf526a5e0a9e846333~tplv-tiktokx-cropcenter:100:100.jpg?dr=9640&refresh_token=24bc76b3&x-expires=1746259200&x-signature=lEPltfp1zXvzKI5PP5ex3Ui3tzE%3D&t=4d5b0474&ps=13740610&shp=30310797&shcp=ff37627b&idc=useast5","7473395791701377810","1740035565","2025-02-20T07:12:45.000Z","232","https://vt.tiktok.com/ZSh8FQbqo/","false","false",,"1","https://vt.tiktok.com/ZSh8FQbqo/","what a joke","6904204433073865730","alanscout_","https://www.tiktok.com/@hai_online/video/7473394493971074311"
"https://p16-common-sign-sg.tiktokcdn-us.com/tos-alisg-avt-0068/169c354b4721909140d39231f17d961b~tplv-tiktokx-cropcenter:100:100.jpg?dr=9640&refresh_token=4112a7a8&x-expires=1746259200&x-signature=%2BuSI26SH2wRswLl%2B1sVv5GhLcJQ%3D&t=4d5b0474&ps=13740610&shp=30310797&shcp=ff37627b&idc=useast5","7473446234558055175","1740047314","2025-02-20T10:28:34.000Z","4734","https://vt.tiktok.com/ZSh8FQbqo/","false","false",,"31","https://vt.tiktok.com/ZSh8FQbqo/","SUKATANI TIDAK KLARIFIKASI, TAPI TERINTIMIDASI
#KamiBersamaSUKATANI","6940651038849369089","bukanpahlawan432","https://www.tiktok.com/@hai_online/video/7473394493971074311"
"https://p16-common-sign-va.tiktokcdn-us.com/tos-maliva-avt-0068/115091eada97c2739864fbbea30b53cd~tplv-tiktokx-cropcenter:100:100.jpg?dr=9640&refresh_token=3cace510&x-expires=1746259200&x-signature=673WATYUpZ9s93Zikxt1DMkM%2Fqs%3D&t=4d5b0474&ps=13740610&shp=30310797&shcp=ff37627b&idc=useast5","7473396016432972552","1740035625","2025-02-20T07:13:45.000Z","6300","https://vt.tiktok.com/ZSh8FQbqo/","false","false",,"8","https://vt.tiktok.com/ZSh8FQbqo/","Kami bersama sukatani","6958985644777997317","arishamim_","https://www.tiktok.com/@hai_online/video/7473394493971074311"
"https://p16-common-sign-sg.tiktokcdn-us.com/tos-alisg-avt-0068/5ac2264c2a845aaea2f7049fa2aca906~tplv-tiktokx-cropcenter:100:100.jpg?dr=9640&refresh_token=91b6184f&x-expires=1746259200&x-signature=NdCewNnhRilR8aNVKquYQHuV1GM%3D&t=4d5b0474&ps=13740610&shp=30310797&shcp=ff37627b&idc=useast5","7473535862664921864","1740068176","2025-02-20T16:16:16.000Z","4928","https://vt.tiktok.com/ZSh8FQbqo/","false","false",,"36","https://vt.tiktok.com/ZSh8FQbqo/","YOK KALIAN YG BISA MAIN MUSIK, MULAI SEKARANG COVER LAGU MEREKA YG BAYAR BAYAR BAYAR!!!!","6896352671877235713","mrxxx0073","https://www.tiktok.com/@hai_online/video/7473394493971074311"
"https://p16-common-sign-va.tiktokcdn-us.com/tos-maliva-avt-0068/529448dbfcc3d03df007d301af25b022~tplv-tiktokx-cropcenter:100:100.jpg?dr=9640&refresh_token=3d7d8a05&x-expires=1746259200&x-signature=1HjspIoh5WI%2FQj6LXuDRKwm9WY8%3D&t=4d5b0474&ps=13740610&shp=30310797&shcp=ff37627b&idc=useast5","7473457175513498376","1740049863","2025-02-20T11:11:03.000Z","1621","https://vt.tiktok.com/ZSh8FQbqo/","false","false",,"16","https://vt.tiktok.com/ZSh8FQbqo/","kok isok 😂
padahal kenyataane ngono.
bayar bayar bayar 😂","6869770860517966849","kakao_6790","https://www.tiktok.com/@hai_online/video/7473394493971074311"
"https://p16-common-sign-va.tiktokcdn-us.com/musically-maliva-obj/1594805258216454~tplv-tiktokx-cropcenter:100:100.jpg?dr=9640&refresh_token=41ed5355&x-expires=1746259200&x-signature=34h6xQTWnsvzST54sikZy2CM07o%3D&t=4d5b0474&ps=13740610&shp=30310797&shcp=ff37627b&idc=useast5","7473396013585711880","1740035625","2025-02-20T07:13:45.000Z","5228","https://vt.tiktok.com/ZSh8FQbqo/","false","false",,"21","https://vt.tiktok.com/ZSh8FQbqo/","wah parah, padahal liriknya fakta semua","7110361546051798018","addamn666","https://www.tiktok.com/@hai_online/video/7473394493971074311"
"https://p16-common-sign-useast2a.tiktokcdn-us.com/tos-useast2a-avt-0068-giso/8fbedd063a05bdda647c613e9b2ff1fa~tplv-tiktokx-cropcenter:100:100.jpg?dr=9640&refresh_token=3b7beff1&x-expires=1746259200&x-signature=XJ3%2BL8hvAJEyavsgzpVabB%2F6tf4%3D&t=4d5b0474&ps=13740610&shp=30310797&shcp=ff37627b&idc=useast5","7473397286086918920","1740035925","2025-02-20T07:18:45.000Z","3737","https://vt.tiktok.com/ZSh8FQbqo/","false","false",,"50","https://vt.tiktok.com/ZSh8FQbqo/","sukatani ga salah ini knpa pada minta naaf","6930923259303396353","just.nopall5","https://www.tiktok.com/@hai_online/video/7473394493971074311"
"https://p16-common-sign-va.tiktokcdn-us.com/tos-maliva-avt-0068/28db0483692d771e505cbf7a55d917d4~tplv-tiktokx-cropcenter:100:100.jpg?dr=9640&refresh_token=3292655b&x-expires=1746259200&x-signature=mRfjcJTzhdXVkcbvze6vA5qwhFA%3D&t=4d5b0474&ps=13740610&shp=30310797&shcp=ff37627b&idc=useast5","7473418461000418068","1740040846","2025-02-20T08:40:46.000Z","19994","https://vt.tiktok.com/ZSh8FQbqo/","false","false",,"191","https://vt.tiktok.com/ZSh8FQbqo/","mereka bukan KLARIFIKASI, mereka DIINTIMIDASI","6925029927025640449","wztrippiee","https://www.tiktok.com/@hai_online/video/7473394493971074311"
"https://p16-common-sign-sg.tiktokcdn-us.com/tos-alisg-avt-0068/8ce6c2871a5023229e148d56adab1d67~tplv-tiktokx-cropcenter:100:100.jpg?dr=9640&refresh_token=65846e3a&x-expires=1746259200&x-signature=5Ni5LHamS02fMQM%2FyCQ4huUlfYo%3D&t=4d5b0474&ps=13740610&shp=30310797&shcp=ff37627b&idc=useast5","7473430391513924369","1740043621","2025-02-20T09:27:01.000Z","250","https://vt.tiktok.com/ZSh8FQbqo/","false","false",,"1","https://vt.tiktok.com/ZSh8FQbqo/","Berarti apa yg di nyanyikan oleh sukatani adalah nyata adanya😂","7009455285283030017","apriweah","https://www.tiktok.com/@hai_online/video/7473394493971074311"
"https://p16-common-sign-sg.tiktokcdn-us.com/tos-alisg-avt-0068/e760b3484b09d2659b44c4f0c6e55163~tplv-tiktokx-cropcenter:100:100.jpg?dr=9640&refresh_token=93860cb5&x-expires=1746259200&x-signature=6luSf2Swfy4U62gqGGIsF8YIQxo%3D&t=4d5b0474&ps=13740610&shp=30310797&shcp=ff37627b&idc=useast5","7473465752999052040","1740051859","2025-02-20T11:44:19.000Z","4189","https://vt.tiktok.com/ZSh8FQbqo/","false","false",,"28","https://vt.tiktok.com/ZSh8FQbqo/","ndk ush di cabut lagu bayar bayar bayar soal enak lagu ny","7457649753452233729","jalurselatan13","https://www.tiktok.com/@hai_online/video/7473394493971074311"
"https://p16-common-sign-va.tiktokcdn-us.com/tos-maliva-avt-0068/9c47009d1bd0e3dddee992793f8936d0~tplv-tiktokx-cropcenter:100:100.jpg?dr=9640&refresh_token=473fa03f&x-expires=1746259200&x-signature=KXggOah%2Bwv2Gk2ycgYlvNHzA2sU%3D&t=4d5b0474&ps=13740610&shp=30310797&shcp=ff37627b&idc=useast5","7473402766192313106","1740037195","2025-02-20T07:39:55.000Z","5923","https://vt.tiktok.com/ZSh8FQbqo/","false","false",,"53","https://vt.tiktok.com/ZSh8FQbqo/","Berarti bayar polisi adalah fakta?","6871714886230213634","briannnnn012","https://www.tiktok.com/@hai_online/video/7473394493971074311"
"https://p16-common-sign-sg.tiktokcdn-us.com/tos-alisg-avt-0068/230c544d9a75514b32b5b9315a7c96ea~tplv-tiktokx-cropcenter:100:100.jpg?dr=9640&refresh_token=7bb77fe3&x-expires=1746259200&x-signature=hRdQSB8X5OWxVf9jGVxy6G9Ew04%3D&t=4d5b0474&ps=13740610&shp=30310797&shcp=ff37627b&idc=useast5","7473513078563341074","1740062869","2025-02-20T14:47:49.000Z","3013","https://vt.tiktok.com/ZSh8FQbqo/","false","false",,"21","https://vt.tiktok.com/ZSh8FQbqo/","tersinggung artinya?🤡","6808688984018813954","aiueotan_","https://www.tiktok.com/@hai_online/video/7473394493971074311"
"https://p16-common-sign-sg.tiktokcdn-us.com/tos-alisg-avt-0068/2063d847053f89027b2e983ff609eff0~tplv-tiktokx-cropcenter:100:100.jpg?dr=9640&refresh_token=f9870c62&x-expires=1746259200&x-signature=EdoiS42fYOTlJo11%2BUJXE%2Fc%2BLQw%3D&t=4d5b0474&ps=13740610&shp=30310797&shcp=ff37627b&idc=useast5","7473763231905104647","1740121123","2025-02-21T06:58:43.000Z","2816","https://vt.tiktok.com/ZSh8FQbqo/","false","false",,"7","https://vt.tiktok.com/ZSh8FQbqo/","dukung penuh band sukatani 💯👍","6909695221061436418","yudijo_819","https://www.tiktok.com/@hai_online/video/7473394493971074311"
"https://p16-common-sign-useast2a.tiktokcdn-us.com/tos-useast2a-avt-0068-aiso/3f9ce3c76b9af00451d5a70dc57f63e9~tplv-tiktokx-cropcenter:100:100.jpg?dr=9640&refresh_token=a2bd848b&x-expires=1746259200&x-signature=Vm7zCSeYHxK%2B%2FnglEF1eI%2BxFjrg%3D&t=4d5b0474&ps=13740610&shp=30310797&shcp=ff37627b&idc=useast5","7473397102040892165","1740035922","2025-02-20T07:18:42.000Z","686","https://vt.tiktok.com/ZSh8FQbqo/","false","false",,"5","https://vt.tiktok.com/ZSh8FQbqo/","ngapain minta maaf?kan fakta. kalian ga salah!","6708034926308000770","moonbbybby","https://www.tiktok.com/@hai_online/video/7473394493971074311"
"https://p16-common-sign-va.tiktokcdn-us.com/tos-maliva-avt-0068/8559ebffc9ad031b153ec2ae05470acc~tplv-tiktokx-cropcenter:100:100.jpg?dr=9640&refresh_token=29c8110e&x-expires=1746259200&x-signature=9hXCaZuxnulXmsYjwyMUrv4GMlI%3D&t=4d5b0474&ps=13740610&shp=30310797&shcp=ff37627b&idc=useast5","7473395853974045446","1740035602","2025-02-20T07:13:22.000Z","2153","https://vt.tiktok.com/ZSh8FQbqo/","false","false",,"18","https://vt.tiktok.com/ZSh8FQbqo/","Besok bikin lagu pake bahasa inggris aja biar mereka gk tau artinya","6960412077795083270","die4u404","https://www.tiktok.com/@hai_online/video/7473394493971074311"
"https://p16-common-sign-sg.tiktokcdn-us.com/tos-alisg-avt-0068/6ec311f8ddbdbe3bbea2f95036a2752d~tplv-tiktokx-cropcenter:100:100.jpg?dr=9640&refresh_token=4806b2fa&x-expires=1746259200&x-signature=0MKnr9bvrYbA53F6lzcH0MZtzz8%3D&t=4d5b0474&ps=13740610&shp=30310797&shcp=ff37627b&idc=useast5","7473510871744217861","1740062385","2025-02-20T14:39:45.000Z","35","https://vt.tiktok.com/ZSh8FQbqo/","false","false",,"0","https://vt.tiktok.com/ZSh8FQbqo/","ngapain klarifikasi... itu realita bro","7355937036535399430","alfarish499","https://www.tiktok.com/@hai_online/video/7473394493971074311"
"https://p16-common-sign-sg.tiktokcdn-us.com/tos-alisg-avt-0068/27a4b09efdeedba49752407a71d0313c~tplv-tiktokx-cropcenter:100:100.jpg?dr=9640&refresh_token=25ee7ddc&x-expires=1746259200&x-signature=FuCOOdWxa0edRsnNKf0HuPvJIus%3D&t=4d5b0474&ps=13740610&shp=30310797&shcp=ff37627b&idc=useast5","7473400387367650068","1740036638","2025-02-20T07:30:38.000Z","2018","https://vt.tiktok.com/ZSh8FQbqo/","false","false",,"34","https://vt.tiktok.com/ZSh8FQbqo/","POLISI : HAMA","6836682429857448961","emerico_","https://www.tiktok.com/@hai_online/video/7473394493971074311"
"https://p16-common-sign-va.tiktokcdn-us.com/tos-maliva-avt-0068/25fa343de3e7fc59577fd6436a1181f6~tplv-tiktokx-cropcenter:100:100.jpg?dr=9640&refresh_token=54e22324&x-expires=1746259200&x-signature=YYJGU%2FFAqywSWIBxAufwMvfveyc%3D&t=4d5b0474&ps=13740610&shp=30310797&shcp=ff37627b&idc=useast5","7473400762312246034","1740036719","2025-02-20T07:31:59.000Z","618","https://vt.tiktok.com/ZSh8FQbqo/","false","false",,"13","https://vt.tiktok.com/ZSh8FQbqo/","negara demokrasi model apa ini? 😂😂😂😂😂😂😂😂😂😂😂😂😂😂😂","6928930901662270465","eunkyo_shin","https://www.tiktok.com/@hai_online/video/7473394493971074311"
"https://p16-common-sign-sg.tiktokcdn-us.com/tos-alisg-avt-0068/16eb26de6a6720b636df9bbb836fabeb~tplv-tiktokx-cropcenter:100:100.jpg?dr=9640&refresh_token=b3d0cd74&x-expires=1746259200&x-signature=kfpHuVNg%2FsGjEsj5IT3N14CeBZs%3D&t=4d5b0474&ps=13740610&shp=30310797&shcp=ff37627b&idc=useast5","7473440212145816340","1740045914","2025-02-20T10:05:14.000Z","317","https://vt.tiktok.com/ZSh8FQbqo/","false","false",,"4","https://vt.tiktok.com/ZSh8FQbqo/","KARYA SENI DIBUNGKAM = LAWAN🔥","6958131124157907974","tweetbyyy","https://www.tiktok.com/@hai_online/video/7473394493971074311"
"https://p16-common-sign-sg.tiktokcdn-us.com/tos-alisg-avt-0068/18c7a8165af58b285fa8e417b3c275ef~tplv-tiktokx-cropcenter:100:100.jpg?dr=9640&refresh_token=47bc4ba0&x-expires=1746259200&x-signature=FGmn9IAdelMU%2F1MEmxUVLoiORIM%3D&t=4d5b0474&ps=13740610&shp=30310797&shcp=ff37627b&idc=useast5","7473788080953656065","1740126911","2025-02-21T08:35:11.000Z","25","https://vt.tiktok.com/ZSh8FQbqo/","false","false",,"0","https://vt.tiktok.com/ZSh8FQbqo/","ngapain minta maaf... emang fakta","6955050242207548417","mimpi_mu_99","https://www.tiktok.com/@hai_online/video/7473394493971074311"
"https://p16-common-sign-va.tiktokcdn-us.com/tos-maliva-avt-0068/7570383bf87845ff947f86c19376c12d~tplv-tiktokx-cropcenter:100:100.jpg?dr=9640&refresh_token=84aea88c&x-expires=1746259200&x-signature=0ToUC6CVRWEKA5sqNmjR1Xg6Yx4%3D&t=4d5b0474&ps=13740610&shp=30310797&shcp=ff37627b&idc=useast5","7473419034358678278","1740041035","2025-02-20T08:43:55.000Z","95","https://vt.tiktok.com/ZSh8FQbqo/","false","false",,"0","https://vt.tiktok.com/ZSh8FQbqo/","pasti sukatani melakukan ini TANPA paksaan dan Tanpa intimidasi. hidup damkar","6820043126091957250","bristleback___","https://www.tiktok.com/@hai_online/video/7473394493971074311"
"https://p16-common-sign-sg.tiktokcdn-us.com/tos-alisg-avt-0068/660c11d8c05b8db360d1023859afbaa0~tplv-tiktokx-cropcenter:100:100.jpg?dr=9640&refresh_token=94a97f27&x-expires=1746259200&x-signature=tSjlfZ23nWpX99upHit9ynLVO1Q%3D&t=4d5b0474&ps=13740610&shp=30310797&shcp=ff37627b&idc=useast5","7474457011372114706","1740282653","2025-02-23T03:50:53.000Z","29","https://vt.tiktok.com/ZSh8FQbqo/","false","false",,"2","https://vt.tiktok.com/ZSh8FQbqo/","bpk presiden menghimbau lagu ""bayar bayar bayar"" dari band sukatani untuk diputar setiap jam 6 pagi di tv nasional.","6969469615840838661","aldy.firman","https://www.tiktok.com/@hai_online/video/7473394493971074311"
"https://p16-common-sign-useast2a.tiktokcdn-us.com/tos-useast2a-avt-0068-giso/e2fad9c5bb020de0ba266496e3ea0212~tplv-tiktokx-cropcenter:100:100.jpg?dr=9640&refresh_token=84a6f552&x-expires=1746259200&x-signature=t4L1ocEHdAuqCBIlSXbTA7kyLhw%3D&t=4d5b0474&ps=13740610&shp=30310797&shcp=ff37627b&idc=useast5","7474258902151987988","1740236526","2025-02-22T15:02:06.000Z","14","https://vt.tiktok.com/ZSh8FQbqo/","false","false",,"0","https://vt.tiktok.com/ZSh8FQbqo/","kami tidak rela kalian minta maaf..","6564568622374174721","andi.bur5353","https://www.tiktok.com/@hai_online/video/7473394493971074311"
"https://p19-common-sign-useast2a.tiktokcdn-us.com/tos-useast2a-avt-0068-giso/3ecf19312a283ec32d3dd4612c52b8c2~tplv-tiktokx-cropcenter:100:100.jpg?dr=9640&refresh_token=b832dcdf&x-expires=1746259200&x-signature=Hp2fSUJTQZiUlP7idBtn5bq47yM%3D&t=4d5b0474&ps=13740610&shp=30310797&shcp=ff37627b&idc=useast5","7473429709519717137","1740043461","2025-02-20T09:24:21.000Z","45","https://vt.tiktok.com/ZSh8FQbqo/","false","false",,"0","https://vt.tiktok.com/ZSh8FQbqo/","lah malah tambah viral ini mah. gasss terus Sukatani!","6618007733726265346","faktadanmitos.perempuan","https://www.tiktok.com/@hai_online/video/7473394493971074311"
"https://p16-common-sign-sg.tiktokcdn-us.com/tos-alisg-avt-0068/1aca073fc4eba7277e8ad75560978ebb~tplv-tiktokx-cropcenter:100:100.jpg?dr=9640&refresh_token=8dd76158&x-expires=1746259200&x-signature=nSf2zxYhBHoj76KSQTtl9AIF3Os%3D&t=4d5b0474&ps=13740610&shp=30310797&shcp=ff37627b&idc=useast5","7473992448311034642","1740174515","2025-02-21T21:48:35.000Z","5","https://vt.tiktok.com/ZSh8FQbqo/","false","false",,"0","https://vt.tiktok.com/ZSh8FQbqo/","secara tidak langsung polisi sendiri membuktikan bahwa lagu tersebut memang realitas lewat klarifikasi mereka..!!!","7334602722807153670","harmaji.anto","https://www.tiktok.com/@hai_online/video/7473394493971074311"
"https://p16-common-sign-sg.tiktokcdn-us.com/tos-alisg-avt-0068/eddfc449253a48754bd99bf7d5f92e07~tplv-tiktokx-cropcenter:100:100.jpg?dr=9640&refresh_token=38778dfc&x-expires=1746259200&x-signature=UZgl1zjszEbfC2js8tFsCzKIlgI%3D&t=4d5b0474&ps=13740610&shp=30310797&shcp=ff37627b&idc=useast5","7473460573159686920","1740050654","2025-02-20T11:24:14.000Z","206","https://vt.tiktok.com/ZSh8FQbqo/","false","false",,"3","https://vt.tiktok.com/ZSh8FQbqo/","Jangan kalah dulu, kami bersama sukatani✊","6881606030296351746","hernandoislamiputra","https://www.tiktok.com/@hai_online/video/7473394493971074311"
"https://p16-common-sign-va.tiktokcdn-us.com/tos-maliva-avt-0068/fa03f12ff5d34a2ebcc7a1719e7df7a3~tplv-tiktokx-cropcenter:100:100.jpg?dr=9640&refresh_token=08daadbb&x-expires=1746259200&x-signature=TsMFIAFSuXcB%2Birz5sK3HM9Y0ms%3D&t=4d5b0474&ps=13740610&shp=30310797&shcp=ff37627b&idc=useast5","7473657933097059090","1740096619","2025-02-21T00:10:19.000Z","15","https://vt.tiktok.com/ZSh8FQbqo/","false","false",,"0","https://vt.tiktok.com/ZSh8FQbqo/","knapa harus minta maaf,,kan itu fakta... coba aja adakan survey di masyarakat","7202876320685032454","user5338135858404r","https://www.tiktok.com/@hai_online/video/7473394493971074311"
"https://p16-common-sign-va.tiktokcdn-us.com/tos-maliva-avt-0068/951c5de9a7e9e8c7e28f39abd1b62033~tplv-tiktokx-cropcenter:100:100.jpg?dr=9640&refresh_token=e7b48eca&x-expires=1746259200&x-signature=nTl04rjPMaZAMCgQPhcMweAOjyc%3D&t=4d5b0474&ps=13740610&shp=30310797&shcp=ff37627b&idc=useast5","7473799062300754706","1740129465","2025-02-21T09:17:45.000Z","15","https://vt.tiktok.com/ZSh8FQbqo/","false","false",,"0","https://vt.tiktok.com/ZSh8FQbqo/","ngapainnnnnn klarifikasi, wong fakta","6792477301181056001","vegappp","https://www.tiktok.com/@hai_online/video/7473394493971074311"
"https://p16-common-sign-va.tiktokcdn-us.com/tos-maliva-avt-0068/5f34ca7f007d3c2a7cc3c5b7d850ff0d~tplv-tiktokx-cropcenter:100:100.jpg?dr=9640&refresh_token=556123fe&x-expires=1746259200&x-signature=BIzpXKYeKnMyQDD2GGOOb83aN6Y%3D&t=4d5b0474&ps=13740610&shp=30310797&shcp=ff37627b&idc=useast5","7473400590115848978","1740036713","2025-02-20T07:31:53.000Z","1607","https://vt.tiktok.com/ZSh8FQbqo/","false","false",,"21","https://vt.tiktok.com/ZSh8FQbqo/","ngapain di hapus kocak,gw aja baru bayar polisi ini","6880943529142633474","habdasa","https://www.tiktok.com/@hai_online/video/7473394493971074311"
"https://p16-common-sign-useast2a.tiktokcdn-us.com/tos-useast2a-avt-0068-giso/7228059073227423770~tplv-tiktokx-cropcenter:100:100.jpg?dr=9640&refresh_token=5e078ac4&x-expires=1746259200&x-signature=IN6CXe5FC2BS0DHWOkbBBe1xNKs%3D&t=4d5b0474&ps=13740610&shp=30310797&shcp=ff37627b&idc=useast5","7473808445403185941","1740131648","2025-02-21T09:54:08.000Z","7","https://vt.tiktok.com/ZSh8FQbqo/","false","false",,"0","https://vt.tiktok.com/ZSh8FQbqo/","ngapain minta maaaf","7106293812662502401","valdyashabfirdaus","https://www.tiktok.com/@hai_online/video/7473394493971074311"
"https://p16-common-sign-va.tiktokcdn-us.com/tos-maliva-avt-0068/056c392e7016364a5a533adc9716b8f8~tplv-tiktokx-cropcenter:100:100.jpg?dr=9640&refresh_token=00705bc7&x-expires=1746259200&x-signature=obqdhsTva2AVifTzrqOb6T7rDZw%3D&t=4d5b0474&ps=13740610&shp=30310797&shcp=ff37627b&idc=useast5","7473476000928973576","1740062724","2025-02-20T14:45:24.000Z","7","https://vt.tiktok.com/ZSh8FQbqo/","false","false",,"0","https://vt.tiktok.com/ZSh8FQbqo/","ga usah minta maaf.emang kenyataannya begitu..","7294229812994130949","user229107361684","https://www.tiktok.com/@hai_online/video/7473394493971074311"
"https://p16-common-sign-va.tiktokcdn-us.com/tos-maliva-avt-0068/ffdc6b6960e5692f629cb6a046da6861~tplv-tiktokx-cropcenter:100:100.jpg?dr=9640&refresh_token=384b0011&x-expires=1746259200&x-signature=DgY%2Fsu3MpiSNkOMblfqZ%2B%2FeGlRI%3D&t=4d5b0474&ps=13740610&shp=30310797&shcp=ff37627b&idc=useast5","7473901124778099461","1740153237","2025-02-21T15:53:57.000Z","14","https://vt.tiktok.com/ZSh8FQbqo/","false","false",,"0","https://vt.tiktok.com/ZSh8FQbqo/","semakin di take down netizen malah semakin penasaran pngen dgerin😁","7211034511668069378","feri_jayaindah","https://www.tiktok.com/@hai_online/video/7473394493971074311"
"https://p16-common-sign-va.tiktokcdn-us.com/tos-maliva-avt-0068/7368493157647319045~tplv-tiktokx-cropcenter:100:100.jpg?dr=9640&refresh_token=959fc30a&x-expires=1746259200&x-signature=0dH1961U%2FrR9XHTu6LgMoUY%2FkbM%3D&t=4d5b0474&ps=13740610&shp=30310797&shcp=ff37627b&idc=useast5","7473412408268342032","1740039437","2025-02-20T08:17:17.000Z","44","https://vt.tiktok.com/ZSh8FQbqo/","false","false",,"1","https://vt.tiktok.com/ZSh8FQbqo/","padahal liriknya sesuai fakta di lapangan 😭😭😭","7368492502632973328","mattgopen","https://www.tiktok.com/@hai_online/video/7473394493971074311"
"https://p16-common-sign-sg.tiktokcdn-us.com/tos-alisg-avt-0068/009b9f343d9bbc6448f72aefc600ca95~tplv-tiktokx-cropcenter:100:100.jpg?dr=9640&refresh_token=291f745d&x-expires=1746259200&x-signature=Ht71ByBaAxkKHdsB%2BPlO9Rlllzg%3D&t=4d5b0474&ps=13740610&shp=30310797&shcp=ff37627b&idc=useast5","7473463068506374930","1740051234","2025-02-20T11:33:54.000Z","8","https://vt.tiktok.com/ZSh8FQbqo/","false","false",,"0","https://vt.tiktok.com/ZSh8FQbqo/","Kami Bersama Sukatani!!!","6527251053409959937","di.massa.treeo","https://www.tiktok.com/@hai_online/video/7473394493971074311"
"https://p19-common-sign-va.tiktokcdn-us.com/tos-maliva-avt-0068/6800c639d91c3a76942b70d57ddd3fa1~tplv-tiktokx-cropcenter:100:100.jpg?dr=9640&refresh_token=1355be3d&x-expires=1746259200&x-signature=ePaml2QhxWvGSlbGuw64qnaTXgA%3D&t=4d5b0474&ps=13740610&shp=30310797&shcp=ff37627b&idc=useast5","7473449390158873345","1740048047","2025-02-20T10:40:47.000Z","7","https://vt.tiktok.com/ZSh8FQbqo/","false","false",,"0","https://vt.tiktok.com/ZSh8FQbqo/","sukatani berkata benar","7065527308723340289","saifut_07","https://www.tiktok.com/@hai_online/video/7473394493971074311"
"https://p16-common-sign-useast2a.tiktokcdn-us.com/tos-useast2a-avt-0068-giso/ff11a66b7eba6287df285f7fcbe73ffe~tplv-tiktokx-cropcenter:100:100.jpg?dr=9640&refresh_token=0c5dfc30&x-expires=1746259200&x-signature=9TR%2BbIAXTFw02IQ7qmVqNXWD%2BIA%3D&t=4d5b0474&ps=13740610&shp=30310797&shcp=ff37627b&idc=useast5","7473418001691312904","1740040742","2025-02-20T08:39:02.000Z","497","https://vt.tiktok.com/ZSh8FQbqo/","false","false",,"4","https://vt.tiktok.com/ZSh8FQbqo/","mau nyanyi, bayar polisi","7128359190201107483","damanov_","https://www.tiktok.com/@hai_online/video/7473394493971074311"
"https://p16-common-sign-useast2a.tiktokcdn-us.com/tos-useast2a-avt-0068-giso/7139890837395079194~tplv-tiktokx-cropcenter:100:100.jpg?dr=9640&refresh_token=d9178432&x-expires=1746259200&x-signature=asnSw53EK3wREWC1qqO0AJZcp9M%3D&t=4d5b0474&ps=13740610&shp=30310797&shcp=ff37627b&idc=useast5","7473682214879593234","1740102266","2025-02-21T01:44:26.000Z","30","https://vt.tiktok.com/ZSh8FQbqo/","false","false",,"1","https://vt.tiktok.com/ZSh8FQbqo/","Kalian gak perlu minta maaf ., coz itu Realita yg ada.🤘🏼💪🏼💪🏼 #kamibersamaSukaTani","7123579095620289538","sariefhidayat80","https://www.tiktok.com/@hai_online/video/7473394493971074311"
"https://p16-common-sign-sg.tiktokcdn-us.com/tos-alisg-avt-0068/fc8bfd54d501fe966ef4edbb07edcbe7~tplv-tiktokx-cropcenter:100:100.jpg?dr=9640&refresh_token=4105d744&x-expires=1746259200&x-signature=7CiOM4eOTBaXndw%2BB5JcoxqG8Uw%3D&t=4d5b0474&ps=13740610&shp=30310797&shcp=ff37627b&idc=useast5","7473488860447785749","1740057240","2025-02-20T13:14:00.000Z","37","https://vt.tiktok.com/ZSh8FQbqo/","false","false",,"1","https://vt.tiktok.com/ZSh8FQbqo/","kok minta maaf .
pdahal yg mereka nyanyikan itu fakta yg sebenarnya","7104445938621858843","indra69381","https://www.tiktok.com/@hai_online/video/7473394493971074311"
"https://p16-common-sign-va.tiktokcdn-us.com/tos-maliva-avt-0068/7327778473887825925~tplv-tiktokx-cropcenter:100:100.jpg?dr=9640&refresh_token=d9dd60ae&x-expires=1746259200&x-signature=V3aK0Wblsw0%2FXXQYHmihyUO4zrI%3D&t=4d5b0474&ps=13740610&shp=30310797&shcp=ff37627b&idc=useast5","7473542909145563922","1740069818","2025-02-20T16:43:38.000Z","6","https://vt.tiktok.com/ZSh8FQbqo/","false","false",,"0","https://vt.tiktok.com/ZSh8FQbqo/","KALIAN GAK USAH MINTA MAAF! KALIAN SUDAH KEREN!","6868147973163893762","ysftnvn","https://www.tiktok.com/@hai_online/video/7473394493971074311"
"https://p16-common-sign-va.tiktokcdn-us.com/tos-maliva-avt-0068/fa018b4e9abac309156e25139e2443ea~tplv-tiktokx-cropcenter:100:100.jpg?dr=9640&refresh_token=289efafb&x-expires=1746259200&x-signature=4Qkf%2FWTtSJIc%2FUuLesidW1hU%2BlE%3D&t=4d5b0474&ps=13740610&shp=30310797&shcp=ff37627b&idc=useast5","7473436482864218935","1740045080","2025-02-20T09:51:20.000Z","17","https://vt.tiktok.com/ZSh8FQbqo/","false","false",,"0","https://vt.tiktok.com/ZSh8FQbqo/","terimakasih sukatani terus berkarya..
lagu nya kenyataan","7343928117877441542","marstwoin6","https://www.tiktok.com/@hai_online/video/7473394493971074311"
"https://p16-common-sign-sg.tiktokcdn-us.com/tos-alisg-avt-0068/96f6014d9ce518bc952e17a12f4286dd~tplv-tiktokx-cropcenter:100:100.jpg?dr=9640&refresh_token=00e03aa0&x-expires=1746259200&x-signature=EByA8mUg4gviIGuDyyEi0HZNb1w%3D&t=4d5b0474&ps=13740610&shp=30310797&shcp=ff37627b&idc=useast5","7473510052767482642","1740062164","2025-02-20T14:36:04.000Z","9","https://vt.tiktok.com/ZSh8FQbqo/","false","false",,"0","https://vt.tiktok.com/ZSh8FQbqo/","kan emang bener yah harus segala bayar kalo lapor polisi🤣","6867527482440352770","rifkyrvnsh","https://www.tiktok.com/@hai_online/video/7473394493971074311"
"https://p16-common-sign-sg.tiktokcdn-us.com/tos-alisg-avt-0068/24b07b41ddcf8a47f29af350a65ba33b~tplv-tiktokx-cropcenter:100:100.jpg?dr=9640&refresh_token=7d3ba0cd&x-expires=1746259200&x-signature=Lyckkct%2BmwHUN88RFy%2Bk9WGPK%2FE%3D&t=4d5b0474&ps=13740610&shp=30310797&shcp=ff37627b&idc=useast5","7474026481912759041","1740182444","2025-02-22T00:00:44.000Z","9","https://vt.tiktok.com/ZSh8FQbqo/","false","false",,"0","https://vt.tiktok.com/ZSh8FQbqo/","faktanya kan emang gitu, ngapain minta maaf?","7218198605952566273","rsydbayu.s","https://www.tiktok.com/@hai_online/video/7473394493971074311"
"https://p16-common-sign-va.tiktokcdn-us.com/tos-maliva-avt-0068/0fa279ac03e9bdb6da4bab1cc04f02be~tplv-tiktokx-cropcenter:100:100.jpg?dr=9640&refresh_token=457fd9b8&x-expires=1746259200&x-signature=HxO6KKQEbnluL0taYeV8CbZVD0M%3D&t=4d5b0474&ps=13740610&shp=30310797&shcp=ff37627b&idc=useast5","7473835146308698886","1740137890","2025-02-21T11:38:10.000Z","5","https://vt.tiktok.com/ZSh8FQbqo/","false","false",,"0","https://vt.tiktok.com/ZSh8FQbqo/","bukan klarifikasi tapi diintimindasi karena yang disana panik berenang dilautan fakta","6788415449996674049","riyan.putra._","https://www.tiktok.com/@hai_online/video/7473394493971074311"
"https://p16-common-sign-va.tiktokcdn-us.com/tos-maliva-avt-0068/ad2fc6abb9575f347a8a751238385c84~tplv-tiktokx-cropcenter:100:100.jpg?dr=9640&refresh_token=2488991a&x-expires=1746259200&x-signature=JkF8amyl1NtCJyjiwwvwAHHf2rA%3D&t=4d5b0474&ps=13740610&shp=30310797&shcp=ff37627b&idc=useast5","7474218481086071557","1740227128","2025-02-22T12:25:28.000Z","5","https://vt.tiktok.com/ZSh8FQbqo/","false","false",,"0","https://vt.tiktok.com/ZSh8FQbqo/","ngapain minta maaf, kau benar jangan jadi pengecut kau berkata benar ,teruslah berkarya ,","7253446635375592453","sutaji5396","https://www.tiktok.com/@hai_online/video/7473394493971074311"
"https://p16-common-sign-sg.tiktokcdn-us.com/tos-alisg-avt-0068/45acc2994142bdacb408616c603a7d31~tplv-tiktokx-cropcenter:100:100.jpg?dr=9640&refresh_token=4e4ff827&x-expires=1746259200&x-signature=ywjyfmW%2BMn3pfZ9eM5WTnz09HR4%3D&t=4d5b0474&ps=13740610&shp=30310797&shcp=ff37627b&idc=useast5","7473423746319385351","1740042083","2025-02-20T09:01:23.000Z","291","https://vt.tiktok.com/ZSh8FQbqo/","false","false",,"3","https://vt.tiktok.com/ZSh8FQbqo/","tugas kita sebagai rakyat untuk terus pakai lagu sukatani - bayar bayar bayar 👌","6794410388634797057","moonrivverr","https://www.tiktok.com/@hai_online/video/7473394493971074311"
"https://p16-common-sign-sg.tiktokcdn-us.com/tos-alisg-avt-0068/cd112854e11f118581674e52193113fd~tplv-tiktokx-cropcenter:100:100.jpg?dr=9640&refresh_token=176da153&x-expires=1746259200&x-signature=a844yqerqYtnDSQ8GOTEgOw7M00%3D&t=4d5b0474&ps=13740610&shp=30310797&shcp=ff37627b&idc=useast5","7473429155612230408","1740043340","2025-02-20T09:22:20.000Z","120","https://vt.tiktok.com/ZSh8FQbqo/","false","false",,"12","https://vt.tiktok.com/ZSh8FQbqo/","kenapa harus minta maaf,itukan fakta bukan fitnah 🗿","7029233947193508865","kang____23","https://www.tiktok.com/@hai_online/video/7473394493971074311"
"https://p16-common-sign-sg.tiktokcdn-us.com/tos-alisg-avt-0068/cf5a3500d9681ed03c92e3bdd4b8ba4b~tplv-tiktokx-cropcenter:100:100.jpg?dr=9640&refresh_token=3190ba91&x-expires=1746259200&x-signature=BUjfriFMxtpx2LqSEbn5oKb9q38%3D&t=4d5b0474&ps=13740610&shp=30310797&shcp=ff37627b&idc=useast5","7473758517335474960","1740120028","2025-02-21T06:40:28.000Z","7","https://vt.tiktok.com/ZSh8FQbqo/","false","false",,"0","https://vt.tiktok.com/ZSh8FQbqo/","ngapain minta maaf bang lu gasalah emang fakta nya gitu","6915495909070619649","iniasw0","https://www.tiktok.com/@hai_online/video/7473394493971074311"
"https://p16-common-sign-sg.tiktokcdn-us.com/tos-alisg-avt-0068/85f941f7c29de86650194e554c4798b2~tplv-tiktokx-cropcenter:100:100.jpg?dr=9640&refresh_token=48d3d5f6&x-expires=1746259200&x-signature=p%2BO%2FI2c32iWq5jFNkuEWGsW3wH8%3D&t=4d5b0474&ps=13740610&shp=30310797&shcp=ff37627b&idc=useast5","7473770302020125448","1740122766","2025-02-21T07:26:06.000Z","7","https://vt.tiktok.com/ZSh8FQbqo/","false","false",,"0","https://vt.tiktok.com/ZSh8FQbqo/","NGAPAIN MINTA MAAF.KAKA KAKA MEWAKILI SUARA KAMI RAKYAT INDONESIA.LAGUNYA SANGAT LUAR BIASA.VIRALKAN LAGUNYA..!!!!","7323169472909640709","herualbantani01","https://www.tiktok.com/@hai_online/video/7473394493971074311"
"https://p16-common-sign-va.tiktokcdn-us.com/tos-maliva-avt-0068/5b91e498705b82676772ba990218cf70~tplv-tiktokx-cropcenter:100:100.jpg?dr=9640&refresh_token=aed4dcf7&x-expires=1746259200&x-signature=EW1wE5UHNV%2BuOmBjqzNo8dllMMY%3D&t=4d5b0474&ps=13740610&shp=30310797&shcp=ff37627b&idc=useast5","7473492326854427393","1740058040","2025-02-20T13:27:20.000Z","7","https://vt.tiktok.com/ZSh8FQbqo/","false","false",,"0","https://vt.tiktok.com/ZSh8FQbqo/","3 kata lucu hari ini : ""TANPA ADA PAKSAAN"" 😂😂","6978078364976743425","abuumarabdullah_","https://www.tiktok.com/@hai_online/video/7473394493971074311"
"https://p16-common-sign-sg.tiktokcdn-us.com/tos-alisg-avt-0068/f162d4aa387429f1017eebf15431fe3a~tplv-tiktokx-cropcenter:100:100.jpg?dr=9640&refresh_token=72e57a67&x-expires=1746259200&x-signature=Fvv4t%2BsgMyhXKLjzUFH92Pi4NLQ%3D&t=4d5b0474&ps=13740610&shp=30310797&shcp=ff37627b&idc=useast5","7474073575953580807","1740193387","2025-02-22T03:03:07.000Z","5","https://vt.tiktok.com/ZSh8FQbqo/","false","false",,"0","https://vt.tiktok.com/ZSh8FQbqo/","stop pembungkaman terhadap karya seni!!
#kami bersama Sukatani","7280380781641417734","asell0909","https://www.tiktok.com/@hai_online/video/7473394493971074311"
"https://p16-common-sign-sg.tiktokcdn-us.com/tos-alisg-avt-0068/1748e522f4a617a7c6898733b00fb858~tplv-tiktokx-cropcenter:100:100.jpg?dr=9640&refresh_token=05ff4654&x-expires=1746259200&x-signature=q6WNtAMSOG4%2F9Xkr5BOZBTTEqBc%3D&t=4d5b0474&ps=13740610&shp=30310797&shcp=ff37627b&idc=useast5","7473439374513898246","1740045750","2025-02-20T10:02:30.000Z","27","https://vt.tiktok.com/ZSh8FQbqo/","false","false",,"1","https://vt.tiktok.com/ZSh8FQbqo/","Ga prl klarifikasi bang.. Emang gitu kenyataannya","6535828536090247169","m4mi_widia","https://www.tiktok.com/@hai_online/video/7473394493971074311"
"https://p16-common-sign-va.tiktokcdn-us.com/tos-maliva-avt-0068/83d00dccc373fea65a3db3b991d478d0~tplv-tiktokx-cropcenter:100:100.jpg?dr=9640&refresh_token=6fecdc2a&x-expires=1746259200&x-signature=Hk82ZVCl%2FVklXFkLL3lqcBPEDcQ%3D&t=4d5b0474&ps=13740610&shp=30310797&shcp=ff37627b&idc=useast5","7473800160629457670","1740129756","2025-02-21T09:22:36.000Z","28","https://vt.tiktok.com/ZSh8FQbqo/","false","false",,"0","https://vt.tiktok.com/ZSh8FQbqo/","LANJUTKAN!!! JANGAN BERHENTI!!!
#KamiBersamaSukatani","6885930827483087873","esgepe9","https://www.tiktok.com/@hai_online/video/7473394493971074311"
"https://p16-common-sign-sg.tiktokcdn-us.com/tos-alisg-avt-0068/0ac2ae2cf74c7dcff3622c8ec90ad465~tplv-tiktokx-cropcenter:100:100.jpg?dr=9640&refresh_token=4bbc253a&x-expires=1746259200&x-signature=Ff2E4oYAu0%2BGDYvT2tInhr1H%2FuE%3D&t=4d5b0474&ps=13740610&shp=30310797&shcp=ff37627b&idc=useast5","7473398189258261256","1740036127","2025-02-20T07:22:07.000Z","841","https://vt.tiktok.com/ZSh8FQbqo/","false","false",,"12","https://vt.tiktok.com/ZSh8FQbqo/","kami bersama sukatani","7109361621621228545","rumitrustno1","https://www.tiktok.com/@hai_online/video/7473394493971074311"
"https://p16-common-sign-sg.tiktokcdn-us.com/tos-alisg-avt-0068/254df127304cd854d8b55c8d8b6260da~tplv-tiktokx-cropcenter:100:100.jpg?dr=9640&refresh_token=63aa31a5&x-expires=1746259200&x-signature=c7eks7AWgLwywj6KQNkTxkm8Vjo%3D&t=4d5b0474&ps=13740610&shp=30310797&shcp=ff37627b&idc=useast5","7473436365154272001","1740045012","2025-02-20T09:50:12.000Z","7","https://vt.tiktok.com/ZSh8FQbqo/","false","false",,"0","https://vt.tiktok.com/ZSh8FQbqo/","gpp... yg penting kita sudah hapal lagunya krn sesuai dgn kenyataannya 😅","7214314243251504129","ojeb775","https://www.tiktok.com/@hai_online/video/7473394493971074311"
"https://p16-common-sign-va.tiktokcdn-us.com/tos-maliva-avt-0068/1be1204960c18a6978977be43d06d13d~tplv-tiktokx-cropcenter:100:100.jpg?dr=9640&refresh_token=7736ce72&x-expires=1746259200&x-signature=3K2ssdepk3nT6bt5figad7fhzDg%3D&t=4d5b0474&ps=13740610&shp=30310797&shcp=ff37627b&idc=useast5","7474610342774489863","1740318349","2025-02-23T13:45:49.000Z","5","https://vt.tiktok.com/ZSh8FQbqo/","false","false",,"0","https://vt.tiktok.com/ZSh8FQbqo/","kenapa minta maaf, kan fakta 😭","7212566164583662619","takdirku71","https://www.tiktok.com/@hai_online/video/7473394493971074311"
"https://p16-common-sign-sg.tiktokcdn-us.com/tos-alisg-avt-0068/cc741326fe3e776736178a65421fe6aa~tplv-tiktokx-cropcenter:100:100.jpg?dr=9640&refresh_token=53cfecf8&x-expires=1746259200&x-signature=Pp3BHmEnJadcUWQsm3j%2FmVQ002c%3D&t=4d5b0474&ps=13740610&shp=30310797&shcp=ff37627b&idc=useast5","7473807120435053333","1740131342","2025-02-21T09:49:02.000Z","17","https://vt.tiktok.com/ZSh8FQbqo/","false","false",,"0","https://vt.tiktok.com/ZSh8FQbqo/","Fakta sih. Kenapa minta maaf","6823342358832202753","icekepalmilo88","https://www.tiktok.com/@hai_online/video/7473394493971074311"
"https://p16-common-sign-useast2a.tiktokcdn-us.com/tos-useast2a-avt-0068-giso/da3197084d1732627a15b09ba278df79~tplv-tiktokx-cropcenter:100:100.jpg?dr=9640&refresh_token=61227f9a&x-expires=1746259200&x-signature=rqRF0JAY8%2Fv36%2FkmyE5GgpQMxio%3D&t=4d5b0474&ps=13740610&shp=30310797&shcp=ff37627b&idc=useast5","7473453703056442118","1740049063","2025-02-20T10:57:43.000Z","53","https://vt.tiktok.com/ZSh8FQbqo/","false","false",,"0","https://vt.tiktok.com/ZSh8FQbqo/","knp ? kita bersama sukatani","7040775842369274881","hio_gayeng","https://www.tiktok.com/@hai_online/video/7473394493971074311"
"https://p16-common-sign-va.tiktokcdn-us.com/tos-maliva-avt-0068/f5bab062660f27b4d48fca8ac97cc820~tplv-tiktokx-cropcenter:100:100.jpg?dr=9640&refresh_token=6125ca64&x-expires=1746259200&x-signature=FjPS6YTkh3A8FXIeYZ2CZjUhGB8%3D&t=4d5b0474&ps=13740610&shp=30310797&shcp=ff37627b&idc=useast5","7473435820364792631","1740044911","2025-02-20T09:48:31.000Z","9","https://vt.tiktok.com/ZSh8FQbqo/","false","false",,"0","https://vt.tiktok.com/ZSh8FQbqo/","REALITA YANG DIBUNGKAM.🏴","7106304649511552002","taufikcrustt","https://www.tiktok.com/@hai_online/video/7473394493971074311"
"https://p16-common-sign-va.tiktokcdn-us.com/tos-maliva-avt-0068/9559967c690348ffda9eac4523a4c668~tplv-tiktokx-cropcenter:100:100.jpg?dr=9640&refresh_token=13124191&x-expires=1746259200&x-signature=%2BvM46xXhsVkq%2BPw3FapQtpsXUkE%3D&t=4d5b0474&ps=13740610&shp=30310797&shcp=ff37627b&idc=useast5","7473421699522937605","1740041621","2025-02-20T08:53:41.000Z","11","https://vt.tiktok.com/ZSh8FQbqo/","false","false",,"0","https://vt.tiktok.com/ZSh8FQbqo/","kok minta maaf..kan faktanya seperti itu","7017467820477940737","kecap_asin07","https://www.tiktok.com/@hai_online/video/7473394493971074311"
"https://p19-common-sign-sg.tiktokcdn-us.com/tos-alisg-avt-0068/1a23eb93c86260212abfa176bc5e33e7~tplv-tiktokx-cropcenter:100:100.jpg?dr=9640&refresh_token=be79b9ce&x-expires=1746259200&x-signature=ZOlsIQkyQMBlEd96ZIpZ7UtI5cY%3D&t=4d5b0474&ps=13740610&shp=30310797&shcp=ff37627b&idc=useast5","7473749059774579464","1740117817","2025-02-21T06:03:37.000Z","1","https://vt.tiktok.com/ZSh8FQbqo/","false",,"7473423746319385351",,"https://vt.tiktok.com/ZSh8FQbqo/","betul","6855990115090940930","labamba.babyshop","https://www.tiktok.com/@hai_online/video/7473394493971074311"
"https://p16-common-sign-sg.tiktokcdn-us.com/tos-alisg-avt-0068/f4a18f09d1ce21b68532e3930b6cb6b4~tplv-tiktokx-cropcenter:100:100.jpg?dr=9640&refresh_token=133e8f58&x-expires=1746259200&x-signature=51PEYAlsIERcprnrgUA9QsH4%2FFw%3D&t=4d5b0474&ps=13740610&shp=30310797&shcp=ff37627b&idc=useast5","7475943321715983120","1740628719","2025-02-27T03:58:39.000Z","0","https://vt.tiktok.com/ZSh8FQbqo/","false",,"7473423746319385351",,"https://vt.tiktok.com/ZSh8FQbqo/","setuju 👍","7147883567295906842","asriridhoibu","https://www.tiktok.com/@hai_online/video/7473394493971074311"
"https://p16-common-sign-sg.tiktokcdn-us.com/tos-alisg-avt-0068/cd7fc19d8779daa8fb001daf00f650fe~tplv-tiktokx-cropcenter:100:100.jpg?dr=9640&refresh_token=52234c3b&x-expires=1746259200&x-signature=w%2FXRbRsDlb8i7V0FMuxaF2ryEgA%3D&t=4d5b0474&ps=13740610&shp=30310797&shcp=ff37627b&idc=useast5","7474266982494929680","1740238406","2025-02-22T15:33:26.000Z","0","https://vt.tiktok.com/ZSh8FQbqo/","false",,"7473423746319385351",,"https://vt.tiktok.com/ZSh8FQbqo/","setuju","7457231192010753030","kerotok.selow","https://www.tiktok.com/@hai_online/video/7473394493971074311"
"https://p16-common-sign-va.tiktokcdn-us.com/tos-maliva-avt-0068/e29dfb8503fdb1af8177900b3bcf4aea~tplv-tiktokx-cropcenter:100:100.jpg?dr=9640&refresh_token=aaaa103c&x-expires=1746259200&x-signature=s0iCI9Pd6Uov6OO8dHOpRzS0H%2BA%3D&t=4d5b0474&ps=13740610&shp=30310797&shcp=ff37627b&idc=useast5","7473431484889170696","1740043876","2025-02-20T09:31:16.000Z","4","https://vt.tiktok.com/ZSh8FQbqo/","false",,"7473429155612230408",,"https://vt.tiktok.com/ZSh8FQbqo/","bro lupa kalo ini konoha🗿","7444488474659406904","ritanistiana","https://www.tiktok.com/@hai_online/video/7473394493971074311"
"https://p16-common-sign-sg.tiktokcdn-us.com/tos-alisg-avt-0068/cd112854e11f118581674e52193113fd~tplv-tiktokx-cropcenter:100:100.jpg?dr=9640&refresh_token=176da153&x-expires=1746259200&x-signature=a844yqerqYtnDSQ8GOTEgOw7M00%3D&t=4d5b0474&ps=13740610&shp=30310797&shcp=ff37627b&idc=useast5","7473433246907515656","1740044288","2025-02-20T09:38:08.000Z","2","https://vt.tiktok.com/ZSh8FQbqo/","false",,"7473429155612230408",,"https://vt.tiktok.com/ZSh8FQbqo/","harusnya kapolri harus intropeksi diri kenapa ada lagu ""bayar bayar bayar"" 😂","7029233947193508865","kang____23","https://www.tiktok.com/@hai_online/video/7473394493971074311"
"https://p16-common-sign-va.tiktokcdn-us.com/tos-maliva-avt-0068/e29dfb8503fdb1af8177900b3bcf4aea~tplv-tiktokx-cropcenter:100:100.jpg?dr=9640&refresh_token=aaaa103c&x-expires=1746259200&x-signature=s0iCI9Pd6Uov6OO8dHOpRzS0H%2BA%3D&t=4d5b0474&ps=13740610&shp=30310797&shcp=ff37627b&idc=useast5","7473433745509417735","1740044400","2025-02-20T09:40:00.000Z","1","https://vt.tiktok.com/ZSh8FQbqo/","false",,"7473429155612230408",,"https://vt.tiktok.com/ZSh8FQbqo/","mungkin sadar tapi pura² gatau kayaknya 😂","7444488474659406904","ritanistiana","https://www.tiktok.com/@hai_online/video/7473394493971074311"
"https://p19-common-sign-va.tiktokcdn-us.com/tos-maliva-avt-0068/bcd480791651696fc35a3a4f4954d4cd~tplv-tiktokx-cropcenter:100:100.jpg?dr=9640&refresh_token=bafd7bae&x-expires=1746259200&x-signature=oDrhozcNlE4dGysdtz5MzJTXPeI%3D&t=4d5b0474&ps=13740610&shp=30310797&shcp=ff37627b&idc=useast5","7474565016114266888","1740307797","2025-02-23T10:49:57.000Z","0","https://vt.tiktok.com/ZSh8FQbqo/","false",,"7473429155612230408",,"https://vt.tiktok.com/ZSh8FQbqo/","Buat aman saja. klu tdk sudah diciduk...","7325129271117759494","jhon.lenon59","https://www.tiktok.com/@hai_online/video/7473394493971074311"
"https://p19-common-sign-useast2a.tiktokcdn-us.com/tos-useast2a-avt-0068-giso/86d76ed099e477763a969e20c56d40e2~tplv-tiktokx-cropcenter:100:100.jpg?dr=9640&refresh_token=ed68bbbc&x-expires=1746259200&x-signature=APmRKjiMVYAlGivIIEzKTJQPpvE%3D&t=4d5b0474&ps=13740610&shp=30310797&shcp=ff37627b&idc=useast5","7474036650109731590","1740184794","2025-02-22T00:39:54.000Z","0","https://vt.tiktok.com/ZSh8FQbqo/","false",,"7473429155612230408",,"https://vt.tiktok.com/ZSh8FQbqo/","bukan emang iya ya.. jenguk ke penjara aja bayar 🥺","6583521652011728898","encigendok","https://www.tiktok.com/@hai_online/video/7473394493971074311"
"https://p16-common-sign-sg.tiktokcdn-us.com/tos-alisg-avt-0068/7328420494485504021~tplv-tiktokx-cropcenter:100:100.jpg?dr=9640&refresh_token=eb719f5f&x-expires=1746259200&x-signature=DAPDnCr3akawO5zRv1mf%2BWezlYs%3D&t=4d5b0474&ps=13740610&shp=30310797&shcp=ff37627b&idc=useast5","7473463627313054482","1740051361","2025-02-20T11:36:01.000Z","0","https://vt.tiktok.com/ZSh8FQbqo/","false",,"7473429155612230408",,"https://vt.tiktok.com/ZSh8FQbqo/","coba kamu nyanyiin. up. viralin. berani?","6990162817887716354","metropolitanboy","https://www.tiktok.com/@hai_online/video/7473394493971074311"
"https://p16-common-sign-sg.tiktokcdn-us.com/tos-alisg-avt-0068/cd112854e11f118581674e52193113fd~tplv-tiktokx-cropcenter:100:100.jpg?dr=9640&refresh_token=176da153&x-expires=1746259200&x-signature=a844yqerqYtnDSQ8GOTEgOw7M00%3D&t=4d5b0474&ps=13740610&shp=30310797&shcp=ff37627b&idc=useast5","7473681975469212424","1740102223","2025-02-21T01:43:43.000Z","0","https://vt.tiktok.com/ZSh8FQbqo/","false",,"7473429155612230408",,"https://vt.tiktok.com/ZSh8FQbqo/","anda siapa yah","7029233947193508865","kang____23","https://www.tiktok.com/@hai_online/video/7473394493971074311"
"https://p16-common-sign-sg.tiktokcdn-us.com/tos-alisg-avt-0068/7328420494485504021~tplv-tiktokx-cropcenter:100:100.jpg?dr=9640&refresh_token=eb719f5f&x-expires=1746259200&x-signature=DAPDnCr3akawO5zRv1mf%2BWezlYs%3D&t=4d5b0474&ps=13740610&shp=30310797&shcp=ff37627b&idc=useast5","7473748687275393810","1740117738","2025-02-21T06:02:18.000Z","0","https://vt.tiktok.com/ZSh8FQbqo/","false",,"7473429155612230408",,"https://vt.tiktok.com/ZSh8FQbqo/","lord haris","6990162817887716354","metropolitanboy","https://www.tiktok.com/@hai_online/video/7473394493971074311"
"https://p19-common-sign-va.tiktokcdn-us.com/tos-maliva-avt-0068/d848af4c8da3d01007049a0094760e96~tplv-tiktokx-cropcenter:100:100.jpg?dr=9640&refresh_token=165c3932&x-expires=1746259200&x-signature=I4C5%2B83aA3RqQWEOMFxvYlYPkww%3D&t=4d5b0474&ps=13740610&shp=30310797&shcp=ff37627b&idc=useast5","7473433098174645009","1740044266","2025-02-20T09:37:46.000Z","0","https://vt.tiktok.com/ZSh8FQbqo/","false",,"7473429155612230408",,"https://vt.tiktok.com/ZSh8FQbqo/","iy ini lah polisi sllu bener ..ga mau salah","7329126195881133061","tio01063","https://www.tiktok.com/@hai_online/video/7473394493971074311"
"https://p16-common-sign-va.tiktokcdn-us.com/tos-maliva-avt-0068/e35351c7d69d1843315552aada4063df~tplv-tiktokx-cropcenter:100:100.jpg?dr=9640&refresh_token=ab58b652&x-expires=1746259200&x-signature=2m7WSzSa9FZ2hUErWr9eCx3qgJk%3D&t=4d5b0474&ps=13740610&shp=30310797&shcp=ff37627b&idc=useast5","7473429985090159378","1740043527","2025-02-20T09:25:27.000Z","0","https://vt.tiktok.com/ZSh8FQbqo/","false",,"7473429155612230408",,"https://vt.tiktok.com/ZSh8FQbqo/","lahh .kan ini Konoha bro.😂","6864936887216243714","qasama_","https://www.tiktok.com/@hai_online/video/7473394493971074311"
"https://p16-common-sign-va.tiktokcdn-us.com/tos-maliva-avt-0068/f5371c37a44f1b2df648b796e996ec74~tplv-tiktokx-cropcenter:100:100.jpg?dr=9640&refresh_token=8dd646f9&x-expires=1746259200&x-signature=sioR%2FzwcV94qBcrMnEw3ijKnuik%3D&t=4d5b0474&ps=13740610&shp=30310797&shcp=ff37627b&idc=useast5","7474456024289379080","1740282421","2025-02-23T03:47:01.000Z","0","https://vt.tiktok.com/ZSh8FQbqo/","false",,"7473429155612230408",,"https://vt.tiktok.com/ZSh8FQbqo/","mereka di intimidasi","7252190138850083842","dwi.hastuti0","https://www.tiktok.com/@hai_online/video/7473394493971074311"
"https://p16-common-sign-va.tiktokcdn-us.com/tos-maliva-avt-0068/96c0cd91ad5234842fb64559aee7512e~tplv-tiktokx-cropcenter:100:100.jpg?dr=9640&refresh_token=83c5442c&x-expires=1746259200&x-signature=ExMRJb09dbDGQQsde5lVHZe%2BpL4%3D&t=4d5b0474&ps=13740610&shp=30310797&shcp=ff37627b&idc=useast5","7474383021153583890","1740265465","2025-02-22T23:04:25.000Z","0","https://vt.tiktok.com/ZSh8FQbqo/","false",,"7473429155612230408",,"https://vt.tiktok.com/ZSh8FQbqo/","setujuuu... ngapain minta maaf... LANJUT LAGIII","7283449588520911878","komariah991_","https://www.tiktok.com/@hai_online/video/7473394493971074311"
"https://p16-common-sign-va.tiktokcdn-us.com/tos-maliva-avt-0068/49c63b5ee8190516681ac91bb1128a7d~tplv-tiktokx-cropcenter:100:100.jpg?dr=9640&refresh_token=bf1740bb&x-expires=1746259200&x-signature=hQsv%2BQ4UcynQzZH5zHZf5J9CbkQ%3D&t=4d5b0474&ps=13740610&shp=30310797&shcp=ff37627b&idc=useast5","7473948128766149383","1740164180","2025-02-21T18:56:20.000Z","1","https://vt.tiktok.com/ZSh8FQbqo/","false",,"7473439374513898246",,"https://vt.tiktok.com/ZSh8FQbqo/","betul sekali 👍 sependapat","7221259919809725441","gaplos76","https://www.tiktok.com/@hai_online/video/7473394493971074311"
"https://p16-common-sign-useast2a.tiktokcdn-us.com/tos-useast2a-avt-0068-giso/b3ea11f3337658004036e2ee212b533a~tplv-tiktokx-cropcenter:100:100.jpg?dr=9640&refresh_token=c9a04d8c&x-expires=1746259200&x-signature=zVqbInBjF9Jm2JXGEaw5CuwejT0%3D&t=4d5b0474&ps=13740610&shp=30310797&shcp=ff37627b&idc=useast5","7475633866746872594","1740556665","2025-02-26T07:57:45.000Z","1","https://vt.tiktok.com/ZSh8FQbqo/","false",,"7473398189258261256",,"https://vt.tiktok.com/ZSh8FQbqo/","Gak mungkin tidak ada paksaan. RAKYAT BERSAMA SUKATANI","6979595549189178369","jentikers","https://www.tiktok.com/@hai_online/video/7473394493971074311"
"https://p16-common-sign-sg.tiktokcdn-us.com/tos-alisg-avt-0068/6ae15db528cbf75b09cba47bfbfa5e18~tplv-tiktokx-cropcenter:100:100.jpg?dr=9640&refresh_token=7db06a87&x-expires=1746259200&x-signature=rGLudLciB87PBJCkkLoDHcYRX8M%3D&t=4d5b0474&ps=13740610&shp=30310797&shcp=ff37627b&idc=useast5","7476345257614508805","1740722326","2025-02-28T05:58:46.000Z","0","https://vt.tiktok.com/ZSh8FQbqo/","false",,"7473398189258261256",,"https://vt.tiktok.com/ZSh8FQbqo/","hati saya dukung sukatani","6963420191305597954","sandirusmana93","https://www.tiktok.com/@hai_online/video/7473394493971074311"
"https://p16-common-sign-sg.tiktokcdn-us.com/tos-alisg-avt-0068/542be7a3a06215403a21f84ab777a8ef~tplv-tiktokx-cropcenter:100:100.jpg?dr=9640&refresh_token=017ff687&x-expires=1746259200&x-signature=RjBJryHxKUC3QcE7JDK0MypiIz4%3D&t=4d5b0474&ps=13740610&shp=30310797&shcp=ff37627b&idc=useast5","7475276146999280391","1740473376","2025-02-25T08:49:36.000Z","0","https://vt.tiktok.com/ZSh8FQbqo/","false",,"7473398189258261256",,"https://vt.tiktok.com/ZSh8FQbqo/","saya dukung sukatani","7035505956537156609","king_banjar0","https://www.tiktok.com/@hai_online/video/7473394493971074311"
"https://p16-common-sign-sg.tiktokcdn-us.com/tos-alisg-avt-0068/d005f8c05de6a3c41635b0b7e5cb7429~tplv-tiktokx-cropcenter:100:100.jpg?dr=9640&refresh_token=2ee1c737&x-expires=1746259200&x-signature=lvtSivCcZjbM8%2BeM6W%2FJFn2rsW0%3D&t=4d5b0474&ps=13740610&shp=30310797&shcp=ff37627b&idc=useast5","7475637665585447687","1740557539","2025-02-26T08:12:19.000Z","0","https://vt.tiktok.com/ZSh8FQbqo/","false",,"7473398189258261256",,"https://vt.tiktok.com/ZSh8FQbqo/","gas in","6993979032111105051","idham_jb","https://www.tiktok.com/@hai_online/video/7473394493971074311"
"https://p19-common-sign-va.tiktokcdn-us.com/tos-maliva-avt-0068/5d6684417b532a06fc7eadaa95f316e0~tplv-tiktokx-cropcenter:100:100.jpg?dr=9640&refresh_token=40a08a47&x-expires=1746259200&x-signature=EICDUN8iX8Us6NSPBh1A2Svt4nY%3D&t=4d5b0474&ps=13740610&shp=30310797&shcp=ff37627b&idc=useast5","7474908571031323397","1740387838","2025-02-24T09:03:58.000Z","0","https://vt.tiktok.com/ZSh8FQbqo/","false",,"7473398189258261256",,"https://vt.tiktok.com/ZSh8FQbqo/","fomo","6863670202284000258","skyblue_526","https://www.tiktok.com/@hai_online/video/7473394493971074311"
"https://p19-common-sign-sg.tiktokcdn-us.com/tos-alisg-avt-0068/a5728ddd178220c3c0388e5adde01787~tplv-tiktokx-cropcenter:100:100.jpg?dr=9640&refresh_token=2efe2ed5&x-expires=1746259200&x-signature=bzuV8sOmQdkjg0Ym3%2FKjDs4AArc%3D&t=4d5b0474&ps=13740610&shp=30310797&shcp=ff37627b&idc=useast5","7473401157013144325","1740036838","2025-02-20T07:33:58.000Z","4","https://vt.tiktok.com/ZSh8FQbqo/","false",,"7473398189258261256",,"https://vt.tiktok.com/ZSh8FQbqo/","makin ga asik kerja benalu negara","6917473964537496577","nalarpuitis","https://www.tiktok.com/@hai_online/video/7473394493971074311"
"https://p16-common-sign-va.tiktokcdn-us.com/tos-maliva-avt-0068/b1cdea65ff71046ce2d9cf5c42d3f578~tplv-tiktokx-cropcenter:100:100.jpg?dr=9640&refresh_token=86832231&x-expires=1746259200&x-signature=gLkMd4K7NM3E1sooCaSYd%2B4TKB8%3D&t=4d5b0474&ps=13740610&shp=30310797&shcp=ff37627b&idc=useast5","7473505110779265810","1740061019","2025-02-20T14:16:59.000Z","4","https://vt.tiktok.com/ZSh8FQbqo/","false",,"7473398189258261256",,"https://vt.tiktok.com/ZSh8FQbqo/","isolop ini kek gak sadar ya, padahal dengan prilaku mereka mengintimidasi sukatani untuk minta maaf itu malah bikin band dan lagunya makin naik🗿 kalau udah jadi isu nasional bisa merembet kemana-mana kek kasus yang udah udah","6921862246189286402","6galileogalilei6","https://www.tiktok.com/@hai_online/video/7473394493971074311"
"https://p19-common-sign-sg.tiktokcdn-us.com/tos-alisg-avt-0068/a5728ddd178220c3c0388e5adde01787~tplv-tiktokx-cropcenter:100:100.jpg?dr=9640&refresh_token=2efe2ed5&x-expires=1746259200&x-signature=bzuV8sOmQdkjg0Ym3%2FKjDs4AArc%3D&t=4d5b0474&ps=13740610&shp=30310797&shcp=ff37627b&idc=useast5","7473642726895354629","1740093077","2025-02-20T23:11:17.000Z","0","https://vt.tiktok.com/ZSh8FQbqo/","false",,"7473398189258261256",,"https://vt.tiktok.com/ZSh8FQbqo/","katanya kan tanpa ada paksaan isilop atau siapapun, justru itu, melalui (video klarif) ini pihak institusi hrsnya merasa tlh direcehkan scr intelektual. tau dah nyampe ga uteknya😁","6917473964537496577","nalarpuitis","https://www.tiktok.com/@hai_online/video/7473394493971074311"
"https://p16-common-sign-va.tiktokcdn-us.com/tos-maliva-avt-0068/b1cdea65ff71046ce2d9cf5c42d3f578~tplv-tiktokx-cropcenter:100:100.jpg?dr=9640&refresh_token=86832231&x-expires=1746259200&x-signature=gLkMd4K7NM3E1sooCaSYd%2B4TKB8%3D&t=4d5b0474&ps=13740610&shp=30310797&shcp=ff37627b&idc=useast5","7473715501681623816","1740110012","2025-02-21T03:53:32.000Z","2","https://vt.tiktok.com/ZSh8FQbqo/","false",,"7473398189258261256",,"https://vt.tiktok.com/ZSh8FQbqo/","gak nyampe kayaknya🗿 kalau isolop yang nyuruh klarifikasi dan menghapus lagunya itu blunder banget, citra isolop makin turun sedangkan Sukatani malah banyak dapet dukungan","6921862246189286402","6galileogalilei6","https://www.tiktok.com/@hai_online/video/7473394493971074311"
"https://p16-common-sign-va.tiktokcdn-us.com/tos-maliva-avt-0068/8b9432434d30570b8a56365f0c316e71~tplv-tiktokx-cropcenter:100:100.jpg?dr=9640&refresh_token=9980146f&x-expires=1746259200&x-signature=pasDN83t%2Bu33KZtaFKPHyyvO6bk%3D&t=4d5b0474&ps=13740610&shp=30310797&shcp=ff37627b&idc=useast5","7474896182839640838","1740384945","2025-02-24T08:15:45.000Z","0","https://vt.tiktok.com/ZSh8FQbqo/","false",,"7473398189258261256",,"https://vt.tiktok.com/ZSh8FQbqo/","no no no","7239541727215633413","teddyslimuthe","https://www.tiktok.com/@hai_online/video/7473394493971074311"
"https://p16-common-sign-sg.tiktokcdn-us.com/tos-alisg-avt-0068/93033b8f5f37b566645299db312cd270~tplv-tiktokx-cropcenter:100:100.jpg?dr=9640&refresh_token=1219420b&x-expires=1746259200&x-signature=Np8GvZr2UnVgX0HZETvehi7ufKE%3D&t=4d5b0474&ps=13740610&shp=30310797&shcp=ff37627b&idc=useast5","7473422742097478418","1740041843","2025-02-20T08:57:23.000Z","0","https://vt.tiktok.com/ZSh8FQbqo/","false",,"7473398189258261256",,"https://vt.tiktok.com/ZSh8FQbqo/","makin ga respect","6958464066608202753","isfanfajara","https://www.tiktok.com/@hai_online/video/7473394493971074311"
"https://p16-common-sign-va.tiktokcdn-us.com/tos-maliva-avt-0068/42ebacc2333c0b4f8810c4469c443a49~tplv-tiktokx-cropcenter:100:100.jpg?dr=9640&refresh_token=f241dd2b&x-expires=1746259200&x-signature=mFqIbWd6nWb97GiDD58d2q7d%2BnU%3D&t=4d5b0474&ps=13740610&shp=30310797&shcp=ff37627b&idc=useast5","7475367293402546951","1740494596","2025-02-25T14:43:16.000Z","0","https://vt.tiktok.com/ZSh8FQbqo/","false",,"7473398189258261256",,"https://vt.tiktok.com/ZSh8FQbqo/","👍👍👍","7394434925527286801","djenarlee","https://www.tiktok.com/@hai_online/video/7473394493971074311"
"https://p16-common-sign-sg.tiktokcdn-us.com/tos-alisg-avt-0068/457529ba88481c530b98478ecffa5e40~tplv-tiktokx-cropcenter:100:100.jpg?dr=9640&refresh_token=b57d11b5&x-expires=1746259200&x-signature=B7Qsvf%2F%2FlaZ%2FECAsCbhK8fdBWIk%3D&t=4d5b0474&ps=13740610&shp=30310797&shcp=ff37627b&idc=useast5","7473448787224511233","1740047917","2025-02-20T10:38:37.000Z","8","https://vt.tiktok.com/ZSh8FQbqo/","false","false",,"0","https://vt.tiktok.com/ZSh8FQbqo/","kalian mewakili rakyat,walau kalian di bungkam oknum itu, kita ttp dukung kalian","6801027029641167873","sugianto871","https://www.tiktok.com/@hai_online/video/7473394493971074311"
"https://p16-common-sign-sg.tiktokcdn-us.com/tos-alisg-avt-0068/ab1611546fcc55782602918667be939a~tplv-tiktokx-cropcenter:100:100.jpg?dr=9640&refresh_token=eec96bcd&x-expires=1746259200&x-signature=96cqygX%2BZDGItmpXp1OsrLP3ch0%3D&t=4d5b0474&ps=13740610&shp=30310797&shcp=ff37627b&idc=useast5","7473467295583666964","1740052213","2025-02-20T11:50:13.000Z","21","https://vt.tiktok.com/ZSh8FQbqo/","false","false",,"1","https://vt.tiktok.com/ZSh8FQbqo/","kenapa minta maaf, bukannya itu kebenaran?","6993172055001990146","whrosee","https://www.tiktok.com/@hai_online/video/7473394493971074311"
"https://p16-common-sign-sg.tiktokcdn-us.com/tos-alisg-avt-0068/1a8d5671325f086b2e81106b8e039390~tplv-tiktokx-cropcenter:100:100.jpg?dr=9640&refresh_token=555e24f4&x-expires=1746259200&x-signature=9c3HMkr6%2FXS5xe4GVGYGfS5cL54%3D&t=4d5b0474&ps=13740610&shp=30310797&shcp=ff37627b&idc=useast5","7473424378534085383","1740042223","2025-02-20T09:03:43.000Z","9","https://vt.tiktok.com/ZSh8FQbqo/","false","false",,"0","https://vt.tiktok.com/ZSh8FQbqo/","emang lagunya kenyataan emang ga usah minta maaf brooo","6947565805261620225","adegahari","https://www.tiktok.com/@hai_online/video/7473394493971074311"
"https://p16-common-sign-sg.tiktokcdn-us.com/tos-alisg-avt-0068/7336027813440389122~tplv-tiktokx-cropcenter:100:100.jpg?dr=9640&refresh_token=87ca7ce8&x-expires=1746259200&x-signature=QtcthCPvAA1dphaVj5cX5qgO0f8%3D&t=4d5b0474&ps=13740610&shp=30310797&shcp=ff37627b&idc=useast5","7473461508464575250","1740050874","2025-02-20T11:27:54.000Z","156","https://vt.tiktok.com/ZSh8FQbqo/","false","false",,"4","https://vt.tiktok.com/ZSh8FQbqo/","La bukan nya bener,klo urusan ma hukum za hrus bayar polisi","6739512641906508801","robithryanf","https://www.tiktok.com/@hai_online/video/7473394493971074311"
"https://p16-common-sign-va.tiktokcdn-us.com/tos-maliva-avt-0068/335a88a4b82a99df4397fc3bb2728b19~tplv-tiktokx-cropcenter:100:100.jpg?dr=9640&refresh_token=17638cbe&x-expires=1746259200&x-signature=FOABbsShwu33vVa2Ajz4HzScAOw%3D&t=4d5b0474&ps=13740610&shp=30310797&shcp=ff37627b&idc=useast5","7473480556119835399","1740055306","2025-02-20T12:41:46.000Z","0","https://vt.tiktok.com/ZSh8FQbqo/","false",,"7473467295583666964",,"https://vt.tiktok.com/ZSh8FQbqo/","FAKTA👍","7071936365839549442","ridhosukadadaayam","https://www.tiktok.com/@hai_online/video/7473394493971074311"
"https://p16-common-sign-sg.tiktokcdn-us.com/tos-alisg-avt-0068/e1569f130ed4db02988345fc398bfdff~tplv-tiktokx-cropcenter:100:100.jpg?dr=9640&refresh_token=89ebca72&x-expires=1746259200&x-signature=U0JZIuVg7k7VT%2B%2FTbaSU1T2wOQU%3D&t=4d5b0474&ps=13740610&shp=30310797&shcp=ff37627b&idc=useast5","7473897394985616136","1740152355","2025-02-21T15:39:15.000Z","0","https://vt.tiktok.com/ZSh8FQbqo/","false",,"7473461508464575250",,"https://vt.tiktok.com/ZSh8FQbqo/","salah juga siih
naik panggungnya dia ga bayar polisi
🤣🤣🤣","7439478254576583698","dedentri95","https://www.tiktok.com/@hai_online/video/7473394493971074311"
"https://p16-common-sign-sg.tiktokcdn-us.com/tos-alisg-avt-0068/7336027813440389122~tplv-tiktokx-cropcenter:100:100.jpg?dr=9640&refresh_token=87ca7ce8&x-expires=1746259200&x-signature=QtcthCPvAA1dphaVj5cX5qgO0f8%3D&t=4d5b0474&ps=13740610&shp=30310797&shcp=ff37627b&idc=useast5","7473919325927244562","1740157464","2025-02-21T17:04:24.000Z","1","https://vt.tiktok.com/ZSh8FQbqo/","false",,"7473461508464575250",,"https://vt.tiktok.com/ZSh8FQbqo/","La mungkin itu masalahnya👍👍👍","6739512641906508801","robithryanf","https://www.tiktok.com/@hai_online/video/7473394493971074311"
"https://p16-common-sign-va.tiktokcdn-us.com/tos-maliva-avt-0068/af601755dbbbc27e4a363fa54be88e16~tplv-tiktokx-cropcenter:100:100.jpg?dr=9640&refresh_token=ec84c8d4&x-expires=1746259200&x-signature=GcvzYggWj3a3PEvMaIR1VJaPZyg%3D&t=4d5b0474&ps=13740610&shp=30310797&shcp=ff37627b&idc=useast5","7473467757033308935","1740052323","2025-02-20T11:52:03.000Z","3","https://vt.tiktok.com/ZSh8FQbqo/","false",,"7473461508464575250",,"https://vt.tiktok.com/ZSh8FQbqo/","begitulah 👮 dinegara ini seperti bocah kalau dibilangin padahal bener malah marah 😂","6654149687006216193","icaluo","https://www.tiktok.com/@hai_online/video/7473394493971074311"
"https://p16-common-sign-sg.tiktokcdn-us.com/tos-alisg-avt-0068/7336027813440389122~tplv-tiktokx-cropcenter:100:100.jpg?dr=9640&refresh_token=87ca7ce8&x-expires=1746259200&x-signature=QtcthCPvAA1dphaVj5cX5qgO0f8%3D&t=4d5b0474&ps=13740610&shp=30310797&shcp=ff37627b&idc=useast5","7473869980486140690","1740145973","2025-02-21T13:52:53.000Z","0","https://vt.tiktok.com/ZSh8FQbqo/","false",,"7473461508464575250",,"https://vt.tiktok.com/ZSh8FQbqo/","Ubur2 ikan lele.....menyala lee👍👍👍👍","6739512641906508801","robithryanf","https://www.tiktok.com/@hai_online/video/7473394493971074311"
"https://p16-common-sign-va.tiktokcdn-us.com/musically-maliva-obj/1594805258216454~tplv-tiktokx-cropcenter:100:100.jpg?dr=9640&refresh_token=41ed5355&x-expires=1746259200&x-signature=34h6xQTWnsvzST54sikZy2CM07o%3D&t=4d5b0474&ps=13740610&shp=30310797&shcp=ff37627b&idc=useast5","7473453387024007953","1740048976","2025-02-20T10:56:16.000Z","190","https://vt.tiktok.com/ZSh8FQbqo/","false","false",,"7","https://vt.tiktok.com/ZSh8FQbqo/","salahnya dimana?","6968432457369158662","ariefhidayat1047","https://www.tiktok.com/@hai_online/video/7473394493971074311"
"https://p16-common-sign-va.tiktokcdn-us.com/tos-maliva-avt-0068/48559ca4353dcbb60fb39a9a6dbfe15f~tplv-tiktokx-cropcenter:100:100.jpg?dr=9640&refresh_token=12e11e37&x-expires=1746259200&x-signature=DCwLRSa9SJTMJ0Je4sXMLgzKLoc%3D&t=4d5b0474&ps=13740610&shp=30310797&shcp=ff37627b&idc=useast5","7474191251199148806","1740220802","2025-02-22T10:40:02.000Z","16","https://vt.tiktok.com/ZSh8FQbqo/","false","false",,"0","https://vt.tiktok.com/ZSh8FQbqo/","Kami dukung Sukatani, maju terus pantang mundur.","6862910270693196801","bhans15","https://www.tiktok.com/@hai_online/video/7473394493971074311"
"https://p16-common-sign-useast2a.tiktokcdn-us.com/tos-useast2a-avt-0068-giso/7908df347f6b75fc4f7a4b5b4744b221~tplv-tiktokx-cropcenter:100:100.jpg?dr=9640&refresh_token=4233f288&x-expires=1746259200&x-signature=7vNq45X9E7iAFUTkVeI7FDYsRmI%3D&t=4d5b0474&ps=13740610&shp=30310797&shcp=ff37627b&idc=useast5","7473552172736398098","1740071977","2025-02-20T17:19:37.000Z","6","https://vt.tiktok.com/ZSh8FQbqo/","false","false",,"0","https://vt.tiktok.com/ZSh8FQbqo/","negara demokrasi apaan ini kata pemerintah kita negara demokrasi rusak begini karya seni malah ga punya malu polisi harus dimusnahkan","6800711011676439553","sicowokgatel","https://www.tiktok.com/@hai_online/video/7473394493971074311"
"https://p16-common-sign-sg.tiktokcdn-us.com/tos-alisg-avt-0068/d1a9d2a1029e995dda6c718fdcc48deb~tplv-tiktokx-cropcenter:100:100.jpg?dr=9640&refresh_token=0fb094e5&x-expires=1746259200&x-signature=eS3yfiy574u%2FZTgt0TIqjtCaNdU%3D&t=4d5b0474&ps=13740610&shp=30310797&shcp=ff37627b&idc=useast5","7473453271198499592","1740048951","2025-02-20T10:55:51.000Z","12","https://vt.tiktok.com/ZSh8FQbqo/","false","false",,"0","https://vt.tiktok.com/ZSh8FQbqo/","sukatani lg klarifikasi atau di intimidasi oleh konoha?? 😩😩","7107856998956614658","sufi.s20","https://www.tiktok.com/@hai_online/video/7473394493971074311"
"https://p19-common-sign-useast2a.tiktokcdn-us.com/tos-useast2a-avt-0068-giso/f726a1864ca88b91260952d49c27221b~tplv-tiktokx-cropcenter:100:100.jpg?dr=9640&refresh_token=4109694a&x-expires=1746259200&x-signature=sUvdL5ncx%2B4kqjWMmPwB7vkYdnM%3D&t=4d5b0474&ps=13740610&shp=30310797&shcp=ff37627b&idc=useast5","7473460825194234630","1740050717","2025-02-20T11:25:17.000Z","114","https://vt.tiktok.com/ZSh8FQbqo/","false","false",,"12","https://vt.tiktok.com/ZSh8FQbqo/","POLISI =HAMA","6832963011751314434","anakepremangankeprek","https://www.tiktok.com/@hai_online/video/7473394493971074311"
"https://p19-common-sign-sg.tiktokcdn-us.com/tos-alisg-avt-0068/0a4f7f5cbdc259c960944d8683873617~tplv-tiktokx-cropcenter:100:100.jpg?dr=9640&refresh_token=59c3b394&x-expires=1746259200&x-signature=sFJemszZ3j3jMX%2FAKLi2I8UuggA%3D&t=4d5b0474&ps=13740610&shp=30310797&shcp=ff37627b&idc=useast5","7473403328812385031","1740037328","2025-02-20T07:42:08.000Z","30","https://vt.tiktok.com/ZSh8FQbqo/","false","false",,"0","https://vt.tiktok.com/ZSh8FQbqo/","polisi: hama","7248578694624068613","adamganz20","https://www.tiktok.com/@hai_online/video/7473394493971074311"
"https://p16-common-sign-sg.tiktokcdn-us.com/tos-alisg-avt-0068/88705396a65b941f478a42a7aa1ea681~tplv-tiktokx-cropcenter:100:100.jpg?dr=9640&refresh_token=3a603523&x-expires=1746259200&x-signature=0vgx5esYs76Ozpd1QqxLEjuUv1I%3D&t=4d5b0474&ps=13740610&shp=30310797&shcp=ff37627b&idc=useast5","7473473948614099729","1740053763","2025-02-20T12:16:03.000Z","169","https://vt.tiktok.com/ZSh8FQbqo/","false","false",,"0","https://vt.tiktok.com/ZSh8FQbqo/","Bayar bayar bayar....... FAKTA 😂 woi 😂","7048962114471969819","mas_joko_pamungkas","https://www.tiktok.com/@hai_online/video/7473394493971074311"
"https://p16-common-sign-useast2a.tiktokcdn-us.com/tos-useast2a-avt-0068-giso/66c6b950052d7b2dbe658c782a9fbce7~tplv-tiktokx-cropcenter:100:100.jpg?dr=9640&refresh_token=8c03ebb5&x-expires=1746259200&x-signature=r8lQBsrUVJGn5zKt6W5F5At17n4%3D&t=4d5b0474&ps=13740610&shp=30310797&shcp=ff37627b&idc=useast5","7473398654725554951","1740036236","2025-02-20T07:23:56.000Z","12","https://vt.tiktok.com/ZSh8FQbqo/","false","false",,"0","https://vt.tiktok.com/ZSh8FQbqo/","semangat kakak2 sukatani, kalian tidak salah🔥terima kasih sudah bantu memperjuangkan bentuk perlawanan #kamibersamasukatani","6820013051996095490","catwarrior22","https://www.tiktok.com/@hai_online/video/7473394493971074311"
"https://p16-common-sign-sg.tiktokcdn-us.com/tos-alisg-avt-0068/18e9122d8e9ab2f69fa9bbfe2e8be8ea~tplv-tiktokx-cropcenter:100:100.jpg?dr=9640&refresh_token=629f816a&x-expires=1746259200&x-signature=7uheboRSEb%2BW07JUUghFvcuNBO8%3D&t=4d5b0474&ps=13740610&shp=30310797&shcp=ff37627b&idc=useast5","7473497233477272340","1740059181","2025-02-20T13:46:21.000Z","6","https://vt.tiktok.com/ZSh8FQbqo/","false","false",,"0","https://vt.tiktok.com/ZSh8FQbqo/","padahal lagunyaa relate bangett bang","7281652582711493638","naufalopay95","https://www.tiktok.com/@hai_online/video/7473394493971074311"
"https://p16-common-sign-sg.tiktokcdn-us.com/tos-alisg-avt-0068/42f8eff17e908d954035c20ef182d2d9~tplv-tiktokx-cropcenter:100:100.jpg?dr=9640&refresh_token=8c18b242&x-expires=1746259200&x-signature=TAdDBhBVYLPMe8xC%2FeNnlwnGW6o%3D&t=4d5b0474&ps=13740610&shp=30310797&shcp=ff37627b&idc=useast5","7473488701555114770","1740057203","2025-02-20T13:13:23.000Z","8","https://vt.tiktok.com/ZSh8FQbqo/","false","false",,"0","https://vt.tiktok.com/ZSh8FQbqo/","kok minta maaf sih kenyataannya emang kek gitu kok😅","7316020401094624263","adi90269","https://www.tiktok.com/@hai_online/video/7473394493971074311"
"https://p16-common-sign-va.tiktokcdn-us.com/tos-maliva-avt-0068/24ffe0f009985ecb2a07ba7d3f20f4cc~tplv-tiktokx-cropcenter:100:100.jpg?dr=9640&refresh_token=fd4d2b85&x-expires=1746259200&x-signature=GmaGn8N%2FVifaSWw4LKHkCF%2FZLSo%3D&t=4d5b0474&ps=13740610&shp=30310797&shcp=ff37627b&idc=useast5","7474974682010551047","1740403179","2025-02-24T13:19:39.000Z","0","https://vt.tiktok.com/ZSh8FQbqo/","false",,"7473460825194234630",,"https://vt.tiktok.com/ZSh8FQbqo/","Hama:haji ma'ruf kah.","7400165247867536401","lana36995","https://www.tiktok.com/@hai_online/video/7473394493971074311"
"https://p16-common-sign-sg.tiktokcdn-us.com/tos-alisg-avt-0068/f4974122e944efe278ff2381945f6f8d~tplv-tiktokx-cropcenter:100:100.jpg?dr=9640&refresh_token=ba88ef45&x-expires=1746259200&x-signature=MLgmXRDpqpI2zHJjrw%2BXKqBDx6M%3D&t=4d5b0474&ps=13740610&shp=30310797&shcp=ff37627b&idc=useast5","7473979151213937416","1740171414","2025-02-21T20:56:54.000Z","0","https://vt.tiktok.com/ZSh8FQbqo/","false",,"7473460825194234630",,"https://vt.tiktok.com/ZSh8FQbqo/","sebenarnya kata ini untuk dirimu 😂","6919458542996243457","sachiko1230","https://www.tiktok.com/@hai_online/video/7473394493971074311"
"https://p16-common-sign-useast2a.tiktokcdn-us.com/tos-useast2a-avt-0068-giso/ecd831ba28d29526925c1dc8f11f980f~tplv-tiktokx-cropcenter:100:100.jpg?dr=9640&refresh_token=80ff7180&x-expires=1746259200&x-signature=CDP3Q8JgDadKkF1%2F%2B0ld6YRSEf4%3D&t=4d5b0474&ps=13740610&shp=30310797&shcp=ff37627b&idc=useast5","7474222168362320656","1740227975","2025-02-22T12:39:35.000Z","2","https://vt.tiktok.com/ZSh8FQbqo/","false",,"7473460825194234630",,"https://vt.tiktok.com/ZSh8FQbqo/","hati² kalau bicara TDK semua polisi tapi itu oknum dan oknum ada d mana² di polisi d TNI di sivil...pandai²lah menggunakan bahasa . karna mulutmu harimaumu","7111549082032555009","tintinnn450","https://www.tiktok.com/@hai_online/video/7473394493971074311"
"https://p16-common-sign-va.tiktokcdn-us.com/tos-maliva-avt-0068/6a3728c7e23f1af8f5e8479be3cdfe7c~tplv-tiktokx-cropcenter:100:100.jpg?dr=9640&refresh_token=5bc2ca93&x-expires=1746259200&x-signature=h%2Bvi9YWxWs6iUBqnjIf2eFIO9o8%3D&t=4d5b0474&ps=13740610&shp=30310797&shcp=ff37627b&idc=useast5","7474430647806132998","1740276528","2025-02-23T02:08:48.000Z","0","https://vt.tiktok.com/ZSh8FQbqo/","false",,"7473460825194234630",,"https://vt.tiktok.com/ZSh8FQbqo/","hii takutnya","7088337561554813954","sampoerna_prima920","https://www.tiktok.com/@hai_online/video/7473394493971074311"
"https://p16-common-sign-useast2a.tiktokcdn-us.com/tos-useast2a-avt-0068-giso/7179241513489006619~tplv-tiktokx-cropcenter:100:100.jpg?dr=9640&refresh_token=1b3abdc4&x-expires=1746259200&x-signature=w2jqwJ%2BTlJdtKY94K2QzXC8Ba1w%3D&t=4d5b0474&ps=13740610&shp=30310797&shcp=ff37627b&idc=useast5","7474476190335959824","1740287119","2025-02-23T05:05:19.000Z","1","https://vt.tiktok.com/ZSh8FQbqo/","false",,"7473460825194234630",,"https://vt.tiktok.com/ZSh8FQbqo/","masalahnya oknum polisi lebih banyak dari polisi yg bener, gimana dong ?😂","7041120197126685697","nanansusanti","https://www.tiktok.com/@hai_online/video/7473394493971074311"
"https://p16-common-sign-useast2a.tiktokcdn-us.com/tos-useast2a-avt-0068-giso/ecd831ba28d29526925c1dc8f11f980f~tplv-tiktokx-cropcenter:100:100.jpg?dr=9640&refresh_token=80ff7180&x-expires=1746259200&x-signature=CDP3Q8JgDadKkF1%2F%2B0ld6YRSEf4%3D&t=4d5b0474&ps=13740610&shp=30310797&shcp=ff37627b&idc=useast5","7474528067785327361","1740299197","2025-02-23T08:26:37.000Z","1","https://vt.tiktok.com/ZSh8FQbqo/","false",,"7473460825194234630",,"https://vt.tiktok.com/ZSh8FQbqo/","mungkin di tempat anda tapi ditempatku polisi panutan masyarakat ..sangat dihormati ..karna benar² melaksanakan fungsinya. gimana ?","7111549082032555009","tintinnn450","https://www.tiktok.com/@hai_online/video/7473394493971074311"
"https://p16-common-sign-sg.tiktokcdn-us.com/tos-alisg-avt-0068/2c5aa114aaba0b576a1e2bfc11f8bce1~tplv-tiktokx-cropcenter:100:100.jpg?dr=9640&refresh_token=42a50cf0&x-expires=1746259200&x-signature=r0M9r6%2Be5QM2vQdpAwU7efO3yG0%3D&t=4d5b0474&ps=13740610&shp=30310797&shcp=ff37627b&idc=useast5","7474893460341457665","1740384275","2025-02-24T08:04:35.000Z","0","https://vt.tiktok.com/ZSh8FQbqo/","false",,"7473460825194234630",,"https://vt.tiktok.com/ZSh8FQbqo/","di negeriku sama seperti lagu nya Sukatani duh aduh kutak punya pacar.....","7465208560215016464","kamaftukha","https://www.tiktok.com/@hai_online/video/7473394493971074311"
"https://p19-common-sign-sg.tiktokcdn-us.com/tos-alisg-avt-0068/da50dfbf2d847e5d9ae09e12061972bc~tplv-tiktokx-cropcenter:100:100.jpg?dr=9640&refresh_token=969b6d6d&x-expires=1746259200&x-signature=919P2U%2F2N4NjoC0nFfcVJStOp7E%3D&t=4d5b0474&ps=13740610&shp=30310797&shcp=ff37627b&idc=useast5","7474602841233343250","1740316609","2025-02-23T13:16:49.000Z","0","https://vt.tiktok.com/ZSh8FQbqo/","false",,"7473460825194234630",,"https://vt.tiktok.com/ZSh8FQbqo/","seperti biasa rakyat pasti ditekan yang berkuasa😂","7348814883725673478","cakra.buana903","https://www.tiktok.com/@hai_online/video/7473394493971074311"
"https://p16-common-sign-sg.tiktokcdn-us.com/tos-alisg-avt-0068/df4a111a0612f2f10752a42447b0e2c1~tplv-tiktokx-cropcenter:100:100.jpg?dr=9640&refresh_token=f0c4f620&x-expires=1746259200&x-signature=BtXGZcSlP7DUYB4oreCKo3OIHpc%3D&t=4d5b0474&ps=13740610&shp=30310797&shcp=ff37627b&idc=useast5","7474511099364606728","1740295251","2025-02-23T07:20:51.000Z","0","https://vt.tiktok.com/ZSh8FQbqo/","false",,"7473460825194234630",,"https://vt.tiktok.com/ZSh8FQbqo/","gak semua polisi dongo","7133922856265925659","pegilasanakko","https://www.tiktok.com/@hai_online/video/7473394493971074311"
"https://p16-common-sign-va.tiktokcdn-us.com/tos-maliva-avt-0068/ad6a2ccb248eccd61df6f113910ac4f5~tplv-tiktokx-cropcenter:100:100.jpg?dr=9640&refresh_token=6c80abfe&x-expires=1746259200&x-signature=qUdnB%2FTSvjMb0gXAkyUyxd%2Fy1U0%3D&t=4d5b0474&ps=13740610&shp=30310797&shcp=ff37627b&idc=useast5","7474055073989002002","1740189082","2025-02-22T01:51:22.000Z","0","https://vt.tiktok.com/ZSh8FQbqo/","false",,"7473460825194234630",,"https://vt.tiktok.com/ZSh8FQbqo/","lha kamu apa....bro kerjaannya hujat orang artikan sendiri aja....","7044466227251987457","mr.xx000","https://www.tiktok.com/@hai_online/video/7473394493971074311"
"https://p16-common-sign-sg.tiktokcdn-us.com/tos-alisg-avt-0068/8ef9ec808080611a4de44870c95cdeeb~tplv-tiktokx-cropcenter:100:100.jpg?dr=9640&refresh_token=6baaaaec&x-expires=1746259200&x-signature=%2B6ofiLYmGPHcVrxl%2FTiHdyD2S7U%3D&t=4d5b0474&ps=13740610&shp=30310797&shcp=ff37627b&idc=useast5","7473730616052695816","1740113526","2025-02-21T04:52:06.000Z","1","https://vt.tiktok.com/ZSh8FQbqo/","false",,"7473460825194234630",,"https://vt.tiktok.com/ZSh8FQbqo/","✋️💀🤚","7435242245140497463","uruyamaz","https://www.tiktok.com/@hai_online/video/7473394493971074311"
"https://p16-common-sign-sg.tiktokcdn-us.com/tos-alisg-avt-0068/77e5674122e3c54d73c09de310227987~tplv-tiktokx-cropcenter:100:100.jpg?dr=9640&refresh_token=ef2db2b4&x-expires=1746259200&x-signature=PWg9gUZWAR%2F9xlGvbboheY9Vk00%3D&t=4d5b0474&ps=13740610&shp=30310797&shcp=ff37627b&idc=useast5","7474083288928568071","1740195636","2025-02-22T03:40:36.000Z","0","https://vt.tiktok.com/ZSh8FQbqo/","false",,"7473460825194234630",,"https://vt.tiktok.com/ZSh8FQbqo/","@Polisi Indonesia","7468991197530555447","tataaaa_513","https://www.tiktok.com/@hai_online/video/7473394493971074311"
"https://p16-common-sign-va.tiktokcdn-us.com/tos-maliva-avt-0068/52e64d771a95bd318fc00e84b6587c72~tplv-tiktokx-cropcenter:100:100.jpg?dr=9640&refresh_token=efb9aad2&x-expires=1746259200&x-signature=VVl5TKUzUE%2Fx0AS9dUcrUQMEzAo%3D&t=4d5b0474&ps=13740610&shp=30310797&shcp=ff37627b&idc=useast5","7473453765422318337","1740049073","2025-02-20T10:57:53.000Z","37","https://vt.tiktok.com/ZSh8FQbqo/","false",,"7473453387024007953",,"https://vt.tiktok.com/ZSh8FQbqo/","tidak bayar polisi,🤭","7173532601583043590","alfakukuh.p","https://www.tiktok.com/@hai_online/video/7473394493971074311"
"https://p16-common-sign-sg.tiktokcdn-us.com/tos-alisg-avt-0068/93905479177160c16c0c6c580f04f51d~tplv-tiktokx-cropcenter:100:100.jpg?dr=9640&refresh_token=9a87c3c2&x-expires=1746259200&x-signature=icpx9vglnjvlREOIeYkrXsWaIvE%3D&t=4d5b0474&ps=13740610&shp=30310797&shcp=ff37627b&idc=useast5","7473455884233245461","1740049557","2025-02-20T11:05:57.000Z","1","https://vt.tiktok.com/ZSh8FQbqo/","false",,"7473453387024007953",,"https://vt.tiktok.com/ZSh8FQbqo/","setujuh..😁😁","6791220741397545985","zackviana19","https://www.tiktok.com/@hai_online/video/7473394493971074311"
"https://p16-common-sign-sg.tiktokcdn-us.com/tos-alisg-avt-0068/0365cf05a05c8f89b27d6c6ac13ba786~tplv-tiktokx-cropcenter:100:100.jpg?dr=9640&refresh_token=4bac6d31&x-expires=1746259200&x-signature=ExE2y%2BOMjCIzMO5e9mkX3dcFxg0%3D&t=4d5b0474&ps=13740610&shp=30310797&shcp=ff37627b&idc=useast5","7473456952136336136","1740049804","2025-02-20T11:10:04.000Z","0","https://vt.tiktok.com/ZSh8FQbqo/","false",,"7473453387024007953",,"https://vt.tiktok.com/ZSh8FQbqo/","lah iya juga sesuai judul dong🗿","6800074270338794497","yusufbocilreplay","https://www.tiktok.com/@hai_online/video/7473394493971074311"
"https://p19-common-sign-sg.tiktokcdn-us.com/tos-alisg-avt-0068/f95474ec53a9fd6f501e68f66b3faa87~tplv-tiktokx-cropcenter:100:100.jpg?dr=9640&refresh_token=35e3bc25&x-expires=1746259200&x-signature=9%2FPJNYWjJVwumWTh5j6xNYLNdB8%3D&t=4d5b0474&ps=13740610&shp=30310797&shcp=ff37627b&idc=useast5","7473822808680219400","1740134995","2025-02-21T10:49:55.000Z","1","https://vt.tiktok.com/ZSh8FQbqo/","false",,"7473453387024007953",,"https://vt.tiktok.com/ZSh8FQbqo/","pemerasan🤣","7199589564648965147","alpin5860","https://www.tiktok.com/@hai_online/video/7473394493971074311"
"https://p16-common-sign-va.tiktokcdn-us.com/tos-maliva-avt-0068/7cf74a0b72c90b451dbde03c47d891f0~tplv-tiktokx-cropcenter:100:100.jpg?dr=9640&refresh_token=ded04be1&x-expires=1746259200&x-signature=KRPCpFa4oS3eSFz95J4XQFPvf4o%3D&t=4d5b0474&ps=13740610&shp=30310797&shcp=ff37627b&idc=useast5","7473521055346541320","1740064733","2025-02-20T15:18:53.000Z","0","https://vt.tiktok.com/ZSh8FQbqo/","false",,"7473453387024007953",,"https://vt.tiktok.com/ZSh8FQbqo/","salahnya,mungkin karena mereka lupa bayar😁🤣","7264171551824905221","dangzoni","https://www.tiktok.com/@hai_online/video/7473394493971074311"
"https://p16-common-sign-va.tiktokcdn-us.com/tos-maliva-avt-0068/0333246375e565dcf7d5610229640894~tplv-tiktokx-cropcenter:100:100.jpg?dr=9640&refresh_token=ae4d212c&x-expires=1746259200&x-signature=%2B7x1ODtu%2F6Kao7Lq0mzktYqj3fM%3D&t=4d5b0474&ps=13740610&shp=30310797&shcp=ff37627b&idc=useast5","7473465726448501522","1740051853","2025-02-20T11:44:13.000Z","1","https://vt.tiktok.com/ZSh8FQbqo/","false",,"7473453387024007953",,"https://vt.tiktok.com/ZSh8FQbqo/","enggak ada salahnya, yang disebut kesindir makanya minta dihapus😂","7011741299641992194","scawmon","https://www.tiktok.com/@hai_online/video/7473394493971074311"
"https://p16-common-sign-sg.tiktokcdn-us.com/tos-alisg-avt-0068/47f87afc6fde15ebfd34b8c8dd87c7a1~tplv-tiktokx-cropcenter:100:100.jpg?dr=9640&refresh_token=b8deb899&x-expires=1746259200&x-signature=66ZsxhFIhIU0H%2Br1tYslkYc6dXk%3D&t=4d5b0474&ps=13740610&shp=30310797&shcp=ff37627b&idc=useast5","7473456678186386184","1740049745","2025-02-20T11:09:05.000Z","0","https://vt.tiktok.com/ZSh8FQbqo/","false",,"7473453387024007953",,"https://vt.tiktok.com/ZSh8FQbqo/","karena bikin yang disana tersindir👀","7035076444305392667","zethowi","https://www.tiktok.com/@hai_online/video/7473394493971074311"
"https://p16-common-sign-sg.tiktokcdn-us.com/tos-alisg-avt-0068/58121bc0067892264e755217450060a8~tplv-tiktokx-cropcenter:100:100.jpg?dr=9640&refresh_token=f06810ac&x-expires=1746259200&x-signature=d1jmID%2BodexVlo99n%2B5REZpbUcw%3D&t=4d5b0474&ps=13740610&shp=30310797&shcp=ff37627b&idc=useast5","7473432813553124113","1740044194","2025-02-20T09:36:34.000Z","8","https://vt.tiktok.com/ZSh8FQbqo/","false","false",,"0","https://vt.tiktok.com/ZSh8FQbqo/","Wajar minta takedown lagunya emng fakta kan #1312","7244190216281834502","vorven.studio","https://www.tiktok.com/@hai_online/video/7473394493971074311"
"https://p16-common-sign-va.tiktokcdn-us.com/tos-maliva-avt-0068/86b9284374496a799b0c4cbaed7c42e5~tplv-tiktokx-cropcenter:100:100.jpg?dr=9640&refresh_token=69f6f9e9&x-expires=1746259200&x-signature=CrG83A9PJXIRSnRJJQBvSYTCHw4%3D&t=4d5b0474&ps=13740610&shp=30310797&shcp=ff37627b&idc=useast5","7473405972380222214","1740037960","2025-02-20T07:52:40.000Z","16","https://vt.tiktok.com/ZSh8FQbqo/","false","false",,"0","https://vt.tiktok.com/ZSh8FQbqo/","KAMI BERSAMA SUKATANI","6738246837524120577","sucimaksimal7","https://www.tiktok.com/@hai_online/video/7473394493971074311"
"https://p16-common-sign-sg.tiktokcdn-us.com/tos-alisg-avt-0068/929dc90a7c1ec51e4026a231306a8d9f~tplv-tiktokx-cropcenter:100:100.jpg?dr=9640&refresh_token=159ede16&x-expires=1746259200&x-signature=q9fYSmV18HUaLjS1z7dr9fYOSWE%3D&t=4d5b0474&ps=13740610&shp=30310797&shcp=ff37627b&idc=useast5","7473412124938355464","1740039374","2025-02-20T08:16:14.000Z","12","https://vt.tiktok.com/ZSh8FQbqo/","false","false",,"0","https://vt.tiktok.com/ZSh8FQbqo/","RIP KEBEBASAN BEREKSPRESI
#KAMIBERSAMASUKATANI","6781412903716176897","riointiktokuniverse","https://www.tiktok.com/@hai_online/video/7473394493971074311"
"https://p16-common-sign-useast2a.tiktokcdn-us.com/tos-useast2a-avt-0068-giso/8064aba7d15188f982ce741974573d6a~tplv-tiktokx-cropcenter:100:100.jpg?dr=9640&refresh_token=1ddd3d73&x-expires=1746259200&x-signature=w5uYUS0q%2B7f6JgSBQ6dohYMFo7U%3D&t=4d5b0474&ps=13740610&shp=30310797&shcp=ff37627b&idc=useast5","7473491142508987152","1740057766","2025-02-20T13:22:46.000Z","11","https://vt.tiktok.com/ZSh8FQbqo/","false","false",,"0","https://vt.tiktok.com/ZSh8FQbqo/","@al✰:mereka bukan KLARIFIKASI, mereka DIINTIMIDASI","7140253456611623962","dovarrisky","https://www.tiktok.com/@hai_online/video/7473394493971074311"
"https://p16-common-sign-va.tiktokcdn-us.com/tos-maliva-avt-0068/76f06f806f9a6f45783ffddef10e4a3f~tplv-tiktokx-cropcenter:100:100.jpg?dr=9640&refresh_token=8f973295&x-expires=1746259200&x-signature=tQ6bBdXRG%2B6B4QQajQvNl%2BaSOVc%3D&t=4d5b0474&ps=13740610&shp=30310797&shcp=ff37627b&idc=useast5","7473503857277747974","1740060743","2025-02-20T14:12:23.000Z","87","https://vt.tiktok.com/ZSh8FQbqo/","false","false",,"1","https://vt.tiktok.com/ZSh8FQbqo/","lah emg benar bayar polisi, urus skck, sim dll bayar polisi 😅🤭","6783910569005253633","lonerr.y","https://www.tiktok.com/@hai_online/video/7473394493971074311"
"https://p16-common-sign-va.tiktokcdn-us.com/tos-maliva-avt-0068/5a059ce6722c6c0b19ba82dc2013b62f~tplv-tiktokx-cropcenter:100:100.jpg?dr=9640&refresh_token=6b1a4867&x-expires=1746259200&x-signature=e1sazmPRgEy%2F7gTRLaOduo%2F6KBE%3D&t=4d5b0474&ps=13740610&shp=30310797&shcp=ff37627b&idc=useast5","7473474058711286534","1740053814","2025-02-20T12:16:54.000Z","9","https://vt.tiktok.com/ZSh8FQbqo/","false","false",,"0","https://vt.tiktok.com/ZSh8FQbqo/","""tanpa ada paksaan"" ekspresi vokalisnya 🤐","7024142775425074177","surabayathrifting","https://www.tiktok.com/@hai_online/video/7473394493971074311"
"https://p19-common-sign-sg.tiktokcdn-us.com/tos-alisg-avt-0068/2e822f51e1c63ec3c2e6c73cedcffe6a~tplv-tiktokx-cropcenter:100:100.jpg?dr=9640&refresh_token=ce1fc47f&x-expires=1746259200&x-signature=WexHDPYIGHa53j6%2Bdq4L0Bb2PgM%3D&t=4d5b0474&ps=13740610&shp=30310797&shcp=ff37627b&idc=useast5","7473446864697656072","1740047461","2025-02-20T10:31:01.000Z","6","https://vt.tiktok.com/ZSh8FQbqo/","false","false",,"0","https://vt.tiktok.com/ZSh8FQbqo/","masuk penjara
bayar polisi
keluar penjara
bayar polisi
mau jadi polisi
bayar polisi","7201000547795649538","raspunkk","https://www.tiktok.com/@hai_online/video/7473394493971074311"
"https://p19-common-sign-va.tiktokcdn-us.com/musically-maliva-obj/1594805258216454~tplv-tiktokx-cropcenter:100:100.jpg?dr=9640&refresh_token=f925ef50&x-expires=1746259200&x-signature=HDi8vCFz2fJT9%2BubkgodMlllYBY%3D&t=4d5b0474&ps=13740610&shp=30310797&shcp=ff37627b&idc=useast5","7473499408619062024","1740059693","2025-02-20T13:54:53.000Z","39","https://vt.tiktok.com/ZSh8FQbqo/","false","false",,"3","https://vt.tiktok.com/ZSh8FQbqo/","NGAPAIN KLARIFIKASI???
KAN YG DI NYANYIIN ELU ITU FAKTA SEMUA!!!🫵🏼","6961580085879047170","tendangtulangkering","https://www.tiktok.com/@hai_online/video/7473394493971074311"
"https://p16-common-sign-sg.tiktokcdn-us.com/tos-alisg-avt-0068/7322857245740384257~tplv-tiktokx-cropcenter:100:100.jpg?dr=9640&refresh_token=5426aff1&x-expires=1746259200&x-signature=3nKl8kaMZ8LzWhUjXSaAl6L%2BHpc%3D&t=4d5b0474&ps=13740610&shp=30310797&shcp=ff37627b&idc=useast5","7473471112471495432","1740053098","2025-02-20T12:04:58.000Z","5","https://vt.tiktok.com/ZSh8FQbqo/","false","false",,"0","https://vt.tiktok.com/ZSh8FQbqo/","Ga ush minta maaf, memang kenyataan","6762745104480338945","maulana_muhammad100","https://www.tiktok.com/@hai_online/video/7473394493971074311"
"https://p16-common-sign-sg.tiktokcdn-us.com/tos-alisg-avt-0068/7a5f20d438eb0aacbd5527e808043bbc~tplv-tiktokx-cropcenter:100:100.jpg?dr=9640&refresh_token=4f6278dc&x-expires=1746259200&x-signature=AYPsaIia2DFZaEtHsrOYgkbSspU%3D&t=4d5b0474&ps=13740610&shp=30310797&shcp=ff37627b&idc=useast5","7473663346341085959","1740097884","2025-02-21T00:31:24.000Z","5","https://vt.tiktok.com/ZSh8FQbqo/","false","false",,"0","https://vt.tiktok.com/ZSh8FQbqo/","mengapa minta maaf?
lagu tsb mmg fakta 👍","6910501789465216001","bagindosati77","https://www.tiktok.com/@hai_online/video/7473394493971074311"
"https://p16-common-sign-va.tiktokcdn-us.com/tos-maliva-avt-0068/972828f3d388016a4a197c593cf7d78b~tplv-tiktokx-cropcenter:100:100.jpg?dr=9640&refresh_token=79f407a4&x-expires=1746259200&x-signature=TnsoQgqUtJRvHjvkfckA6tADaG0%3D&t=4d5b0474&ps=13740610&shp=30310797&shcp=ff37627b&idc=useast5","7473442820641768200","1740046514","2025-02-20T10:15:14.000Z","467","https://vt.tiktok.com/ZSh8FQbqo/","false","false",,"0","https://vt.tiktok.com/ZSh8FQbqo/","keren Sukatani dengan lagu bayar bayar bayar","7198124007224706050","dramajoga","https://www.tiktok.com/@hai_online/video/7473394493971074311"
"https://p16-common-sign-va.tiktokcdn-us.com/tos-maliva-avt-0068/e1d6ec44ba3779ea8640e29d4004631c~tplv-tiktokx-cropcenter:100:100.jpg?dr=9640&refresh_token=b22ab6c9&x-expires=1746259200&x-signature=oHoGACLyw706o7A0A7OiZyQrw7s%3D&t=4d5b0474&ps=13740610&shp=30310797&shcp=ff37627b&idc=useast5","7473428034387067665","1740043080","2025-02-20T09:18:00.000Z","7","https://vt.tiktok.com/ZSh8FQbqo/","false","false",,"0","https://vt.tiktok.com/ZSh8FQbqo/","laahh bukannya fakta yaa??","119515961430355968","queenza_ghava","https://www.tiktok.com/@hai_online/video/7473394493971074311"
"https://p19-common-sign-sg.tiktokcdn-us.com/tos-alisg-avt-0068/8c9b785f802dc0286953fb464f457f17~tplv-tiktokx-cropcenter:100:100.jpg?dr=9640&refresh_token=a2601bc3&x-expires=1746259200&x-signature=rqLNtZkY0J245zZrtTFINGU%2Fstw%3D&t=4d5b0474&ps=13740610&shp=30310797&shcp=ff37627b&idc=useast5","7473474715991229192","1740053939","2025-02-20T12:18:59.000Z","48","https://vt.tiktok.com/ZSh8FQbqo/","false","false",,"6","https://vt.tiktok.com/ZSh8FQbqo/","kenapa minta maap..
kenyataan ny gitu kok..","6811671019527472129","paman.doblang.youtube","https://www.tiktok.com/@hai_online/video/7473394493971074311"
"https://p16-common-sign-sg.tiktokcdn-us.com/tos-alisg-avt-0068/7325380419367469057~tplv-tiktokx-cropcenter:100:100.jpg?dr=9640&refresh_token=9c6a8895&x-expires=1746259200&x-signature=qnHT3uvdOP4whnoBvV3%2BnytDs1I%3D&t=4d5b0474&ps=13740610&shp=30310797&shcp=ff37627b&idc=useast5","7473490756159800072","1740057677","2025-02-20T13:21:17.000Z","6","https://vt.tiktok.com/ZSh8FQbqo/","false","false",,"0","https://vt.tiktok.com/ZSh8FQbqo/","faktanya memang begitu 😁","7009565343203001370","masmoko847","https://www.tiktok.com/@hai_online/video/7473394493971074311"
"https://p16-common-sign-sg.tiktokcdn-us.com/tos-alisg-avt-0068/dd1dbc40ea9b0ef4e428ce731aa87dd3~tplv-tiktokx-cropcenter:100:100.jpg?dr=9640&refresh_token=20b518b5&x-expires=1746259200&x-signature=HQT1E5hpYy3w1NFlvn1009xsDmA%3D&t=4d5b0474&ps=13740610&shp=30310797&shcp=ff37627b&idc=useast5","7473399067201045265","1740036328","2025-02-20T07:25:28.000Z","983","https://vt.tiktok.com/ZSh8FQbqo/","false","false",,"15","https://vt.tiktok.com/ZSh8FQbqo/","Lagu bayar bayar bayar yg kek mana?","6632428667744321538","sshole.boy","https://www.tiktok.com/@hai_online/video/7473394493971074311"
"https://p16-common-sign-va.tiktokcdn-us.com/tos-maliva-avt-0068/8ec7a3d72c7953c0d2c045f94ec33f37~tplv-tiktokx-cropcenter:100:100.jpg?dr=9640&refresh_token=854b76aa&x-expires=1746259200&x-signature=du3kRh7hpkLD9KRsMry0of0mpc4%3D&t=4d5b0474&ps=13740610&shp=30310797&shcp=ff37627b&idc=useast5","7473512886615524114","1740062826","2025-02-20T14:47:06.000Z","1","https://vt.tiktok.com/ZSh8FQbqo/","false",,"7473499408619062024",,"https://vt.tiktok.com/ZSh8FQbqo/","justru dengan mereka klasifikasi, FAKTA nya jadi semakin FAKTA🤣🤣","7208437603540304897","truemaxx_","https://www.tiktok.com/@hai_online/video/7473394493971074311"
"https://p16-common-sign-sg.tiktokcdn-us.com/tos-alisg-avt-0068/4904801465e4aa185016c3e526460386~tplv-tiktokx-cropcenter:100:100.jpg?dr=9640&refresh_token=5dee923c&x-expires=1746259200&x-signature=WGyZdBXN3wGiwnnWUNaB%2BNVyHoQ%3D&t=4d5b0474&ps=13740610&shp=30310797&shcp=ff37627b&idc=useast5","7485974269181477650","1742964224","2025-03-26T04:43:44.000Z","0","https://vt.tiktok.com/ZSh8FQbqo/","false",,"7473499408619062024",,"https://vt.tiktok.com/ZSh8FQbqo/","iya realiti yang nyanyi juga tak sejaguh lagu nya🙃🙃🙃","6958632682641605634","un1versa7meta7","https://www.tiktok.com/@hai_online/video/7473394493971074311"
"https://p16-common-sign-va.tiktokcdn-us.com/tos-maliva-avt-0068/6f16b1f911999efb77f731fdfc5196a9~tplv-tiktokx-cropcenter:100:100.jpg?dr=9640&refresh_token=8da8c781&x-expires=1746259200&x-signature=7G2jZ2gXDWBt%2FERAdMFmTVAe5Oc%3D&t=4d5b0474&ps=13740610&shp=30310797&shcp=ff37627b&idc=useast5","7473500068945249042","1740059844","2025-02-20T13:57:24.000Z","0","https://vt.tiktok.com/ZSh8FQbqo/","false",,"7473499408619062024",,"https://vt.tiktok.com/ZSh8FQbqo/","Mereka Di Intimidasi","6963217394345837569","greenapple486","https://www.tiktok.com/@hai_online/video/7473394493971074311"
"https://p16-common-sign-sg.tiktokcdn-us.com/tos-alisg-avt-0068/d8c9862b9f40dd7cb7a1a2e8b3945ef0~tplv-tiktokx-cropcenter:100:100.jpg?dr=9640&refresh_token=d0e8f7af&x-expires=1746259200&x-signature=FtbUkhotlxHS6yWlUg4V58JRJ%2F8%3D&t=4d5b0474&ps=13740610&shp=30310797&shcp=ff37627b&idc=useast5","7473463279365522197","1740051278","2025-02-20T11:34:38.000Z","0","https://vt.tiktok.com/ZSh8FQbqo/","false",,"7473399067201045265",,"https://vt.tiktok.com/ZSh8FQbqo/","ada yt ka bida cek","7260870536783774725","alishaaa856","https://www.tiktok.com/@hai_online/video/7473394493971074311"
"https://p16-common-sign-va.tiktokcdn-us.com/tos-maliva-avt-0068/28c193d25ba7f186e798c07c73e720c2~tplv-tiktokx-cropcenter:100:100.jpg?dr=9640&refresh_token=7d0f5a56&x-expires=1746259200&x-signature=%2FjZH1xbcs3psEkYAODLNp3BxFDs%3D&t=4d5b0474&ps=13740610&shp=30310797&shcp=ff37627b&idc=useast5","7473491856405283591","1740057935","2025-02-20T13:25:35.000Z","3","https://vt.tiktok.com/ZSh8FQbqo/","false",,"7473399067201045265",,"https://vt.tiktok.com/ZSh8FQbqo/","Pdhl klo udh masuk lapas itu udh ranahnya sipir lg gak sih, bukan polisi lg😅","7113201915455243266","jikzzabi","https://www.tiktok.com/@hai_online/video/7473394493971074311"
"https://p16-common-sign-va.tiktokcdn-us.com/tos-maliva-avt-0068/7e3aba6eef058c7813baed80bdb4a589~tplv-tiktokx-cropcenter:100:100.jpg?dr=9640&refresh_token=2b7fd550&x-expires=1746259200&x-signature=2TlJtijt%2BtgMg6mYSiS%2FCrWg8k4%3D&t=4d5b0474&ps=13740610&shp=30310797&shcp=ff37627b&idc=useast5","7473530822285837074","1740067003","2025-02-20T15:56:43.000Z","0","https://vt.tiktok.com/ZSh8FQbqo/","false",,"7473399067201045265",,"https://vt.tiktok.com/ZSh8FQbqo/","sejak kapan polisi mengurusi penjara?","6800929197299106817","isanputraaa","https://www.tiktok.com/@hai_online/video/7473394493971074311"
"https://p16-common-sign-sg.tiktokcdn-us.com/tos-alisg-avt-0068/52bd4795b8667000626d9c6f97df2b22~tplv-tiktokx-cropcenter:100:100.jpg?dr=9640&refresh_token=38074df7&x-expires=1746259200&x-signature=5WXcY12vsMKWPUwCOdLoSjhuDQo%3D&t=4d5b0474&ps=13740610&shp=30310797&shcp=ff37627b&idc=useast5","7474255982514029330","1740235848","2025-02-22T14:50:48.000Z","0","https://vt.tiktok.com/ZSh8FQbqo/","false",,"7473399067201045265",,"https://vt.tiktok.com/ZSh8FQbqo/","polsuspas, polisi khusus lapas ,","7081458951820149787","alfandi1999","https://www.tiktok.com/@hai_online/video/7473394493971074311"
"https://p16-common-sign-useast2a.tiktokcdn-us.com/tos-useast2a-avt-0068-giso/0610ef032c6923f3d70d7a6f88d6be57~tplv-tiktokx-cropcenter:100:100.jpg?dr=9640&refresh_token=f18b4b62&x-expires=1746259200&x-signature=Ivcz1%2FhukJvbSkQGXYshQMG51ok%3D&t=4d5b0474&ps=13740610&shp=30310797&shcp=ff37627b&idc=useast5","7474549244529214226","1740304132","2025-02-23T09:48:52.000Z","0","https://vt.tiktok.com/ZSh8FQbqo/","false",,"7473399067201045265",,"https://vt.tiktok.com/ZSh8FQbqo/","ada kk penjara dkntor polisi klau gk slah msh tahanan polisi yg blm kena sidang stelh sidang baru dbawa k lapas","6826896461998244865","lutfiaga","https://www.tiktok.com/@hai_online/video/7473394493971074311"
"https://p16-common-sign-sg.tiktokcdn-us.com/tos-alisg-avt-0068/627f08d2f03df8b6d40ee81f6fe8a08f~tplv-tiktokx-cropcenter:100:100.jpg?dr=9640&refresh_token=3bdb6cd0&x-expires=1746259200&x-signature=lnn4cStp0HNhj%2FsJa1t7K%2FjPXQo%3D&t=4d5b0474&ps=13740610&shp=30310797&shcp=ff37627b&idc=useast5","7474709195397579537","1740341382","2025-02-23T20:09:42.000Z","1","https://vt.tiktok.com/ZSh8FQbqo/","false",,"7473399067201045265",,"https://vt.tiktok.com/ZSh8FQbqo/","aduh,aduh ku nggak punya uang untuk bayar polisi🤣","76165163988","babyelzayn4","https://www.tiktok.com/@hai_online/video/7473394493971074311"
"https://p16-common-sign-sg.tiktokcdn-us.com/tos-alisg-avt-0068/16e007443bd64dca21e44f97e9ff9c39~tplv-tiktokx-cropcenter:100:100.jpg?dr=9640&refresh_token=801bd672&x-expires=1746259200&x-signature=HKXnCtyjW97ipz25sMtgawvo2bA%3D&t=4d5b0474&ps=13740610&shp=30310797&shcp=ff37627b&idc=useast5","7474799255493083924","1740362340","2025-02-24T01:59:00.000Z","0","https://vt.tiktok.com/ZSh8FQbqo/","false",,"7473399067201045265",,"https://vt.tiktok.com/ZSh8FQbqo/","lah jgn melakukan kesalahan lol klo gamau bayar","6542298858457923585","wahyudigaming029","https://www.tiktok.com/@hai_online/video/7473394493971074311"
"https://p16-common-sign-sg.tiktokcdn-us.com/tos-alisg-avt-0068/29cbcfea93778d3ef55dec43940cab0a~tplv-tiktokx-cropcenter:100:100.jpg?dr=9640&refresh_token=027ffe0e&x-expires=1746259200&x-signature=blKO6NXykff%2FnoTVwk5djCULpuI%3D&t=4d5b0474&ps=13740610&shp=30310797&shcp=ff37627b&idc=useast5","7476295859359007495","1740710799","2025-02-28T02:46:39.000Z","0","https://vt.tiktok.com/ZSh8FQbqo/","false",,"7473399067201045265",,"https://vt.tiktok.com/ZSh8FQbqo/","terus apa kabar gembong narkoba bayar polisi
mau jd polisi bayar polisi ?","7466623350791750657","gabut.aja0019","https://www.tiktok.com/@hai_online/video/7473394493971074311"
"https://p16-common-sign-va.tiktokcdn-us.com/tos-maliva-avt-0068/b449515bf490847a24700ee7a39f73ad~tplv-tiktokx-cropcenter:100:100.jpg?dr=9640&refresh_token=b6b871f8&x-expires=1746259200&x-signature=u8uPb0jlWTrpMdHMdzOEqCgxo1c%3D&t=4d5b0474&ps=13740610&shp=30310797&shcp=ff37627b&idc=useast5","7473430025132376850","1740043534","2025-02-20T09:25:34.000Z","3","https://vt.tiktok.com/ZSh8FQbqo/","false",,"7473399067201045265",,"https://vt.tiktok.com/ZSh8FQbqo/","mau jadi polis bayar polisi","6956554051149120513","lezzglo","https://www.tiktok.com/@hai_online/video/7473394493971074311"
"https://p16-common-sign-va.tiktokcdn-us.com/tos-maliva-avt-0068/0e2ef9fea056724b91ada3c71e5df2ea~tplv-tiktokx-cropcenter:100:100.jpg?dr=9640&refresh_token=b5c5106d&x-expires=1746259200&x-signature=n6%2Bk9AJfTb%2Bkwm12ogbiwQSwTgQ%3D&t=4d5b0474&ps=13740610&shp=30310797&shcp=ff37627b&idc=useast5","7473430875000488722","1740043743","2025-02-20T09:29:03.000Z","2","https://vt.tiktok.com/ZSh8FQbqo/","false",,"7473399067201045265",,"https://vt.tiktok.com/ZSh8FQbqo/","mau bikin SIM bayar polisi","6887513313070187522","getraw90s","https://www.tiktok.com/@hai_online/video/7473394493971074311"
"https://p16-common-sign-va.tiktokcdn-us.com/tos-maliva-avt-0068/24ffe0f009985ecb2a07ba7d3f20f4cc~tplv-tiktokx-cropcenter:100:100.jpg?dr=9640&refresh_token=fd4d2b85&x-expires=1746259200&x-signature=GmaGn8N%2FVifaSWw4LKHkCF%2FZLSo%3D&t=4d5b0474&ps=13740610&shp=30310797&shcp=ff37627b&idc=useast5","7474974310639026945","1740403096","2025-02-24T13:18:16.000Z","0","https://vt.tiktok.com/ZSh8FQbqo/","false",,"7473399067201045265",,"https://vt.tiktok.com/ZSh8FQbqo/","telat,dah dihapus.😅","7400165247867536401","lana36995","https://www.tiktok.com/@hai_online/video/7473394493971074311"
"https://p16-common-sign-va.tiktokcdn-us.com/tos-maliva-avt-0068/57129e2f260333892a5e99191dd34876~tplv-tiktokx-cropcenter:100:100.jpg?dr=9640&refresh_token=adf85799&x-expires=1746259200&x-signature=ZuX860A%2F3gPfr2ufgnwqSH8saP0%3D&t=4d5b0474&ps=13740610&shp=30310797&shcp=ff37627b&idc=useast5","7473446474043687687","1740047368","2025-02-20T10:29:28.000Z","1","https://vt.tiktok.com/ZSh8FQbqo/","false",,"7473399067201045265",,"https://vt.tiktok.com/ZSh8FQbqo/","longor","6857346099448087553","jefryalifjefry","https://www.tiktok.com/@hai_online/video/7473394493971074311"
"https://p16-common-sign-va.tiktokcdn-us.com/tos-maliva-avt-0068/76c30ea6cf5168b6c51aa9ac77b31e6a~tplv-tiktokx-cropcenter:100:100.jpg?dr=9640&refresh_token=eab67866&x-expires=1746259200&x-signature=huZtDonrJhVz4RIaV8GcgLLtV88%3D&t=4d5b0474&ps=13740610&shp=30310797&shcp=ff37627b&idc=useast5","7473483333897995016","1740055948","2025-02-20T12:52:28.000Z","0","https://vt.tiktok.com/ZSh8FQbqo/","false",,"7473399067201045265",,"https://vt.tiktok.com/ZSh8FQbqo/","kena tilang bayar polisi","6892213141904917505","ajipras56","https://www.tiktok.com/@hai_online/video/7473394493971074311"
"https://p16-common-sign-useast2a.tiktokcdn-us.com/tos-useast2a-avt-0068-euttp/87947dd392a9535e9197988eb927dd2c~tplv-tiktokx-cropcenter:100:100.jpg?dr=9640&refresh_token=fc6a63c8&x-expires=1746259200&x-signature=PjpbYmIrA09Mae3d1ROwhqNHJp4%3D&t=4d5b0474&ps=13740610&shp=30310797&shcp=ff37627b&idc=useast5","7473436492263129864","1740045043","2025-02-20T09:50:43.000Z","0","https://vt.tiktok.com/ZSh8FQbqo/","false",,"7473399067201045265",,"https://vt.tiktok.com/ZSh8FQbqo/","mau bikin gigs, bayar polisi","7208258377746891803","stupidcelebrating","https://www.tiktok.com/@hai_online/video/7473394493971074311"
"https://p16-common-sign-sg.tiktokcdn-us.com/tos-alisg-avt-0068/c8dd634348633e1427c688707d6cba8b~tplv-tiktokx-cropcenter:100:100.jpg?dr=9640&refresh_token=3fa39ec4&x-expires=1746259200&x-signature=Xfr7KvuLdZyjAMPR2X8C2E3N4ks%3D&t=4d5b0474&ps=13740610&shp=30310797&shcp=ff37627b&idc=useast5","7473475725984170759","1740054176","2025-02-20T12:22:56.000Z","1","https://vt.tiktok.com/ZSh8FQbqo/","false",,"7473474715991229192",,"https://vt.tiktok.com/ZSh8FQbqo/","WKWKWK berani bet bang","7241938861320143878","kmlaa.mel","https://www.tiktok.com/@hai_online/video/7473394493971074311"
"https://p16-common-sign-sg.tiktokcdn-us.com/tos-alisg-avt-0068/62c79786623489e51d53190e148a809b~tplv-tiktokx-cropcenter:100:100.jpg?dr=9640&refresh_token=e828a7fc&x-expires=1746259200&x-signature=KbdGsfc7vPjialeiR5oNKti7Ri0%3D&t=4d5b0474&ps=13740610&shp=30310797&shcp=ff37627b&idc=useast5","7474245117784867602","1740233311","2025-02-22T14:08:31.000Z","2","https://vt.tiktok.com/ZSh8FQbqo/","false",,"7473474715991229192",,"https://vt.tiktok.com/ZSh8FQbqo/","ngapain tkut kak? ini negri musyawarah smua manusia bebas dan punya hak berpendapat mau itu lewat lagu ataupun ketikan","180772070602133504","pich1i","https://www.tiktok.com/@hai_online/video/7473394493971074311"
"https://p16-common-sign-sg.tiktokcdn-us.com/tos-alisg-avt-0068/8c9b785f802dc0286953fb464f457f17~tplv-tiktokx-cropcenter:100:100.jpg?dr=9640&refresh_token=9dd2985b&x-expires=1746259200&x-signature=JGI3S%2BIN7qQ%2BKvEc0go8yrWs1dU%3D&t=4d5b0474&ps=13740610&shp=30310797&shcp=ff37627b&idc=useast5","7474256273078387463","1740235915","2025-02-22T14:51:55.000Z","0","https://vt.tiktok.com/ZSh8FQbqo/","false",,"7473474715991229192",,"https://vt.tiktok.com/ZSh8FQbqo/","selamat datang di ORBA 2025","6811671019527472129","paman.doblang.youtube","https://www.tiktok.com/@hai_online/video/7473394493971074311"
"https://p16-common-sign-sg.tiktokcdn-us.com/tos-alisg-avt-0068/eff42ff52c99d18bf2f4c572e69f4783~tplv-tiktokx-cropcenter:100:100.jpg?dr=9640&refresh_token=ed7bb165&x-expires=1746259200&x-signature=wrS4RgwCy0HlnY0D6IzCA%2FvoVeA%3D&t=4d5b0474&ps=13740610&shp=30310797&shcp=ff37627b&idc=useast5","7473719716880696082","1740110984","2025-02-21T04:09:44.000Z","1","https://vt.tiktok.com/ZSh8FQbqo/","false",,"7473474715991229192",,"https://vt.tiktok.com/ZSh8FQbqo/","Kalo gagitu dipenjara dan bayar polisi","6883702070386607106","shenlonghyui","https://www.tiktok.com/@hai_online/video/7473394493971074311"
"https://p16-common-sign-va.tiktokcdn-us.com/tos-maliva-avt-0068/35614ab6f60d9bed6f8e2202f527b65a~tplv-tiktokx-cropcenter:100:100.jpg?dr=9640&refresh_token=7bc350b2&x-expires=1746259200&x-signature=lG5eBJRSRiR0IHwfmQSK4Ut6txY%3D&t=4d5b0474&ps=13740610&shp=30310797&shcp=ff37627b&idc=useast5","7473524115757630214","1740065459","2025-02-20T15:30:59.000Z","1","https://vt.tiktok.com/ZSh8FQbqo/","false",,"7473474715991229192",,"https://vt.tiktok.com/ZSh8FQbqo/","polisinya ga enak semua rakyat jadi tau","7381840043248059398","gunawan.gugun410","https://www.tiktok.com/@hai_online/video/7473394493971074311"
"https://p16-common-sign-va.tiktokcdn-us.com/tos-maliva-avt-0068/77c5ab61b8b463f7c4500d1edb5dfce7~tplv-tiktokx-cropcenter:100:100.jpg?dr=9640&refresh_token=0a3345a7&x-expires=1746259200&x-signature=dq11Tt9CRHp4xOAenVQ0T0AOyEc%3D&t=4d5b0474&ps=13740610&shp=30310797&shcp=ff37627b&idc=useast5","7473476548315480840","1740054368","2025-02-20T12:26:08.000Z","1","https://vt.tiktok.com/ZSh8FQbqo/","false",,"7473474715991229192",,"https://vt.tiktok.com/ZSh8FQbqo/","mereka sejatinya di intimidasi om bukan kemauan sndiri klarifikasi meminta maaf..","6910627602794464257","ham.ham182","https://www.tiktok.com/@hai_online/video/7473394493971074311"
"https://p16-common-sign-useast2a.tiktokcdn-us.com/tos-useast2a-avt-0068-giso/f5810b39ee76797ac5daaeb7d88e18be~tplv-tiktokx-cropcenter:100:100.jpg?dr=9640&refresh_token=1ee9cde8&x-expires=1746259200&x-signature=xmXUIHebsYY3wC%2B%2FDyZIO65OIzg%3D&t=4d5b0474&ps=13740610&shp=30310797&shcp=ff37627b&idc=useast5","7473542603326292754","1740069747","2025-02-20T16:42:27.000Z","1","https://vt.tiktok.com/ZSh8FQbqo/","false",,"7473503857277747974",,"https://vt.tiktok.com/ZSh8FQbqo/","bayar tilangan juga bang wkwkw","7097420349407626266","niiel001","https://www.tiktok.com/@hai_online/video/7473394493971074311"
"https://p16-common-sign-sg.tiktokcdn-us.com/tos-alisg-avt-0068/cb1e63d2d79f47a9f4f871f508781728~tplv-tiktokx-cropcenter:100:100.jpg?dr=9640&refresh_token=7fdc363a&x-expires=1746259200&x-signature=jRN6tQwBgnWrDfr8hd8RNvEARrY%3D&t=4d5b0474&ps=13740610&shp=30310797&shcp=ff37627b&idc=useast5","7473474451746882311","1740053880","2025-02-20T12:18:00.000Z","81","https://vt.tiktok.com/ZSh8FQbqo/","false","false",,"3","https://vt.tiktok.com/ZSh8FQbqo/","kenapa harus klarifikasi ya? emngnya fakta ya bayar polisi?","6848332589745587201","putra.rsky","https://www.tiktok.com/@hai_online/video/7473394493971074311"
"https://p16-common-sign-va.tiktokcdn-us.com/tos-maliva-avt-0068/de189e28f4fc2ecbcdc2a294e2aad386~tplv-tiktokx-cropcenter:100:100.jpg?dr=9640&refresh_token=3d7250c4&x-expires=1746259200&x-signature=lo0ZTQFzOsZSCH%2BYrTkAnv4eMJA%3D&t=4d5b0474&ps=13740610&shp=30310797&shcp=ff37627b&idc=useast5","7473397597974758162","1740035990","2025-02-20T07:19:50.000Z","31","https://vt.tiktok.com/ZSh8FQbqo/","false","false",,"0","https://vt.tiktok.com/ZSh8FQbqo/","di bungkam karena fakta","7274627451891041285","adeeeeeeee_","https://www.tiktok.com/@hai_online/video/7473394493971074311"
"https://p16-common-sign-sg.tiktokcdn-us.com/tos-alisg-avt-0068/7325964663852810242~tplv-tiktokx-cropcenter:100:100.jpg?dr=9640&refresh_token=f80bed45&x-expires=1746259200&x-signature=CSzJTgmQwmwlB8s0xf%2BVwEdKcx8%3D&t=4d5b0474&ps=13740610&shp=30310797&shcp=ff37627b&idc=useast5","7473453306921534216","1740048958","2025-02-20T10:55:58.000Z","27","https://vt.tiktok.com/ZSh8FQbqo/","false","false",,"0","https://vt.tiktok.com/ZSh8FQbqo/","inilah indonesia..bayar bayar bayar","6829936327484900353","kemasan.53","https://www.tiktok.com/@hai_online/video/7473394493971074311"
"https://p16-common-sign-sg.tiktokcdn-us.com/tos-alisg-avt-0068/925035b2cf15e65adb96b3be7a7b969e~tplv-tiktokx-cropcenter:100:100.jpg?dr=9640&refresh_token=dc0f7d01&x-expires=1746259200&x-signature=77s19C8Aui8Wzy4XLkhGf5nDBX4%3D&t=4d5b0474&ps=13740610&shp=30310797&shcp=ff37627b&idc=useast5","7473432705012876037","1740044209","2025-02-20T09:36:49.000Z","5","https://vt.tiktok.com/ZSh8FQbqo/","false","false",,"0","https://vt.tiktok.com/ZSh8FQbqo/","Ngapain minta maaf. Itu lagunya NYATA KO.","7005906956640584730","ibhaskiswotomo","https://www.tiktok.com/@hai_online/video/7473394493971074311"
"https://p16-common-sign-va.tiktokcdn-us.com/tos-maliva-avt-0068/d70bca252bf6c8db20c62ba5ed9f562b~tplv-tiktokx-cropcenter:100:100.jpg?dr=9640&refresh_token=94e16fad&x-expires=1746259200&x-signature=r3WF%2BmOlO%2F5ovFhcpycG%2F1%2BnN64%3D&t=4d5b0474&ps=13740610&shp=30310797&shcp=ff37627b&idc=useast5","7473409098269754119","1740038667","2025-02-20T08:04:27.000Z","15","https://vt.tiktok.com/ZSh8FQbqo/","false","false",,"0","https://vt.tiktok.com/ZSh8FQbqo/","tugas jibril memberi wahyu tugas sukatani memberi fakta!","6845224616684848129","altergito","https://www.tiktok.com/@hai_online/video/7473394493971074311"
"https://p16-common-sign-sg.tiktokcdn-us.com/tos-alisg-avt-0068/4a4759ddf6c30ea7e7f749d3705d2320~tplv-tiktokx-cropcenter:100:100.jpg?dr=9640&refresh_token=848eb70e&x-expires=1746259200&x-signature=3wOkpdV0z0Ez5XsjnUsDlX3MYU8%3D&t=4d5b0474&ps=13740610&shp=30310797&shcp=ff37627b&idc=useast5","7473446600842593032","1740047403","2025-02-20T10:30:03.000Z","9","https://vt.tiktok.com/ZSh8FQbqo/","false","false",,"0","https://vt.tiktok.com/ZSh8FQbqo/","Kebebasan berpendapat telah dikekang","7160634787277865986","konakjebol","https://www.tiktok.com/@hai_online/video/7473394493971074311"
"https://p16-common-sign-useast2a.tiktokcdn-us.com/tos-useast2a-avt-0068-euttp/7342049116320432161~tplv-tiktokx-cropcenter:100:100.jpg?dr=9640&refresh_token=d6317f67&x-expires=1746259200&x-signature=C712YHgg1uN4Wf0N35SUZ45OD4s%3D&t=4d5b0474&ps=13740610&shp=30310797&shcp=ff37627b&idc=useast5","7473404560996893448","1740037606","2025-02-20T07:46:46.000Z","551","https://vt.tiktok.com/ZSh8FQbqo/","false","false",,"36","https://vt.tiktok.com/ZSh8FQbqo/","gak perlu klarifikasi bang. dulu Iwan fals gak ada tuh minta maaf ataupun klarifikasi.","7019896352059835394","piikangshuangg","https://www.tiktok.com/@hai_online/video/7473394493971074311"
"https://p16-common-sign-sg.tiktokcdn-us.com/tos-alisg-avt-0068/7329230848421527572~tplv-tiktokx-cropcenter:100:100.jpg?dr=9640&refresh_token=6f4b9817&x-expires=1746259200&x-signature=G8oPp8Z%2BCRBhW7hKoo6k8jKYjQU%3D&t=4d5b0474&ps=13740610&shp=30310797&shcp=ff37627b&idc=useast5","7473401693096739585","1740036946","2025-02-20T07:35:46.000Z","6","https://vt.tiktok.com/ZSh8FQbqo/","false","false",,"0","https://vt.tiktok.com/ZSh8FQbqo/","polisi takut sama lirik lagu🤣🤣🤣","6919108458663871489","fuckreligion13","https://www.tiktok.com/@hai_online/video/7473394493971074311"
"https://p16-common-sign-va.tiktokcdn-us.com/tos-maliva-avt-0068/f6acec42786a36eab49e39649f902852~tplv-tiktokx-cropcenter:100:100.jpg?dr=9640&refresh_token=6cf29970&x-expires=1746259200&x-signature=urmvWkLX34UWH1%2F4EQAjm1KEMsg%3D&t=4d5b0474&ps=13740610&shp=30310797&shcp=ff37627b&idc=useast5","7473505764356260609","1740061168","2025-02-20T14:19:28.000Z","6","https://vt.tiktok.com/ZSh8FQbqo/","false","false",,"0","https://vt.tiktok.com/ZSh8FQbqo/","ada pistol kah di belakang kameranya,? keliatannya kek ketakutan😊","7068884560011887617","hi.day.at","https://www.tiktok.com/@hai_online/video/7473394493971074311"
"https://p16-common-sign-va.tiktokcdn-us.com/tos-maliva-avt-0068/ad45b3211c35d8a8e85a059667641b99~tplv-tiktokx-cropcenter:100:100.jpg?dr=9640&refresh_token=f1546d69&x-expires=1746259200&x-signature=1n00RQATh2JzCQwsICGz%2FNLmZas%3D&t=4d5b0474&ps=13740610&shp=30310797&shcp=ff37627b&idc=useast5","7473455663164769029","1740049537","2025-02-20T11:05:37.000Z","5","https://vt.tiktok.com/ZSh8FQbqo/","false","false",,"0","https://vt.tiktok.com/ZSh8FQbqo/","Dan masih ada yg blg “Indonesia baik-baik aja”🤦‍♂️","6718617685121188866","aqshalcore","https://www.tiktok.com/@hai_online/video/7473394493971074311"
"https://p16-common-sign-va.tiktokcdn-us.com/tos-maliva-avt-0068/b39cec3c9823c3abe4601a84740c32c1~tplv-tiktokx-cropcenter:100:100.jpg?dr=9640&refresh_token=82ed66b6&x-expires=1746259200&x-signature=h7V3LWTAJfKv4BCfuHTf%2BzhUTys%3D&t=4d5b0474&ps=13740610&shp=30310797&shcp=ff37627b&idc=useast5","7474146169963741960","1740210279","2025-02-22T07:44:39.000Z","5","https://vt.tiktok.com/ZSh8FQbqo/","false","false",,"0","https://vt.tiktok.com/ZSh8FQbqo/","kenapa mesti minta maaf, bukankah ini kenyataan","7079757559565370369","salman_hiroe","https://www.tiktok.com/@hai_online/video/7473394493971074311"
"https://p16-common-sign-va.tiktokcdn-us.com/tos-maliva-avt-0068/cf3e30a09b6838882d217c03d64e1468~tplv-tiktokx-cropcenter:100:100.jpg?dr=9640&refresh_token=49e2d5e3&x-expires=1746259200&x-signature=HpMS4Q7JTPjJw4HpGV%2BxvpDW94E%3D&t=4d5b0474&ps=13740610&shp=30310797&shcp=ff37627b&idc=useast5","7473495476090012423","1740058779","2025-02-20T13:39:39.000Z","48","https://vt.tiktok.com/ZSh8FQbqo/","false","false",,"1","https://vt.tiktok.com/ZSh8FQbqo/","mau minta maaf bayar polisi","6992895510077473793","evandersszt","https://www.tiktok.com/@hai_online/video/7473394493971074311"
"https://p16-common-sign-va.tiktokcdn-us.com/tos-maliva-avt-0068/10b5249499fd09a8a2f8b61bf6ed485e~tplv-tiktokx-cropcenter:100:100.jpg?dr=9640&refresh_token=656dfab0&x-expires=1746259200&x-signature=aeFCs%2BZweJ86hSezuKwNZjdxO9o%3D&t=4d5b0474&ps=13740610&shp=30310797&shcp=ff37627b&idc=useast5","7473469284133733128","1740052681","2025-02-20T11:58:01.000Z","198","https://vt.tiktok.com/ZSh8FQbqo/","false","false",,"14","https://vt.tiktok.com/ZSh8FQbqo/","om gw polisi, gw setel depan om gw 😂 wuahahaha","6922806749271770114","dheaan_x","https://www.tiktok.com/@hai_online/video/7473394493971074311"
"https://p16-common-sign-va.tiktokcdn-us.com/tos-maliva-avt-0068/cad09819cfa6b81a722e762655eb5cb8~tplv-tiktokx-cropcenter:100:100.jpg?dr=9640&refresh_token=91b915a4&x-expires=1746259200&x-signature=tAU8dFc%2BlJObTlpzVQf7jcbaM10%3D&t=4d5b0474&ps=13740610&shp=30310797&shcp=ff37627b&idc=useast5","7473538514807980808","1740068798","2025-02-20T16:26:38.000Z","5","https://vt.tiktok.com/ZSh8FQbqo/","false","false",,"0","https://vt.tiktok.com/ZSh8FQbqo/","Polisi = hama","6622056831643697153","dikt101","https://www.tiktok.com/@hai_online/video/7473394493971074311"
"https://p16-common-sign-sg.tiktokcdn-us.com/tos-alisg-avt-0068/4a9c3a132bab47f9565ed1bdb0b59a91~tplv-tiktokx-cropcenter:100:100.jpg?dr=9640&refresh_token=c21d83cb&x-expires=1746259200&x-signature=LwqRjtYo5t1YxPChzxuLUkKhulE%3D&t=4d5b0474&ps=13740610&shp=30310797&shcp=ff37627b&idc=useast5","7473402460355642119","1740037121","2025-02-20T07:38:41.000Z","16","https://vt.tiktok.com/ZSh8FQbqo/","false","false",,"0","https://vt.tiktok.com/ZSh8FQbqo/","semangat terus sukatani, tetap berkarya","6873315057711875073","argaaaw_","https://www.tiktok.com/@hai_online/video/7473394493971074311"
"https://p16-common-sign-useast2a.tiktokcdn-us.com/tos-useast2a-avt-0068-giso/72f2abedace3bc543d0b117df2226834~tplv-tiktokx-cropcenter:100:100.jpg?dr=9640&refresh_token=ff3785a4&x-expires=1746259200&x-signature=MTdPR%2B2ExWUJ%2B6TodcCxiLYXb04%3D&t=4d5b0474&ps=13740610&shp=30310797&shcp=ff37627b&idc=useast5","7473469175195255560","1740052662","2025-02-20T11:57:42.000Z","7","https://vt.tiktok.com/ZSh8FQbqo/","false","false",,"0","https://vt.tiktok.com/ZSh8FQbqo/","Sukatani hanya menyuarakan fakta yg terjadi","6821900074923541506","lembayungsenja028","https://www.tiktok.com/@hai_online/video/7473394493971074311"
"https://p16-common-sign-sg.tiktokcdn-us.com/tos-alisg-avt-0068/5401b8495b961ac8e7c313ef69eeb3c4~tplv-tiktokx-cropcenter:100:100.jpg?dr=9640&refresh_token=6a621b96&x-expires=1746259200&x-signature=5wYVyv73hnDCI%2Fhv8n%2F1tlmnWqI%3D&t=4d5b0474&ps=13740610&shp=30310797&shcp=ff37627b&idc=useast5","7473407597900595969","1740038321","2025-02-20T07:58:41.000Z","7","https://vt.tiktok.com/ZSh8FQbqo/","false","false",,"0","https://vt.tiktok.com/ZSh8FQbqo/","jika lagu Abang diberhentikan berarti itu fakta dalam arti lagunya","7420433061623366662","bacadunia7","https://www.tiktok.com/@hai_online/video/7473394493971074311"
"https://p16-common-sign-sg.tiktokcdn-us.com/tos-alisg-avt-0068/0e69c5922bac26746406d2751590b254~tplv-tiktokx-cropcenter:100:100.jpg?dr=9640&refresh_token=19ce5ae7&x-expires=1746259200&x-signature=B46AS%2BASYOHCxtxtlkRPQjZhCHA%3D&t=4d5b0474&ps=13740610&shp=30310797&shcp=ff37627b&idc=useast5","7473479502817182471","1740055058","2025-02-20T12:37:38.000Z","12","https://vt.tiktok.com/ZSh8FQbqo/","false","false",,"0","https://vt.tiktok.com/ZSh8FQbqo/","lahh bukanya bener harus bayar bayar dan bayar kenapa harus klarifikasi","7052762058555524122","klutuk4.2","https://www.tiktok.com/@hai_online/video/7473394493971074311"
"https://p16-common-sign-useast2a.tiktokcdn-us.com/tos-useast2a-avt-0068-aiso/0c196cf055ddccd7fea3f8648385b4d1~tplv-tiktokx-cropcenter:100:100.jpg?dr=9640&refresh_token=eca32c36&x-expires=1746259200&x-signature=XUmSS%2Bd3eMr7JXc5Efe3BK4iUIM%3D&t=4d5b0474&ps=13740610&shp=30310797&shcp=ff37627b&idc=useast5","7473478741843968775","1740054878","2025-02-20T12:34:38.000Z","4","https://vt.tiktok.com/ZSh8FQbqo/","false",,"7473474451746882311",,"https://vt.tiktok.com/ZSh8FQbqo/","Bukan klarifikasi tapi di intimidasi!","6999676429818922011","boleahah","https://www.tiktok.com/@hai_online/video/7473394493971074311"
"https://p16-common-sign-useast2a.tiktokcdn-us.com/tos-useast2a-avt-0068-giso/de9e902a6eeaee98b1036828017c5c4d~tplv-tiktokx-cropcenter:100:100.jpg?dr=9640&refresh_token=2522fd54&x-expires=1746259200&x-signature=QFZ8YWI8rz3BUAzzLEBf%2FrIgzyU%3D&t=4d5b0474&ps=13740610&shp=30310797&shcp=ff37627b&idc=useast5","7474191800678040338","1740220902","2025-02-22T10:41:42.000Z","0","https://vt.tiktok.com/ZSh8FQbqo/","false",,"7473474451746882311",,"https://vt.tiktok.com/ZSh8FQbqo/","hak dasar manusia telah hilang di negri ini🤐","6980675556295918594","wbmix","https://www.tiktok.com/@hai_online/video/7473394493971074311"
"https://p16-common-sign-sg.tiktokcdn-us.com/tos-alisg-avt-0068/62c79786623489e51d53190e148a809b~tplv-tiktokx-cropcenter:100:100.jpg?dr=9640&refresh_token=e828a7fc&x-expires=1746259200&x-signature=KbdGsfc7vPjialeiR5oNKti7Ri0%3D&t=4d5b0474&ps=13740610&shp=30310797&shcp=ff37627b&idc=useast5","7474244872477803282","1740233259","2025-02-22T14:07:39.000Z","0","https://vt.tiktok.com/ZSh8FQbqo/","false",,"7473474451746882311",,"https://vt.tiktok.com/ZSh8FQbqo/","haha ril katanya negri musyawarah tapi berpendapat dgn lagu yg gak merugikan siapa"" dan banyak org yg setuju malah dianggap menjatuhkan","180772070602133504","pich1i","https://www.tiktok.com/@hai_online/video/7473394493971074311"
"https://p16-common-sign-sg.tiktokcdn-us.com/tos-alisg-avt-0068/2f9356a3ef972cf246c5ee0338feff7a~tplv-tiktokx-cropcenter:100:100.jpg?dr=9640&refresh_token=8df53a06&x-expires=1746259200&x-signature=UedWOVSwVgKnHM5Z7qjDEtSy7k0%3D&t=4d5b0474&ps=13740610&shp=30310797&shcp=ff37627b&idc=useast5","7473407322811958017","1740039906","2025-02-20T08:25:06.000Z","83","https://vt.tiktok.com/ZSh8FQbqo/","false",,"7473404560996893448",,"https://vt.tiktok.com/ZSh8FQbqo/","bapaknya iwan fals itu tentara, kalau bapaknya orang biasa, iwan fals mungkin sudah hilang","7313071430731039749","dani.ihsan7","https://www.tiktok.com/@hai_online/video/7473394493971074311"
"https://p16-common-sign-va.tiktokcdn-us.com/tos-maliva-avt-0068/4602d3c1d3e52d48fa7bde89c300431d~tplv-tiktokx-cropcenter:100:100.jpg?dr=9640&refresh_token=3fdb75a0&x-expires=1746259200&x-signature=mSImfZCD8L5K3vdiEP97qkiua00%3D&t=4d5b0474&ps=13740610&shp=30310797&shcp=ff37627b&idc=useast5","7473443052516229943","1740046608","2025-02-20T10:16:48.000Z","10","https://vt.tiktok.com/ZSh8FQbqo/","false",,"7473404560996893448",,"https://vt.tiktok.com/ZSh8FQbqo/","harusnya Sukatani ikut jejak bang Iwan. kan kereen 👍","7121781308514976769","arrumi_69","https://www.tiktok.com/@hai_online/video/7473394493971074311"
"https://p16-common-sign-sg.tiktokcdn-us.com/tos-alisg-avt-0068/03205be2efae7e329ab140329e5be135~tplv-tiktokx-cropcenter:100:100.jpg?dr=9640&refresh_token=a1b36c6d&x-expires=1746259200&x-signature=KTSGmpZ7fBkSy2LEPL0Zgmpaczs%3D&t=4d5b0474&ps=13740610&shp=30310797&shcp=ff37627b&idc=useast5","7473892975333049106","1740151320","2025-02-21T15:22:00.000Z","0","https://vt.tiktok.com/ZSh8FQbqo/","false",,"7473404560996893448",,"https://vt.tiktok.com/ZSh8FQbqo/","elo aja😂","7143813207789405186","toniartana0","https://www.tiktok.com/@hai_online/video/7473394493971074311"
"https://p16-common-sign-sg.tiktokcdn-us.com/tos-alisg-avt-0068/b25cfda1fb783052bcb114919caa0353~tplv-tiktokx-cropcenter:100:100.jpg?dr=9640&refresh_token=343b0892&x-expires=1746259200&x-signature=SR2SAvrysrRsmaw4Wa3qm4Qm93g%3D&t=4d5b0474&ps=13740610&shp=30310797&shcp=ff37627b&idc=useast5","7474404523043078930","1740270460","2025-02-23T00:27:40.000Z","2","https://vt.tiktok.com/ZSh8FQbqo/","false",,"7473404560996893448",,"https://vt.tiktok.com/ZSh8FQbqo/","K","6949768102138463234","wwwxyz_3","https://www.tiktok.com/@hai_online/video/7473394493971074311"
"https://p16-common-sign-va.tiktokcdn-us.com/tos-maliva-avt-0068/52bb2a00d29a596be68c5c10c8da547c~tplv-tiktokx-cropcenter:100:100.jpg?dr=9640&refresh_token=d1875a2c&x-expires=1746259200&x-signature=Y82AkSLEPKHUNHudC1xJa7IDtcg%3D&t=4d5b0474&ps=13740610&shp=30310797&shcp=ff37627b&idc=useast5","7482337802287563527","1742117552","2025-03-16T09:32:32.000Z","0","https://vt.tiktok.com/ZSh8FQbqo/","false",,"7473404560996893448",,"https://vt.tiktok.com/ZSh8FQbqo/","inget iwan fals juga pernah ditahan ya","6834540691231622146","aliramburabbani","https://www.tiktok.com/@hai_online/video/7473394493971074311"
"https://p16-common-sign-sg.tiktokcdn-us.com/tos-alisg-avt-0068/268dfca9c05c27eaf22f56a8d17dc407~tplv-tiktokx-cropcenter:100:100.jpg?dr=9640&refresh_token=b71862e7&x-expires=1746259200&x-signature=oSmtDLQ6PuRG9ctCuU1cmwYtC8Y%3D&t=4d5b0474&ps=13740610&shp=30310797&shcp=ff37627b&idc=useast5","7483982093870875399","1742500408","2025-03-20T19:53:28.000Z","0","https://vt.tiktok.com/ZSh8FQbqo/","false",,"7473404560996893448",,"https://vt.tiktok.com/ZSh8FQbqo/","Sempat ilang brrti tau dong siapa pelakunya kwkwk","6945515300163437569","iniaulia000","https://www.tiktok.com/@hai_online/video/7473394493971074311"
"https://p16-common-sign-va.tiktokcdn-us.com/tos-maliva-avt-0068/6cdf6c83674c595d5819e85c64850ee0~tplv-tiktokx-cropcenter:100:100.jpg?dr=9640&refresh_token=3f19756b&x-expires=1746259200&x-signature=lUTXE%2F%2BF82GHNOt6MOnVLJnSrDY%3D&t=4d5b0474&ps=13740610&shp=30310797&shcp=ff37627b&idc=useast5","7473408978598544134","1740038683","2025-02-20T08:04:43.000Z","27","https://vt.tiktok.com/ZSh8FQbqo/","false",,"7473404560996893448",,"https://vt.tiktok.com/ZSh8FQbqo/","tahun 84 iwan fals pernah dipenjara bang gegara lagu","7205421590258549787","alfredo.francesco5","https://www.tiktok.com/@hai_online/video/7473394493971074311"
"https://p19-common-sign-va.tiktokcdn-us.com/tos-maliva-avt-0068/1764cf49082fd5ae80f6f72239a99ff6~tplv-tiktokx-cropcenter:100:100.jpg?dr=9640&refresh_token=2e9b9de4&x-expires=1746259200&x-signature=J1ixqIFzbSYEC5MyUlZpBMqTvRk%3D&t=4d5b0474&ps=13740610&shp=30310797&shcp=ff37627b&idc=useast5","7473451931526021943","1740048667","2025-02-20T10:51:07.000Z","5","https://vt.tiktok.com/ZSh8FQbqo/","false",,"7473404560996893448",,"https://vt.tiktok.com/ZSh8FQbqo/","jrx juga ga mau minta maaf.. beda mental","6832111281718559745","apleku","https://www.tiktok.com/@hai_online/video/7473394493971074311"
"https://p16-common-sign-sg.tiktokcdn-us.com/tos-alisg-avt-0068/8acb4fa740bc39f59cf3415729537b6b~tplv-tiktokx-cropcenter:100:100.jpg?dr=9640&refresh_token=6a0ab879&x-expires=1746259200&x-signature=gsRc2wdvsUXr6h6vLiddV6gGfnk%3D&t=4d5b0474&ps=13740610&shp=30310797&shcp=ff37627b&idc=useast5","7473456511361467137","1740049702","2025-02-20T11:08:22.000Z","3","https://vt.tiktok.com/ZSh8FQbqo/","false",,"7473404560996893448",,"https://vt.tiktok.com/ZSh8FQbqo/","Iwan fals anak jendral","6810291530336076801","ofel_2","https://www.tiktok.com/@hai_online/video/7473394493971074311"
"https://p16-common-sign-va.tiktokcdn-us.com/tos-maliva-avt-0068/1324c00a63cc7f0284389e467af5d05a~tplv-tiktokx-cropcenter:100:100.jpg?dr=9640&refresh_token=43a3bd51&x-expires=1746259200&x-signature=3iKCzbZh2VDc1yr3whNiA%2FoiQrk%3D&t=4d5b0474&ps=13740610&shp=30310797&shcp=ff37627b&idc=useast5","7473447869178282759","1740047692","2025-02-20T10:34:52.000Z","2","https://vt.tiktok.com/ZSh8FQbqo/","false",,"7473404560996893448",,"https://vt.tiktok.com/ZSh8FQbqo/","pasti dpt tekanan itu","7199915376175612955","randiyunaz","https://www.tiktok.com/@hai_online/video/7473394493971074311"
"https://p16-common-sign-useast2a.tiktokcdn-us.com/tos-useast2a-avt-0068-giso/81d7f650cfd932a18dbb5b7f1cd6db8e~tplv-tiktokx-cropcenter:100:100.jpg?dr=9640&refresh_token=d85e1470&x-expires=1746259200&x-signature=RIAMFtpm2bC78uwSE%2BCLY6dpipU%3D&t=4d5b0474&ps=13740610&shp=30310797&shcp=ff37627b&idc=useast5","7473443832227955464","1740046753","2025-02-20T10:19:13.000Z","1","https://vt.tiktok.com/ZSh8FQbqo/","false",,"7473404560996893448",,"https://vt.tiktok.com/ZSh8FQbqo/","sapa bilang pernah ditangkap cek aja pas di interview kick andi/andy f noya","6997729502403789825","bams_bagos","https://www.tiktok.com/@hai_online/video/7473394493971074311"
"https://p19-common-sign-va.tiktokcdn-us.com/tos-maliva-avt-0068/74dc58214bd7f153d27da2a166fe2b4a~tplv-tiktokx-cropcenter:100:100.jpg?dr=9640&refresh_token=0a9d6751&x-expires=1746259200&x-signature=TvKKTZGtrt5hQ2SuFz9bIaxrTkE%3D&t=4d5b0474&ps=13740610&shp=30310797&shcp=ff37627b&idc=useast5","7477778740026753797","1741056064","2025-03-04T02:41:04.000Z","0","https://vt.tiktok.com/ZSh8FQbqo/","false",,"7473404560996893448",,"https://vt.tiktok.com/ZSh8FQbqo/","iya,kamu seorang musisi lanjutkan karya mu,agar banyak yg sadar","6787302547625460737","igunreturns","https://www.tiktok.com/@hai_online/video/7473394493971074311"
"https://p16-common-sign-sg.tiktokcdn-us.com/tos-alisg-avt-0068/4beffb7ce99ec7a3b265f8b9797a5821~tplv-tiktokx-cropcenter:100:100.jpg?dr=9640&refresh_token=3d0066cd&x-expires=1746259200&x-signature=gZ%2FpJ9kXYxAUKf7Egf7lzc772Js%3D&t=4d5b0474&ps=13740610&shp=30310797&shcp=ff37627b&idc=useast5","7475223635063587602","1740461151","2025-02-25T05:25:51.000Z","0","https://vt.tiktok.com/ZSh8FQbqo/","false",,"7473404560996893448",,"https://vt.tiktok.com/ZSh8FQbqo/","iya ga ada klarifikasi,, tapi di tangkap aja kan🗿","6919274524865496065","kagem4ru","https://www.tiktok.com/@hai_online/video/7473394493971074311"
"https://p16-common-sign-va.tiktokcdn-us.com/tos-maliva-avt-0068/fc64c10cbaece5915aefe355ab6db1e9~tplv-tiktokx-cropcenter:100:100.jpg?dr=9640&refresh_token=b760b192&x-expires=1746259200&x-signature=ZtWsthhrvLaN0%2BaCUx6kCZafSZ4%3D&t=4d5b0474&ps=13740610&shp=30310797&shcp=ff37627b&idc=useast5","7474792383869010743","1740360757","2025-02-24T01:32:37.000Z","0","https://vt.tiktok.com/ZSh8FQbqo/","false",,"7473404560996893448",,"https://vt.tiktok.com/ZSh8FQbqo/","lagu apa","6759413333114307585","tanya_ko.jo","https://www.tiktok.com/@hai_online/video/7473394493971074311"
"https://p16-common-sign-sg.tiktokcdn-us.com/tos-alisg-avt-0068/3b5d2dcd0285ab5e7aca67d72a05feda~tplv-tiktokx-cropcenter:100:100.jpg?dr=9640&refresh_token=a154cf66&x-expires=1746259200&x-signature=p%2BjCB9RB%2FYrWv5KrQltYYQPlRtM%3D&t=4d5b0474&ps=13740610&shp=30310797&shcp=ff37627b&idc=useast5","7474129703399555846","1740206494","2025-02-22T06:41:34.000Z","0","https://vt.tiktok.com/ZSh8FQbqo/","false",,"7473404560996893448",,"https://vt.tiktok.com/ZSh8FQbqo/","tapi anaknya 🙂","7095717276675425306","dhanapertiwi99","https://www.tiktok.com/@hai_online/video/7473394493971074311"
"https://p16-common-sign-sg.tiktokcdn-us.com/tos-alisg-avt-0068/b1fda5b75913d0f700b7ba890c3b98d1~tplv-tiktokx-cropcenter:100:100.jpg?dr=9640&refresh_token=a84a2777&x-expires=1746259200&x-signature=GAHcUKwIpN5cndcOxLCdjnEnoOU%3D&t=4d5b0474&ps=13740610&shp=30310797&shcp=ff37627b&idc=useast5","7473467252181222162","1740052204","2025-02-20T11:50:04.000Z","0","https://vt.tiktok.com/ZSh8FQbqo/","false",,"7473404560996893448",,"https://vt.tiktok.com/ZSh8FQbqo/","Klarifikasi (Intimidasi)","7086653232038118401","bangkinoy.1181","https://www.tiktok.com/@hai_online/video/7473394493971074311"
"https://p16-common-sign-sg.tiktokcdn-us.com/tos-alisg-avt-0068/ac3699a4657e49c2e754de73b94c6b8f~tplv-tiktokx-cropcenter:100:100.jpg?dr=9640&refresh_token=0c71828c&x-expires=1746259200&x-signature=%2FHxj0vbRujDchRce74if2rx%2BfxU%3D&t=4d5b0474&ps=13740610&shp=30310797&shcp=ff37627b&idc=useast5","7473434207701811969","1740044515","2025-02-20T09:41:55.000Z","0","https://vt.tiktok.com/ZSh8FQbqo/","false",,"7473404560996893448",,"https://vt.tiktok.com/ZSh8FQbqo/","itu yang lagunya bang Iwan fals
...kereta tiba pukul berapa....😁","7374008264852571142","barangbekas200","https://www.tiktok.com/@hai_online/video/7473394493971074311"
"https://p19-common-sign-va.tiktokcdn-us.com/tos-maliva-avt-0068/f250d6d1fd6a651fee55fa6d6e48318c~tplv-tiktokx-cropcenter:100:100.jpg?dr=9640&refresh_token=0957aced&x-expires=1746259200&x-signature=sp4kF7Jn0Vw1bt3J%2BEjTUVAv1DU%3D&t=4d5b0474&ps=13740610&shp=30310797&shcp=ff37627b&idc=useast5","7474801448820867895","1740362873","2025-02-24T02:07:53.000Z","1","https://vt.tiktok.com/ZSh8FQbqo/","false",,"7473404560996893448",,"https://vt.tiktok.com/ZSh8FQbqo/","yg lagunya berjudul bento
beny soeharto","7415517608197997574","rarasmom5","https://www.tiktok.com/@hai_online/video/7473394493971074311"
"https://p16-common-sign-va.tiktokcdn-us.com/tos-maliva-avt-0068/55eb1414a297e93e97afe9fbf15cef63~tplv-tiktokx-cropcenter:100:100.jpg?dr=9640&refresh_token=2540a0c7&x-expires=1746259200&x-signature=bgGXIAldKHe81Cf3YvDMItWsw6A%3D&t=4d5b0474&ps=13740610&shp=30310797&shcp=ff37627b&idc=useast5","7473407684080141074","1740038338","2025-02-20T07:58:58.000Z","0","https://vt.tiktok.com/ZSh8FQbqo/","false",,"7473404560996893448",,"https://vt.tiktok.com/ZSh8FQbqo/","tapi sekarang 😁","6805532199167034370","natziayamgeprek","https://www.tiktok.com/@hai_online/video/7473394493971074311"
"https://p16-common-sign-sg.tiktokcdn-us.com/tos-alisg-avt-0068/9554c7234d8df0db943ef29698bfa720~tplv-tiktokx-cropcenter:100:100.jpg?dr=9640&refresh_token=24daf874&x-expires=1746259200&x-signature=2Gp%2Bdxzm3xNXDP1I2RMgqKGOA%2Fc%3D&t=4d5b0474&ps=13740610&shp=30310797&shcp=ff37627b&idc=useast5","7473405542847218439","1740037847","2025-02-20T07:50:47.000Z","3","https://vt.tiktok.com/ZSh8FQbqo/","false",,"7473404560996893448",,"https://vt.tiktok.com/ZSh8FQbqo/","berarti parcok jaman dulu ga sebaperan sekarang","6708241636146889730","yun666ordo","https://www.tiktok.com/@hai_online/video/7473394493971074311"
"https://p16-common-sign-sg.tiktokcdn-us.com/tos-alisg-avt-0068/4156c81c409fa78197e559f89246dfdc~tplv-tiktokx-cropcenter:100:100.jpg?dr=9640&refresh_token=4dfe81e6&x-expires=1746259200&x-signature=HhaXjiBW%2BCNyMftoEJGe%2FqTy6rQ%3D&t=4d5b0474&ps=13740610&shp=30310797&shcp=ff37627b&idc=useast5","7473574862636794632","1740077261","2025-02-20T18:47:41.000Z","0","https://vt.tiktok.com/ZSh8FQbqo/","false",,"7473495476090012423",,"https://vt.tiktok.com/ZSh8FQbqo/","🤣🤣🤣","6959847298516337669","mhdfdliwezeii","https://www.tiktok.com/@hai_online/video/7473394493971074311"
"https://p16-common-sign-sg.tiktokcdn-us.com/tos-alisg-avt-0068/c27c84a66e1b8791dd4a2dc3c822384d~tplv-tiktokx-cropcenter:100:100.jpg?dr=9640&refresh_token=57e2e86e&x-expires=1746259200&x-signature=6coDs6mthaFrxWeFVBtyhBM5yd8%3D&t=4d5b0474&ps=13740610&shp=30310797&shcp=ff37627b&idc=useast5","7473470441550758711","1740052959","2025-02-20T12:02:39.000Z","12","https://vt.tiktok.com/ZSh8FQbqo/","false",,"7473469284133733128",,"https://vt.tiktok.com/ZSh8FQbqo/","kelaaaas","6841478370191131649","boamsk8","https://www.tiktok.com/@hai_online/video/7473394493971074311"
"https://p16-common-sign-sg.tiktokcdn-us.com/tos-alisg-avt-0068/c7843a6883abac43eead89e191a16ce7~tplv-tiktokx-cropcenter:100:100.jpg?dr=9640&refresh_token=3dd5ff27&x-expires=1746259200&x-signature=LNV7vkX0JDsYxcrIvPFi6tYDMw0%3D&t=4d5b0474&ps=13740610&shp=30310797&shcp=ff37627b&idc=useast5","7474030610412061448","1740183390","2025-02-22T00:16:30.000Z","1","https://vt.tiktok.com/ZSh8FQbqo/","false",,"7473469284133733128",,"https://vt.tiktok.com/ZSh8FQbqo/","aman lah ji","6845419679927288833","krematoriumilogy","https://www.tiktok.com/@hai_online/video/7473394493971074311"
"https://p16-common-sign-sg.tiktokcdn-us.com/tos-alisg-avt-0068/c27c84a66e1b8791dd4a2dc3c822384d~tplv-tiktokx-cropcenter:100:100.jpg?dr=9640&refresh_token=57e2e86e&x-expires=1746259200&x-signature=6coDs6mthaFrxWeFVBtyhBM5yd8%3D&t=4d5b0474&ps=13740610&shp=30310797&shcp=ff37627b&idc=useast5","7474040582021825286","1740185704","2025-02-22T00:55:04.000Z","0","https://vt.tiktok.com/ZSh8FQbqo/","false",,"7473469284133733128",,"https://vt.tiktok.com/ZSh8FQbqo/","aman ji","6841478370191131649","boamsk8","https://www.tiktok.com/@hai_online/video/7473394493971074311"
"https://p19-common-sign-va.tiktokcdn-us.com/tos-maliva-avt-0068/10b5249499fd09a8a2f8b61bf6ed485e~tplv-tiktokx-cropcenter:100:100.jpg?dr=9640&refresh_token=6eaeef04&x-expires=1746259200&x-signature=udn%2BNNd6KqpP1NJuceN7qd4Ekfs%3D&t=4d5b0474&ps=13740610&shp=30310797&shcp=ff37627b&idc=useast5","7473543181805421330","1740069881","2025-02-20T16:44:41.000Z","6","https://vt.tiktok.com/ZSh8FQbqo/","false",,"7473469284133733128",,"https://vt.tiktok.com/ZSh8FQbqo/","lah ngapain kenal juga engga 🤭 suruh dengerin aja sendiri, kan udh tau 🤣","6922806749271770114","dheaan_x","https://www.tiktok.com/@hai_online/video/7473394493971074311"
"https://p16-common-sign-useast2a.tiktokcdn-us.com/tos-useast2a-avt-0068-giso/7083623270347440155~tplv-tiktokx-cropcenter:100:100.jpg?dr=9640&refresh_token=84150fe6&x-expires=1746259200&x-signature=R0%2BHjNkU5qje1FtuL7E%2FM24Cq0s%3D&t=4d5b0474&ps=13740610&shp=30310797&shcp=ff37627b&idc=useast5","7474380495779070726","1740264847","2025-02-22T22:54:07.000Z","5","https://vt.tiktok.com/ZSh8FQbqo/","false",,"7473469284133733128",,"https://vt.tiktok.com/ZSh8FQbqo/","mungkin om anda polisi amanah jd tdk tersinggung 👍, 1 banding 300 polisi amanah.","7035893051752449025","nollytri","https://www.tiktok.com/@hai_online/video/7473394493971074311"
"https://p16-common-sign-va.tiktokcdn-us.com/tos-maliva-avt-0068/f27209a6750dc6888fb1733afbd06ebe~tplv-tiktokx-cropcenter:100:100.jpg?dr=9640&refresh_token=c402edf8&x-expires=1746259200&x-signature=AgJySfOYmD1Q8LCiYK48W0Ytrb4%3D&t=4d5b0474&ps=13740610&shp=30310797&shcp=ff37627b&idc=useast5","7474194639655731976","1740221564","2025-02-22T10:52:44.000Z","1","https://vt.tiktok.com/ZSh8FQbqo/","false",,"7473469284133733128",,"https://vt.tiktok.com/ZSh8FQbqo/","apan komennya🤣","6635205807083487233","retnoeko0","https://www.tiktok.com/@hai_online/video/7473394493971074311"
"https://p19-common-sign-sg.tiktokcdn-us.com/tos-alisg-avt-0068/c5f45638b77afbdc3b1df21818bd5096~tplv-tiktokx-cropcenter:100:100.jpg?dr=9640&refresh_token=a8af8b0f&x-expires=1746259200&x-signature=iJwWFfeT0Bf0963IZMRRG7ytjZA%3D&t=4d5b0474&ps=13740610&shp=30310797&shcp=ff37627b&idc=useast5","7478713313934803719","1741273650","2025-03-06T15:07:30.000Z","0","https://vt.tiktok.com/ZSh8FQbqo/","false",,"7473469284133733128",,"https://vt.tiktok.com/ZSh8FQbqo/","pasti om.y ketawa🤣🤣dlm hati ""benar jg nih lagu 🤣🤣","6864525044417823745","shukri347","https://www.tiktok.com/@hai_online/video/7473394493971074311"
"https://p16-common-sign-va.tiktokcdn-us.com/tos-maliva-avt-0068/8f388b9eb24d71a7693aca94b772299e~tplv-tiktokx-cropcenter:100:100.jpg?dr=9640&refresh_token=43d45870&x-expires=1746259200&x-signature=rzmSMycsn%2FCDiDp6bs1vDKe4K4E%3D&t=4d5b0474&ps=13740610&shp=30310797&shcp=ff37627b&idc=useast5","7475514664181859090","1740528925","2025-02-26T00:15:25.000Z","0","https://vt.tiktok.com/ZSh8FQbqo/","false",,"7473469284133733128",,"https://vt.tiktok.com/ZSh8FQbqo/","setel di toa masjid baru kelas bro...🤣","7400562506731504645","uwais.idolaku.ban","https://www.tiktok.com/@hai_online/video/7473394493971074311"
"https://p19-common-sign-sg.tiktokcdn-us.com/tos-alisg-avt-0068/21f2ba402426fa5fa0addae3280468ed~tplv-tiktokx-cropcenter:100:100.jpg?dr=9640&refresh_token=253a7b12&x-expires=1746259200&x-signature=g%2Fq3E7RQPZ1r63PsWQXX3XUs14I%3D&t=4d5b0474&ps=13740610&shp=30310797&shcp=ff37627b&idc=useast5","7474994245850759957","1740407731","2025-02-24T14:35:31.000Z","0","https://vt.tiktok.com/ZSh8FQbqo/","false",,"7473469284133733128",,"https://vt.tiktok.com/ZSh8FQbqo/","nyali selangit👍👍👍","7434584457812067344","klanalunu","https://www.tiktok.com/@hai_online/video/7473394493971074311"
"https://p16-common-sign-va.tiktokcdn-us.com/musically-maliva-obj/1594805258216454~tplv-tiktokx-cropcenter:100:100.jpg?dr=9640&refresh_token=41ed5355&x-expires=1746259200&x-signature=34h6xQTWnsvzST54sikZy2CM07o%3D&t=4d5b0474&ps=13740610&shp=30310797&shcp=ff37627b&idc=useast5","7474520988458353426","1740297544","2025-02-23T07:59:04.000Z","0","https://vt.tiktok.com/ZSh8FQbqo/","false",,"7473469284133733128",,"https://vt.tiktok.com/ZSh8FQbqo/","keren lo bang","6867422188757517314","baiusegara","https://www.tiktok.com/@hai_online/video/7473394493971074311"
"https://p16-common-sign-va.tiktokcdn-us.com/tos-maliva-avt-0068/81bf8c99f257ed65368ab4ac8b94f121~tplv-tiktokx-cropcenter:100:100.jpg?dr=9640&refresh_token=2f04d44c&x-expires=1746259200&x-signature=NkrYOHy4eqFSFwS7GmbB5v4ayYc%3D&t=4d5b0474&ps=13740610&shp=30310797&shcp=ff37627b&idc=useast5","7474480143583675144","1740288037","2025-02-23T05:20:37.000Z","0","https://vt.tiktok.com/ZSh8FQbqo/","false",,"7473469284133733128",,"https://vt.tiktok.com/ZSh8FQbqo/","mantap 😂😂😂","7064111536021586946","muhamadhusna21","https://www.tiktok.com/@hai_online/video/7473394493971074311"
"https://p16-common-sign-sg.tiktokcdn-us.com/tos-alisg-avt-0068/8a1b66eeae9845ceb70472805de35da9~tplv-tiktokx-cropcenter:100:100.jpg?dr=9640&refresh_token=6483d528&x-expires=1746259200&x-signature=5%2FGsBY8Uvng8HULIPZlL6fZhtgs%3D&t=4d5b0474&ps=13740610&shp=30310797&shcp=ff37627b&idc=useast5","7474195169651409684","1740221686","2025-02-22T10:54:46.000Z","0","https://vt.tiktok.com/ZSh8FQbqo/","false",,"7473469284133733128",,"https://vt.tiktok.com/ZSh8FQbqo/","bagus 👍","6746476902955140097","kumisberatjoen","https://www.tiktok.com/@hai_online/video/7473394493971074311"
"https://p16-common-sign-va.tiktokcdn-us.com/musically-maliva-obj/1594805258216454~tplv-tiktokx-cropcenter:100:100.jpg?dr=9640&refresh_token=41ed5355&x-expires=1746259200&x-signature=34h6xQTWnsvzST54sikZy2CM07o%3D&t=4d5b0474&ps=13740610&shp=30310797&shcp=ff37627b&idc=useast5","7474165040435741460","1740214677","2025-02-22T08:57:57.000Z","0","https://vt.tiktok.com/ZSh8FQbqo/","false",,"7473469284133733128",,"https://vt.tiktok.com/ZSh8FQbqo/","iya ya padahal cuma lagi doang , yg merasa tersinggung berarti merasa bersalah","7049647357202531330","ynt8501630","https://www.tiktok.com/@hai_online/video/7473394493971074311"
"https://p16-common-sign-va.tiktokcdn-us.com/tos-maliva-avt-0068/9f1071cfd4f866e3f3c7854f72a4ebe6~tplv-tiktokx-cropcenter:100:100.jpg?dr=9640&refresh_token=181e97da&x-expires=1746259200&x-signature=kUp6kIdNl2AEhKil5f1gSOWAvAw%3D&t=4d5b0474&ps=13740610&shp=30310797&shcp=ff37627b&idc=useast5","7474946943971427080","1740396722","2025-02-24T11:32:02.000Z","0","https://vt.tiktok.com/ZSh8FQbqo/","false",,"7473469284133733128",,"https://vt.tiktok.com/ZSh8FQbqo/","🤣🤣🤣","7074178053526619162","justriri.keyy","https://www.tiktok.com/@hai_online/video/7473394493971074311"
"https://p19-common-sign-useast2a.tiktokcdn-us.com/tos-useast2a-avt-0068-giso/88b9f59038fd141be69280f4a2ad88c0~tplv-tiktokx-cropcenter:100:100.jpg?dr=9640&refresh_token=46edb4e0&x-expires=1746259200&x-signature=OncELFAmMc2PXq0KouMKXd8PRaQ%3D&t=4d5b0474&ps=13740610&shp=30310797&shcp=ff37627b&idc=useast5","7473514487812752129","1740063198","2025-02-20T14:53:18.000Z","1","https://vt.tiktok.com/ZSh8FQbqo/","false",,"7473404560996893448",,"https://vt.tiktok.com/ZSh8FQbqo/","ya slama siap masuk penjara dlu gpp... krn merwka ga siap mangkanya pilih klarifikasi","6977681450669851650","arapsek","https://www.tiktok.com/@hai_online/video/7473394493971074311"
"https://p16-common-sign-sg.tiktokcdn-us.com/tos-alisg-avt-0068/7330570500970086402~tplv-tiktokx-cropcenter:100:100.jpg?dr=9640&refresh_token=6db6ef2a&x-expires=1746259200&x-signature=j%2FwwPr9JVfOf%2BmstiXzm7uvOC4U%3D&t=4d5b0474&ps=13740610&shp=30310797&shcp=ff37627b&idc=useast5","7473457028141548295","1740049823","2025-02-20T11:10:23.000Z","1","https://vt.tiktok.com/ZSh8FQbqo/","false",,"7473404560996893448",,"https://vt.tiktok.com/ZSh8FQbqo/","yoiii....kalo mau Rebel,ndak usah tanggung2.","6788415316222690305","tiktokaja5758","https://www.tiktok.com/@hai_online/video/7473394493971074311"
"https://p16-common-sign-sg.tiktokcdn-us.com/tos-alisg-avt-0068/59b8b0944ed1dd8d6d97212c3efaaa72~tplv-tiktokx-cropcenter:100:100.jpg?dr=9640&refresh_token=44456b6a&x-expires=1746259200&x-signature=hIvbV6oNi%2FV%2BuHzLfjrk3OMI5rM%3D&t=4d5b0474&ps=13740610&shp=30310797&shcp=ff37627b&idc=useast5","7474852426866443016","1740374721","2025-02-24T05:25:21.000Z","0","https://vt.tiktok.com/ZSh8FQbqo/","false",,"7473404560996893448",,"https://vt.tiktok.com/ZSh8FQbqo/","NAHHHHH doel sumbang juga,mreka cuma pelakon seni,herannnnn","6778870699693736962","vittadewi_vda","https://www.tiktok.com/@hai_online/video/7473394493971074311"
"https://p16-common-sign-sg.tiktokcdn-us.com/tos-alisg-avt-0068/e5ad91f601062538a49481e1e4e716ce~tplv-tiktokx-cropcenter:100:100.jpg?dr=9640&refresh_token=237c462d&x-expires=1746259200&x-signature=t%2FekPValsXqMa%2F2fNoWJ%2BncdrVQ%3D&t=4d5b0474&ps=13740610&shp=30310797&shcp=ff37627b&idc=useast5","7474415044399743745","1740272896","2025-02-23T01:08:16.000Z","0","https://vt.tiktok.com/ZSh8FQbqo/","false",,"7473404560996893448",,"https://vt.tiktok.com/ZSh8FQbqo/","lugu banget bang. ini berurusan dg polisi lho...","7328020103252476934","sumedi.mp","https://www.tiktok.com/@hai_online/video/7473394493971074311"
"https://p16-common-sign-va.tiktokcdn-us.com/tos-maliva-avt-0068/5c66812b1a8768d9ad32ad1e83b77b9f~tplv-tiktokx-cropcenter:100:100.jpg?dr=9640&refresh_token=f286a9b5&x-expires=1746259200&x-signature=gxVfXdc2pQIWWvKYAlSUV7wBUWE%3D&t=4d5b0474&ps=13740610&shp=30310797&shcp=ff37627b&idc=useast5","7473428951471686405","1740043337","2025-02-20T09:22:17.000Z","0","https://vt.tiktok.com/ZSh8FQbqo/","false",,"7473404560996893448",,"https://vt.tiktok.com/ZSh8FQbqo/","iya gak klarifikasi, tp langsung dijeblosin","6888700488225932290","yourcrushtt","https://www.tiktok.com/@hai_online/video/7473394493971074311"
"https://p16-common-sign-useast2a.tiktokcdn-us.com/tos-useast2a-avt-0068-giso/6c80f375dabb471c6ce4c6f0aa38299e~tplv-tiktokx-cropcenter:100:100.jpg?dr=9640&refresh_token=a036392c&x-expires=1746259200&x-signature=ZxjVbaspvbwqHYFk53P5LP5C2Qg%3D&t=4d5b0474&ps=13740610&shp=30310797&shcp=ff37627b&idc=useast5","7473548277154202375","1740071067","2025-02-20T17:04:27.000Z","0","https://vt.tiktok.com/ZSh8FQbqo/","false",,"7473404560996893448",,"https://vt.tiktok.com/ZSh8FQbqo/","sukatani kayaknya lebih milih klarifikasi dan copot topeng dari pada dipenjara.","6970501572749640705","bolu_pisang1","https://www.tiktok.com/@hai_online/video/7473394493971074311"
"https://p19-common-sign-va.tiktokcdn-us.com/tos-maliva-avt-0068/b115221af0caf4c2b938fcde8be4960a~tplv-tiktokx-cropcenter:100:100.jpg?dr=9640&refresh_token=907e1a31&x-expires=1746259200&x-signature=691%2F3WZVBJPs5GI7HW9TWCsfC%2FI%3D&t=4d5b0474&ps=13740610&shp=30310797&shcp=ff37627b&idc=useast5","7473452302473855751","1740048724","2025-02-20T10:52:04.000Z","0","https://vt.tiktok.com/ZSh8FQbqo/","false",,"7473404560996893448",,"https://vt.tiktok.com/ZSh8FQbqo/","iwan fals mental baja, gak bisa di bandingkan.","6930476409996690433","m4n_1986","https://www.tiktok.com/@hai_online/video/7473394493971074311"
"https://p19-common-sign-sg.tiktokcdn-us.com/tos-alisg-avt-0068/5cfff3df0e6599409582785d646a34d8~tplv-tiktokx-cropcenter:100:100.jpg?dr=9640&refresh_token=5862aa9e&x-expires=1746259200&x-signature=ExIfyjg3%2BQrMl4PuAHBWHnCI7dA%3D&t=4d5b0474&ps=13740610&shp=30310797&shcp=ff37627b&idc=useast5","7473449594090898177","1740048101","2025-02-20T10:41:41.000Z","0","https://vt.tiktok.com/ZSh8FQbqo/","false",,"7473404560996893448",,"https://vt.tiktok.com/ZSh8FQbqo/","Siapa dibelakang nya, kalo orang sipil biasa ya lembuuuut","7293887364131570694","kopitawar92","https://www.tiktok.com/@hai_online/video/7473394493971074311"
"https://p16-common-sign-sg.tiktokcdn-us.com/tos-alisg-avt-0068/b4e3a2dffee26e4276b1c2c76bbed53e~tplv-tiktokx-cropcenter:100:100.jpg?dr=9640&refresh_token=0b35d723&x-expires=1746259200&x-signature=hDmcstwzdzEz2CNv90MyInL39qk%3D&t=4d5b0474&ps=13740610&shp=30310797&shcp=ff37627b&idc=useast5","7473435753961292562","1740044875","2025-02-20T09:47:55.000Z","0","https://vt.tiktok.com/ZSh8FQbqo/","false",,"7473404560996893448",,"https://vt.tiktok.com/ZSh8FQbqo/","iwan fals kan langsung masuk penjara","6891354840216257538","marissasaraswati","https://www.tiktok.com/@hai_online/video/7473394493971074311"
"https://p16-common-sign-va.tiktokcdn-us.com/tos-maliva-avt-0068/ee44062671cf9eeb5d53bf6ebd78d024~tplv-tiktokx-cropcenter:100:100.jpg?dr=9640&refresh_token=0e7c6965&x-expires=1746259200&x-signature=wL7YirNqT4ybIln7ENLE2VpfP%2FI%3D&t=4d5b0474&ps=13740610&shp=30310797&shcp=ff37627b&idc=useast5","7473444023534977812","1740046803","2025-02-20T10:20:03.000Z","5","https://vt.tiktok.com/ZSh8FQbqo/","false","false",,"0","https://vt.tiktok.com/ZSh8FQbqo/","FUNGSI POLISI APAAN!!!","6805408149090599937","jisaputraaaa","https://www.tiktok.com/@hai_online/video/7473394493971074311"
"https://p16-common-sign-va.tiktokcdn-us.com/tos-maliva-avt-0068/de4b8dbd8f2e094a664542fe4982d273~tplv-tiktokx-cropcenter:100:100.jpg?dr=9640&refresh_token=336d2b91&x-expires=1746259200&x-signature=Bhr059pfkwg2CiJSx05ZzAeqC2o%3D&t=4d5b0474&ps=13740610&shp=30310797&shcp=ff37627b&idc=useast5","7473438768855761665","1740045572","2025-02-20T09:59:32.000Z","7","https://vt.tiktok.com/ZSh8FQbqo/","false","false",,"0","https://vt.tiktok.com/ZSh8FQbqo/","kami bersama sukatani","7111337272733172762","riyannisa44","https://www.tiktok.com/@hai_online/video/7473394493971074311"
"https://p16-common-sign-va.tiktokcdn-us.com/tos-maliva-avt-0068/4deb9d8297fa58c7cdd089418bf0ef3f~tplv-tiktokx-cropcenter:100:100.jpg?dr=9640&refresh_token=08a65d66&x-expires=1746259200&x-signature=E3IAnPtfE5QXEEvFYrCZsncG%2BUA%3D&t=4d5b0474&ps=13740610&shp=30310797&shcp=ff37627b&idc=useast5","7473418022050726674","1740040748","2025-02-20T08:39:08.000Z","61","https://vt.tiktok.com/ZSh8FQbqo/","false","false",,"5","https://vt.tiktok.com/ZSh8FQbqo/","lu berdua knp harus minta maaf","6970305392392127490","omduds12","https://www.tiktok.com/@hai_online/video/7473394493971074311"
"https://p16-common-sign-va.tiktokcdn-us.com/tos-maliva-avt-0068/231d367e1dedacb786d7ac902df316ea~tplv-tiktokx-cropcenter:100:100.jpg?dr=9640&refresh_token=b1d6520e&x-expires=1746259200&x-signature=oV6XkUemwEs%2Bp%2Ffm2acBIu%2FSbCc%3D&t=4d5b0474&ps=13740610&shp=30310797&shcp=ff37627b&idc=useast5","7473506426083525393","1740061328","2025-02-20T14:22:08.000Z","26","https://vt.tiktok.com/ZSh8FQbqo/","false","false",,"3","https://vt.tiktok.com/ZSh8FQbqo/","Lah knpa harus klarifikasi kn emang benerrr","6890262610760401922","zn.rahmnn","https://www.tiktok.com/@hai_online/video/7473394493971074311"
"https://p16-common-sign-va.tiktokcdn-us.com/tos-maliva-avt-0068/7287374405566234630~tplv-tiktokx-cropcenter:100:100.jpg?dr=9640&refresh_token=de9f6abe&x-expires=1746259200&x-signature=dcWamUBLiHRFDjhUT6IP%2B9QBPqM%3D&t=4d5b0474&ps=13740610&shp=30310797&shcp=ff37627b&idc=useast5","7473511730766922503","1740062561","2025-02-20T14:42:41.000Z","11","https://vt.tiktok.com/ZSh8FQbqo/","false","false",,"2","https://vt.tiktok.com/ZSh8FQbqo/","Yang bikin susah kita mengekspresikan kritikan kita kepada pemerintah UU ITE. Padahal lagunya itu kritikan harusnya lembaga yang dikritik ya berbenah 🤦","7097777345071383578","orange.asing10","https://www.tiktok.com/@hai_online/video/7473394493971074311"
"https://p16-common-sign-va.tiktokcdn-us.com/tos-maliva-avt-0068/78d2d14fbc9c4f15af7086190b72a930~tplv-tiktokx-cropcenter:100:100.jpg?dr=9640&refresh_token=c31056f5&x-expires=1746259200&x-signature=qnUZyIHZj3buL5lKpZc2QgeZBgQ%3D&t=4d5b0474&ps=13740610&shp=30310797&shcp=ff37627b&idc=useast5","7473396959724012295","1740035849","2025-02-20T07:17:29.000Z","15","https://vt.tiktok.com/ZSh8FQbqo/","false","false",,"0","https://vt.tiktok.com/ZSh8FQbqo/","Kalian gak salah","6924698749575463937","6addayss","https://www.tiktok.com/@hai_online/video/7473394493971074311"
"https://p16-common-sign-sg.tiktokcdn-us.com/tos-alisg-avt-0068/9673ad99d6c3647aff474366715f6cbe~tplv-tiktokx-cropcenter:100:100.jpg?dr=9640&refresh_token=ec3e54d4&x-expires=1746259200&x-signature=j0VczqIWhV8aqq%2BhhCMzZUvM2vo%3D&t=4d5b0474&ps=13740610&shp=30310797&shcp=ff37627b&idc=useast5","7473396754948965138","1740035796","2025-02-20T07:16:36.000Z","18","https://vt.tiktok.com/ZSh8FQbqo/","false","false",,"0","https://vt.tiktok.com/ZSh8FQbqo/","kami bersama sukatani","7040704624689120258","penyumaduraa","https://www.tiktok.com/@hai_online/video/7473394493971074311"
"https://p16-common-sign-va.tiktokcdn-us.com/tos-maliva-avt-0068/abe2a36264452d60c96711f448e9b1a0~tplv-tiktokx-cropcenter:100:100.jpg?dr=9640&refresh_token=dc14ee07&x-expires=1746259200&x-signature=74JFjOqqTQD4MeON8m%2FDp7hpsOQ%3D&t=4d5b0474&ps=13740610&shp=30310797&shcp=ff37627b&idc=useast5","7473719460676043540","1740110929","2025-02-21T04:08:49.000Z","12","https://vt.tiktok.com/ZSh8FQbqo/","false","false",,"0","https://vt.tiktok.com/ZSh8FQbqo/","ok..mari kita gaungkan lagunya..ladusing harus paham bahwa lagu bayar bayar bayar emang kenyataan","6792037317709284353","kukuk4ki","https://www.tiktok.com/@hai_online/video/7473394493971074311"
"https://p16-common-sign-va.tiktokcdn-us.com/tos-maliva-avt-0068/8a36bfdd8a95e93a4262a0f01f1b2132~tplv-tiktokx-cropcenter:100:100.jpg?dr=9640&refresh_token=85f004a0&x-expires=1746259200&x-signature=i7KkAyPHAqmzPeqr0gmzV6pDPB8%3D&t=4d5b0474&ps=13740610&shp=30310797&shcp=ff37627b&idc=useast5","7473450872057676551","1740048395","2025-02-20T10:46:35.000Z","17","https://vt.tiktok.com/ZSh8FQbqo/","false","false",,"3","https://vt.tiktok.com/ZSh8FQbqo/","salahnya dimana ya koq minta maaf ??? apakah menurut rakyat itu salah ???","6924692935917569025","massatewongndeso","https://www.tiktok.com/@hai_online/video/7473394493971074311"
"https://p16-common-sign-sg.tiktokcdn-us.com/tos-alisg-avt-0068/e3ee027efd751b509d6f93b76b6c8210~tplv-tiktokx-cropcenter:100:100.jpg?dr=9640&refresh_token=cab42a5f&x-expires=1746259200&x-signature=hSnlfbef9qkk65Z2%2BasVerPQm4Q%3D&t=4d5b0474&ps=13740610&shp=30310797&shcp=ff37627b&idc=useast5","7473458154651960080","1740050083","2025-02-20T11:14:43.000Z","6","https://vt.tiktok.com/ZSh8FQbqo/","false","false",,"0","https://vt.tiktok.com/ZSh8FQbqo/","sukatani mewakili rakyat","6908518828138939394","tebokjalat_","https://www.tiktok.com/@hai_online/video/7473394493971074311"
"https://p16-common-sign-va.tiktokcdn-us.com/tos-maliva-avt-0068/bc80203a01ed82cdee70b8f5b4345b62~tplv-tiktokx-cropcenter:100:100.jpg?dr=9640&refresh_token=f5f240fa&x-expires=1746259200&x-signature=7YEeXXySQ%2FvX3Q1OLFd9vSRlc%2FM%3D&t=4d5b0474&ps=13740610&shp=30310797&shcp=ff37627b&idc=useast5","7473445201571644165","1740047093","2025-02-20T10:24:53.000Z","5","https://vt.tiktok.com/ZSh8FQbqo/","false","false",,"0","https://vt.tiktok.com/ZSh8FQbqo/","Sukatani keren padahal band bagus lagunya keren","6590395392792363009","denmassopran","https://www.tiktok.com/@hai_online/video/7473394493971074311"
"https://p16-common-sign-sg.tiktokcdn-us.com/tos-alisg-avt-0068/f161e3c3f93571871e35e9599d572ecb~tplv-tiktokx-cropcenter:100:100.jpg?dr=9640&refresh_token=9d5110d6&x-expires=1746259200&x-signature=X2zScsVqFsACC7uCP6kF5diO9lc%3D&t=4d5b0474&ps=13740610&shp=30310797&shcp=ff37627b&idc=useast5","7473478444544115473","1740054810","2025-02-20T12:33:30.000Z","95","https://vt.tiktok.com/ZSh8FQbqo/","false","false",,"1","https://vt.tiktok.com/ZSh8FQbqo/","ayo viralkan lagu bayar bayar 💪💪","6892140876362007554","martosudarmo","https://www.tiktok.com/@hai_online/video/7473394493971074311"
"https://p16-common-sign-useast2a.tiktokcdn-us.com/tos-useast2a-avt-0068-giso/b903a78d0db341d6ddf5f2d2ef01d719~tplv-tiktokx-cropcenter:100:100.jpg?dr=9640&refresh_token=b7f90ed5&x-expires=1746259200&x-signature=73SXSMLGUNMH580eLXTbISbkvHQ%3D&t=4d5b0474&ps=13740610&shp=30310797&shcp=ff37627b&idc=useast5","7473481316068770568","1740055481","2025-02-20T12:44:41.000Z","11","https://vt.tiktok.com/ZSh8FQbqo/","false","false",,"3","https://vt.tiktok.com/ZSh8FQbqo/","yaaahhh pdhl lagunya udh beneerrrrr","6843670226803950593","ummubaihaqi","https://www.tiktok.com/@hai_online/video/7473394493971074311"
"https://p19-common-sign-va.tiktokcdn-us.com/tos-maliva-avt-0068/735850f1d86ce4923f35464b3e0639e7~tplv-tiktokx-cropcenter:100:100.jpg?dr=9640&refresh_token=288bc586&x-expires=1746259200&x-signature=tTKz%2B2JEMv81Y8vtg0Qdk7GvuTU%3D&t=4d5b0474&ps=13740610&shp=30310797&shcp=ff37627b&idc=useast5","7473501218997158664","1740060109","2025-02-20T14:01:49.000Z","8","https://vt.tiktok.com/ZSh8FQbqo/","false","false",,"2","https://vt.tiktok.com/ZSh8FQbqo/","ini soal fakta kan? kok malah klarifikasi? 😂","7109133985191871515","idrjanuar","https://www.tiktok.com/@hai_online/video/7473394493971074311"
"https://p16-common-sign-sg.tiktokcdn-us.com/tos-alisg-avt-0068/9bde6fd22a79c5ed6405fda8771fede9~tplv-tiktokx-cropcenter:100:100.jpg?dr=9640&refresh_token=4823993e&x-expires=1746259200&x-signature=iNg6dssZqQ94uUIm%2FF6lXOOcerY%3D&t=4d5b0474&ps=13740610&shp=30310797&shcp=ff37627b&idc=useast5","7474279140776444680","1740241237","2025-02-22T16:20:37.000Z","6","https://vt.tiktok.com/ZSh8FQbqo/","false","false",,"2","https://vt.tiktok.com/ZSh8FQbqo/","polisi takut lagu","6963961746584437762","the_clown333","https://www.tiktok.com/@hai_online/video/7473394493971074311"
"https://p19-common-sign-va.tiktokcdn-us.com/tos-maliva-avt-0068/c6439bc035caaf80d562e5a30b6d3238~tplv-tiktokx-cropcenter:100:100.jpg?dr=9640&refresh_token=6895143e&x-expires=1746259200&x-signature=d3YTVoTD6uaNtL9Bb94vGvwQzBw%3D&t=4d5b0474&ps=13740610&shp=30310797&shcp=ff37627b&idc=useast5","7473692856809669382","1740104750","2025-02-21T02:25:50.000Z","52","https://vt.tiktok.com/ZSh8FQbqo/","false","false",,"0","https://vt.tiktok.com/ZSh8FQbqo/","Lagu Bayar Bayar Bayar, lanjutkaaan","6973585752996561921","nissa2710said","https://www.tiktok.com/@hai_online/video/7473394493971074311"
"https://p16-common-sign-useast2a.tiktokcdn-us.com/tos-useast2a-avt-0068-giso/825379f80a0260998385ac5e258ac763~tplv-tiktokx-cropcenter:100:100.jpg?dr=9640&refresh_token=ed3f6dc4&x-expires=1746259200&x-signature=bNEFYH6XCvwSRilf1fFrf0aJUCk%3D&t=4d5b0474&ps=13740610&shp=30310797&shcp=ff37627b&idc=useast5","7473477005893272338","1740054481","2025-02-20T12:28:01.000Z","33","https://vt.tiktok.com/ZSh8FQbqo/","false","false",,"0","https://vt.tiktok.com/ZSh8FQbqo/","aku suka Lagunya bayar bayar bayar,","7121574670688011291","annisnanang","https://www.tiktok.com/@hai_online/video/7473394493971074311"
"https://p16-common-sign-sg.tiktokcdn-us.com/tos-alisg-avt-0068/02c9e5de6d92dbdb75be7295a96dfd33~tplv-tiktokx-cropcenter:100:100.jpg?dr=9640&refresh_token=30d44cd7&x-expires=1746259200&x-signature=JGcDsy2m88%2BuF3O8qJXAl1Kn42M%3D&t=4d5b0474&ps=13740610&shp=30310797&shcp=ff37627b&idc=useast5","7474228206611825426","1740229374","2025-02-22T13:02:54.000Z","13","https://vt.tiktok.com/ZSh8FQbqo/","false","false",,"0","https://vt.tiktok.com/ZSh8FQbqo/","coba kalo pas bikin lagunya BAYAR POLISI.
kayanya lancar jaya,,","7202051074164835329","ryugalery219","https://www.tiktok.com/@hai_online/video/7473394493971074311"
"https://p16-common-sign-sg.tiktokcdn-us.com/tos-alisg-avt-0068/085a4e3d9a37855fb1c4b7fb8efd2ba5~tplv-tiktokx-cropcenter:100:100.jpg?dr=9640&refresh_token=6b8733fc&x-expires=1746259200&x-signature=kNLyBhLpTpatG78o6XyW%2BsBFbVk%3D&t=4d5b0474&ps=13740610&shp=30310797&shcp=ff37627b&idc=useast5","7473433650673140498","1740044384","2025-02-20T09:39:44.000Z","7","https://vt.tiktok.com/ZSh8FQbqo/","false","false",,"0","https://vt.tiktok.com/ZSh8FQbqo/","Nyanyian pengusir HAMA. Forever Sukatani!","7439057380257711159","ordinary2213","https://www.tiktok.com/@hai_online/video/7473394493971074311"
"https://p19-common-sign-sg.tiktokcdn-us.com/tos-alisg-avt-0068/a9d3f11b94335908f1574b5e37687779~tplv-tiktokx-cropcenter:100:100.jpg?dr=9640&refresh_token=c20c287b&x-expires=1746259200&x-signature=kRt0I0uuSfeEpZjNUYF3JB6YjhI%3D&t=4d5b0474&ps=13740610&shp=30310797&shcp=ff37627b&idc=useast5","7473397266473157394","1740035908","2025-02-20T07:18:28.000Z","9","https://vt.tiktok.com/ZSh8FQbqo/","false","false",,"0","https://vt.tiktok.com/ZSh8FQbqo/","pasti belakang kameranya ada yg pake seragam Pramuka buat suruh klarifikasi","6915822900990968833","mriziqs26","https://www.tiktok.com/@hai_online/video/7473394493971074311"
"https://p16-common-sign-sg.tiktokcdn-us.com/tos-alisg-avt-0068/cfb8cd1a24f395f0014f209e5c2fa139~tplv-tiktokx-cropcenter:100:100.jpg?dr=9640&refresh_token=57a27180&x-expires=1746259200&x-signature=ZdBxPJnUgRppDUTfns%2BkyjKnycU%3D&t=4d5b0474&ps=13740610&shp=30310797&shcp=ff37627b&idc=useast5","7473792120207475474","1740127851","2025-02-21T08:50:51.000Z","20","https://vt.tiktok.com/ZSh8FQbqo/","false","false",,"0","https://vt.tiktok.com/ZSh8FQbqo/","kami dukung band SUKATANI","6648489863275675650","bangbolang13225","https://www.tiktok.com/@hai_online/video/7473394493971074311"
"https://p16-common-sign-va.tiktokcdn-us.com/tos-maliva-avt-0068/44139a644f28e1f51958c78acbc4c661~tplv-tiktokx-cropcenter:100:100.jpg?dr=9640&refresh_token=15bc207a&x-expires=1746259200&x-signature=c4CwQjZnlsi7k%2BHsxoeBZ1KUm2c%3D&t=4d5b0474&ps=13740610&shp=30310797&shcp=ff37627b&idc=useast5","7474244546534064914","1740233181","2025-02-22T14:06:21.000Z","7","https://vt.tiktok.com/ZSh8FQbqo/","false","false",,"5","https://vt.tiktok.com/ZSh8FQbqo/","kan fakta , kenapa harus minta maaf kak","7050496883898385409","wildan_rajin_menabung","https://www.tiktok.com/@hai_online/video/7473394493971074311"
"https://p16-common-sign-va.tiktokcdn-us.com/tos-maliva-avt-0068/979fca5de8ce183c7d3efd1df00db688~tplv-tiktokx-cropcenter:100:100.jpg?dr=9640&refresh_token=95a6b47a&x-expires=1746259200&x-signature=YXubT5TggdhutPKdKhEWsB1ndVs%3D&t=4d5b0474&ps=13740610&shp=30310797&shcp=ff37627b&idc=useast5","7473455018097918725","1740049390","2025-02-20T11:03:10.000Z","6","https://vt.tiktok.com/ZSh8FQbqo/","false","false",,"1","https://vt.tiktok.com/ZSh8FQbqo/","Apakah klarifikasi ke polisi bayar juga? 🤔🤔🤔","6963153323508679682","ciki_koyo","https://www.tiktok.com/@hai_online/video/7473394493971074311"
"https://p16-common-sign-va.tiktokcdn-us.com/tos-maliva-avt-0068/bc24a2870786d49381f07b20aeadeb62~tplv-tiktokx-cropcenter:100:100.jpg?dr=9640&refresh_token=520d1fcf&x-expires=1746259200&x-signature=SR2Zpu39HwOokTy1kq%2B2FUH8k8g%3D&t=4d5b0474&ps=13740610&shp=30310797&shcp=ff37627b&idc=useast5","7474864220870329096","1740377459","2025-02-24T06:10:59.000Z","0","https://vt.tiktok.com/ZSh8FQbqo/","false",,"7473418022050726674",,"https://vt.tiktok.com/ZSh8FQbqo/","Mereka ketakutan bree + menyesali","6998856726177612827","munazirr__47","https://www.tiktok.com/@hai_online/video/7473394493971074311"
"https://p16-common-sign-va.tiktokcdn-us.com/tos-maliva-avt-0068/e4beb1109b5f9d069767d3726410cd6f~tplv-tiktokx-cropcenter:100:100.jpg?dr=9640&refresh_token=68f3d635&x-expires=1746259200&x-signature=lC9tLY8BcZ4QVtwrRZVyOeNn5mE%3D&t=4d5b0474&ps=13740610&shp=30310797&shcp=ff37627b&idc=useast5","7474025014175286021","1740182087","2025-02-21T23:54:47.000Z","0","https://vt.tiktok.com/ZSh8FQbqo/","false",,"7473418022050726674",,"https://vt.tiktok.com/ZSh8FQbqo/","cukup bayar polisi aja gak usah minta maaf","7427492792651777030","baazmil01","https://www.tiktok.com/@hai_online/video/7473394493971074311"
"https://p19-common-sign-va.tiktokcdn-us.com/tos-maliva-avt-0068/259c534737bd04340164bf6e873b2414~tplv-tiktokx-cropcenter:100:100.jpg?dr=9640&refresh_token=c6bf054d&x-expires=1746259200&x-signature=JxZnF4mwblDTu3CPg8H4wpenl%2BM%3D&t=4d5b0474&ps=13740610&shp=30310797&shcp=ff37627b&idc=useast5","7475341281154515719","1740488532","2025-02-25T13:02:12.000Z","0","https://vt.tiktok.com/ZSh8FQbqo/","false",,"7473418022050726674",,"https://vt.tiktok.com/ZSh8FQbqo/","harusnya😁","6994208813591053313","mourinbria","https://www.tiktok.com/@hai_online/video/7473394493971074311"
"https://p16-common-sign-sg.tiktokcdn-us.com/tos-alisg-avt-0068/b4e3a2dffee26e4276b1c2c76bbed53e~tplv-tiktokx-cropcenter:100:100.jpg?dr=9640&refresh_token=0b35d723&x-expires=1746259200&x-signature=hDmcstwzdzEz2CNv90MyInL39qk%3D&t=4d5b0474&ps=13740610&shp=30310797&shcp=ff37627b&idc=useast5","7473436377738609415","1740045021","2025-02-20T09:50:21.000Z","5","https://vt.tiktok.com/ZSh8FQbqo/","false",,"7473418022050726674",,"https://vt.tiktok.com/ZSh8FQbqo/","mereka sampe buka topeng gitu udah pasti diancem","6891354840216257538","marissasaraswati","https://www.tiktok.com/@hai_online/video/7473394493971074311"
"https://p16-common-sign-sg.tiktokcdn-us.com/tos-alisg-avt-0068/2437ad092fafc2d9c2eb09f791b6898f~tplv-tiktokx-cropcenter:100:100.jpg?dr=9640&refresh_token=5913d6c7&x-expires=1746259200&x-signature=TbupvrOmdtJZzv8zuINkZNfV%2Bxk%3D&t=4d5b0474&ps=13740610&shp=30310797&shcp=ff37627b&idc=useast5","7475607004858958609","1740550412","2025-02-26T06:13:32.000Z","0","https://vt.tiktok.com/ZSh8FQbqo/","false",,"7473418022050726674",,"https://vt.tiktok.com/ZSh8FQbqo/","di todong pistol itu di balik camera makanya takut","6955739432697103361","rehan_ndak","https://www.tiktok.com/@hai_online/video/7473394493971074311"
"https://p16-common-sign-va.tiktokcdn-us.com/tos-maliva-avt-0068/b5b50dad64df0954a10828d35daa493a~tplv-tiktokx-cropcenter:100:100.jpg?dr=9640&refresh_token=b7e38566&x-expires=1746259200&x-signature=AWuhhCk2W4wqEsiBQirErK8eU%2BQ%3D&t=4d5b0474&ps=13740610&shp=30310797&shcp=ff37627b&idc=useast5","7475730280420279058","1740579107","2025-02-26T14:11:47.000Z","0","https://vt.tiktok.com/ZSh8FQbqo/","false",,"7473450872057676551",,"https://vt.tiktok.com/ZSh8FQbqo/","menurut polisi yang salah🤣🤣","7022883578565887003","putramancing79","https://www.tiktok.com/@hai_online/video/7473394493971074311"
"https://p19-common-sign-useast2a.tiktokcdn-us.com/tos-useast2a-avt-0068-giso/96389f3c5844ad5c2e38b78305427881~tplv-tiktokx-cropcenter:100:100.jpg?dr=9640&refresh_token=d889c4d7&x-expires=1746259200&x-signature=DIYWUjbu1HmPMSP1CKGbBqUehok%3D&t=4d5b0474&ps=13740610&shp=30310797&shcp=ff37627b&idc=useast5","7474234815601410834","1740230917","2025-02-22T13:28:37.000Z","0","https://vt.tiktok.com/ZSh8FQbqo/","false",,"7473450872057676551",,"https://vt.tiktok.com/ZSh8FQbqo/","jelas salah lah, salahnya mereka bikin lagu gk bayar polisi🤣","6992340527321629697","oby_bond","https://www.tiktok.com/@hai_online/video/7473394493971074311"
"https://p19-common-sign-va.tiktokcdn-us.com/tos-maliva-avt-0068/8b87f7577c1a564293a27d0a5a725717~tplv-tiktokx-cropcenter:100:100.jpg?dr=9640&refresh_token=8c581b14&x-expires=1746259200&x-signature=GeP4%2BkSGlZvzsOqZgn2HmawY7iw%3D&t=4d5b0474&ps=13740610&shp=30310797&shcp=ff37627b&idc=useast5","7473451128229085959","1740048454","2025-02-20T10:47:34.000Z","0","https://vt.tiktok.com/ZSh8FQbqo/","false",,"7473450872057676551",,"https://vt.tiktok.com/ZSh8FQbqo/","ya nggak salah lah, yang salah mah BAYAR POLISI 🔥🔥🔥🔥","7199430486526837762","gilaan28","https://www.tiktok.com/@hai_online/video/7473394493971074311"
"https://p16-common-sign-va.tiktokcdn-us.com/tos-maliva-avt-0068/3be21eca4ba6556a12f259f15d3e5d6c~tplv-tiktokx-cropcenter:100:100.jpg?dr=9640&refresh_token=7a3b6c06&x-expires=1746259200&x-signature=tztaMOr98PshTKhqyTG765h%2F%2B1A%3D&t=4d5b0474&ps=13740610&shp=30310797&shcp=ff37627b&idc=useast5","7473506579972113160","1740061359","2025-02-20T14:22:39.000Z","1","https://vt.tiktok.com/ZSh8FQbqo/","false",,"7473506426083525393",,"https://vt.tiktok.com/ZSh8FQbqo/","klarifikasi karena intimidasi","6848122347883906049","7212kwow","https://www.tiktok.com/@hai_online/video/7473394493971074311"
"https://p16-common-sign-va.tiktokcdn-us.com/tos-maliva-avt-0068/231d367e1dedacb786d7ac902df316ea~tplv-tiktokx-cropcenter:100:100.jpg?dr=9640&refresh_token=b1d6520e&x-expires=1746259200&x-signature=oV6XkUemwEs%2Bp%2Ffm2acBIu%2FSbCc%3D&t=4d5b0474&ps=13740610&shp=30310797&shcp=ff37627b&idc=useast5","7473506798076134164","1740061409","2025-02-20T14:23:29.000Z","1","https://vt.tiktok.com/ZSh8FQbqo/","false",,"7473506426083525393",,"https://vt.tiktok.com/ZSh8FQbqo/","Tapi kn fakta apa apa harus bayar klo k polisi😅🤭","6890262610760401922","zn.rahmnn","https://www.tiktok.com/@hai_online/video/7473394493971074311"
"https://p16-common-sign-va.tiktokcdn-us.com/tos-maliva-avt-0068/3be21eca4ba6556a12f259f15d3e5d6c~tplv-tiktokx-cropcenter:100:100.jpg?dr=9640&refresh_token=7a3b6c06&x-expires=1746259200&x-signature=tztaMOr98PshTKhqyTG765h%2F%2B1A%3D&t=4d5b0474&ps=13740610&shp=30310797&shcp=ff37627b&idc=useast5","7473507402563142408","1740061549","2025-02-20T14:25:49.000Z","2","https://vt.tiktok.com/ZSh8FQbqo/","false",,"7473506426083525393",,"https://vt.tiktok.com/ZSh8FQbqo/","yaa begitulah mereka, penuh oknum
mereka malu sama lagu itu tp gk mau memperbaiki diri, udah dari akarnya rusak 😂","6848122347883906049","7212kwow","https://www.tiktok.com/@hai_online/video/7473394493971074311"
"https://p19-common-sign-sg.tiktokcdn-us.com/tos-alisg-avt-0068/180d2db83d3270c3df54d2938263a5e8~tplv-tiktokx-cropcenter:100:100.jpg?dr=9640&refresh_token=659df7d9&x-expires=1746259200&x-signature=ANT6SF5rvoLVGQnzQIiu%2FEKZvLk%3D&t=4d5b0474&ps=13740610&shp=30310797&shcp=ff37627b&idc=useast5","7473669621205353234","1740099353","2025-02-21T00:55:53.000Z","0","https://vt.tiktok.com/ZSh8FQbqo/","false",,"7473511730766922503",,"https://vt.tiktok.com/ZSh8FQbqo/","betul itu bang jangan bungkam suara kami kami bersuara dgn cara yg berbeda2 jika nanti yg dikritik sydah berbenah otomatis suara inj gk akan ngaruh ditelinga kok","7168091656896758811","fadillaart","https://www.tiktok.com/@hai_online/video/7473394493971074311"
"https://p16-common-sign-va.tiktokcdn-us.com/tos-maliva-avt-0068/7287374405566234630~tplv-tiktokx-cropcenter:100:100.jpg?dr=9640&refresh_token=de9f6abe&x-expires=1746259200&x-signature=dcWamUBLiHRFDjhUT6IP%2B9QBPqM%3D&t=4d5b0474&ps=13740610&shp=30310797&shcp=ff37627b&idc=useast5","7473511944139260679","1740062610","2025-02-20T14:43:30.000Z","0","https://vt.tiktok.com/ZSh8FQbqo/","false",,"7473511730766922503",,"https://vt.tiktok.com/ZSh8FQbqo/","Pake aja sound bayar"". sebagai bentuk protes kita terhadap pemerintah dan dukungan kepada kawan seperjuangan","7097777345071383578","orange.asing10","https://www.tiktok.com/@hai_online/video/7473394493971074311"
"https://p16-common-sign-useast2a.tiktokcdn-us.com/tos-useast2a-avt-0068-giso/1e7dceaba321d456996a6e8503a87100~tplv-tiktokx-cropcenter:100:100.jpg?dr=9640&refresh_token=fd366766&x-expires=1746259200&x-signature=C%2BOAn4trmEolwGI11p2fxsi5VgU%3D&t=4d5b0474&ps=13740610&shp=30310797&shcp=ff37627b&idc=useast5","7473649123548545800","1740094574","2025-02-20T23:36:14.000Z","0","https://vt.tiktok.com/ZSh8FQbqo/","false",,"7473478444544115473",,"https://vt.tiktok.com/ZSh8FQbqo/","s7","6925207195471152130","ezzaldanshop","https://www.tiktok.com/@hai_online/video/7473394493971074311"
"https://p16-common-sign-va.tiktokcdn-us.com/tos-maliva-avt-0068/76c30ea6cf5168b6c51aa9ac77b31e6a~tplv-tiktokx-cropcenter:100:100.jpg?dr=9640&refresh_token=eab67866&x-expires=1746259200&x-signature=huZtDonrJhVz4RIaV8GcgLLtV88%3D&t=4d5b0474&ps=13740610&shp=30310797&shcp=ff37627b&idc=useast5","7473483080411317000","1740055891","2025-02-20T12:51:31.000Z","0","https://vt.tiktok.com/ZSh8FQbqo/","false",,"7473481316068770568",,"https://vt.tiktok.com/ZSh8FQbqo/","yakin bang nggk usah klarifikasi abang udah benar","6892213141904917505","ajipras56","https://www.tiktok.com/@hai_online/video/7473394493971074311"
"https://p19-common-sign-sg.tiktokcdn-us.com/tos-alisg-avt-0068/a90bb8ad055666fe3f2a5cc45b9f8fe3~tplv-tiktokx-cropcenter:100:100.jpg?dr=9640&refresh_token=876ecb41&x-expires=1746259200&x-signature=ePQrW74yTuHeT5d5qz1KwlMrSk4%3D&t=4d5b0474&ps=13740610&shp=30310797&shcp=ff37627b&idc=useast5","7473481946090210066","1740055618","2025-02-20T12:46:58.000Z","0","https://vt.tiktok.com/ZSh8FQbqo/","false",,"7473481316068770568",,"https://vt.tiktok.com/ZSh8FQbqo/","polisinya gak terima🗿","7072627999649203201","didinantoni","https://www.tiktok.com/@hai_online/video/7473394493971074311"
"https://p16-common-sign-sg.tiktokcdn-us.com/tos-alisg-avt-0068/f7f0255906d1d249c8be82e4ccf02b22~tplv-tiktokx-cropcenter:100:100.jpg?dr=9640&refresh_token=2a0011a9&x-expires=1746259200&x-signature=VlTzP3iivpen7lTdxkk954e3QMQ%3D&t=4d5b0474&ps=13740610&shp=30310797&shcp=ff37627b&idc=useast5","7473494687257658129","1740058590","2025-02-20T13:36:30.000Z","0","https://vt.tiktok.com/ZSh8FQbqo/","false",,"7473481316068770568",,"https://vt.tiktok.com/ZSh8FQbqo/","oknumya yg ga bener wkwkw","6904068334339048450","dapaaiueo","https://www.tiktok.com/@hai_online/video/7473394493971074311"
"https://p16-common-sign-sg.tiktokcdn-us.com/tos-alisg-avt-0068/8d021a6234eb3b815adc4919a059f35d~tplv-tiktokx-cropcenter:100:100.jpg?dr=9640&refresh_token=8cee0d56&x-expires=1746259200&x-signature=%2Bt7jXmp21LcC9MgPZItir1pkr5I%3D&t=4d5b0474&ps=13740610&shp=30310797&shcp=ff37627b&idc=useast5","7474334097411916552","1740254054","2025-02-22T19:54:14.000Z","1","https://vt.tiktok.com/ZSh8FQbqo/","false",,"7474279140776444680",,"https://vt.tiktok.com/ZSh8FQbqo/","seperti kata Deidara, seni adalah ledakan 😏","6938703191161127937","antigadunpeternak","https://www.tiktok.com/@hai_online/video/7473394493971074311"
"https://p16-common-sign-sg.tiktokcdn-us.com/tos-alisg-avt-0068/9bde6fd22a79c5ed6405fda8771fede9~tplv-tiktokx-cropcenter:100:100.jpg?dr=9640&refresh_token=4823993e&x-expires=1746259200&x-signature=iNg6dssZqQ94uUIm%2FF6lXOOcerY%3D&t=4d5b0474&ps=13740610&shp=30310797&shcp=ff37627b&idc=useast5","7474627573096923911","1740322359","2025-02-23T14:52:39.000Z","1","https://vt.tiktok.com/ZSh8FQbqo/","false",,"7474279140776444680",,"https://vt.tiktok.com/ZSh8FQbqo/","😂😂","6963961746584437762","the_clown333","https://www.tiktok.com/@hai_online/video/7473394493971074311"
"https://p16-common-sign-useast2a.tiktokcdn-us.com/tos-useast2a-avt-0068-giso/7215773512978399258~tplv-tiktokx-cropcenter:100:100.jpg?dr=9640&refresh_token=0160d5e3&x-expires=1746259200&x-signature=Jnu5kyY0zCHyERZpXJ9G7Td4Eks%3D&t=4d5b0474&ps=13740610&shp=30310797&shcp=ff37627b&idc=useast5","7474245705843426066","1740233451","2025-02-22T14:10:51.000Z","1","https://vt.tiktok.com/ZSh8FQbqo/","false",,"7474244546534064914",,"https://vt.tiktok.com/ZSh8FQbqo/","iya bener","7029189977096242178","hannanwidyonoputr","https://www.tiktok.com/@hai_online/video/7473394493971074311"
"https://p16-common-sign-va.tiktokcdn-us.com/tos-maliva-avt-0068/44139a644f28e1f51958c78acbc4c661~tplv-tiktokx-cropcenter:100:100.jpg?dr=9640&refresh_token=15bc207a&x-expires=1746259200&x-signature=c4CwQjZnlsi7k%2BHsxoeBZ1KUm2c%3D&t=4d5b0474&ps=13740610&shp=30310797&shcp=ff37627b&idc=useast5","7474249729816544007","1740234389","2025-02-22T14:26:29.000Z","2","https://vt.tiktok.com/ZSh8FQbqo/","false",,"7474244546534064914",,"https://vt.tiktok.com/ZSh8FQbqo/","yakan bang","7050496883898385409","wildan_rajin_menabung","https://www.tiktok.com/@hai_online/video/7473394493971074311"
"https://p16-common-sign-useast2a.tiktokcdn-us.com/tos-useast2a-avt-0068-giso/7215773512978399258~tplv-tiktokx-cropcenter:100:100.jpg?dr=9640&refresh_token=0160d5e3&x-expires=1746259200&x-signature=Jnu5kyY0zCHyERZpXJ9G7Td4Eks%3D&t=4d5b0474&ps=13740610&shp=30310797&shcp=ff37627b&idc=useast5","7474262822504104711","1740237436","2025-02-22T15:17:16.000Z","1","https://vt.tiktok.com/ZSh8FQbqo/","false",,"7474244546534064914",,"https://vt.tiktok.com/ZSh8FQbqo/","iya ni saya orang semarang kejadian bulan Desember 2024 polisi tembak siswa SMK diduga tawuran sampai tewas ternyata siswanya tidak tawuran saya tega liat polisi nakal","7029189977096242178","hannanwidyonoputr","https://www.tiktok.com/@hai_online/video/7473394493971074311"
"https://p16-common-sign-va.tiktokcdn-us.com/tos-maliva-avt-0068/15ed92343a26bf91b665c8bf38278467~tplv-tiktokx-cropcenter:100:100.jpg?dr=9640&refresh_token=5f46c232&x-expires=1746259200&x-signature=M5Zl8k2b5O9SP8GC3NcVlpF0tgk%3D&t=4d5b0474&ps=13740610&shp=30310797&shcp=ff37627b&idc=useast5","7474281663946851080","1740241821","2025-02-22T16:30:21.000Z","0","https://vt.tiktok.com/ZSh8FQbqo/","false",,"7474244546534064914",,"https://vt.tiktok.com/ZSh8FQbqo/","seharus ny yg klarifikasi polisi ya","6907220039931331586","begitu1910","https://www.tiktok.com/@hai_online/video/7473394493971074311"
"https://p16-common-sign-va.tiktokcdn-us.com/tos-maliva-avt-0068/44139a644f28e1f51958c78acbc4c661~tplv-tiktokx-cropcenter:100:100.jpg?dr=9640&refresh_token=15bc207a&x-expires=1746259200&x-signature=c4CwQjZnlsi7k%2BHsxoeBZ1KUm2c%3D&t=4d5b0474&ps=13740610&shp=30310797&shcp=ff37627b&idc=useast5","7474301316417110802","1740246398","2025-02-22T17:46:38.000Z","0","https://vt.tiktok.com/ZSh8FQbqo/","false",,"7474244546534064914",,"https://vt.tiktok.com/ZSh8FQbqo/","betull","7050496883898385409","wildan_rajin_menabung","https://www.tiktok.com/@hai_online/video/7473394493971074311"
"https://p16-common-sign-va.tiktokcdn-us.com/tos-maliva-avt-0068/735850f1d86ce4923f35464b3e0639e7~tplv-tiktokx-cropcenter:100:100.jpg?dr=9640&refresh_token=191f81d9&x-expires=1746259200&x-signature=%2BFmrGN85Zg%2FGZIZWIslkUAsIJKU%3D&t=4d5b0474&ps=13740610&shp=30310797&shcp=ff37627b&idc=useast5","7473503478422881031","1740060638","2025-02-20T14:10:38.000Z","0","https://vt.tiktok.com/ZSh8FQbqo/","false",,"7473501218997158664",,"https://vt.tiktok.com/ZSh8FQbqo/","mereka memberikan tanda kutip, bahwa lagu ini di ciptakan untuk oknum.","7109133985191871515","idrjanuar","https://www.tiktok.com/@hai_online/video/7473394493971074311"
"https://p16-common-sign-sg.tiktokcdn-us.com/tos-alisg-avt-0068/4e8c0b7751afc3f071eeeadcf5f1947d~tplv-tiktokx-cropcenter:100:100.jpg?dr=9640&refresh_token=d7a8d239&x-expires=1746259200&x-signature=ygftPLT%2Fa4uTm3AM0NbuUiUul08%3D&t=4d5b0474&ps=13740610&shp=30310797&shcp=ff37627b&idc=useast5","7473512777543418640","1740062807","2025-02-20T14:46:47.000Z","0","https://vt.tiktok.com/ZSh8FQbqo/","false",,"7473501218997158664",,"https://vt.tiktok.com/ZSh8FQbqo/","oknumnya mayoritas 😅😅","7161697410920907781","yadhee79","https://www.tiktok.com/@hai_online/video/7473394493971074311"
"https://p16-common-sign-va.tiktokcdn-us.com/tos-maliva-avt-0068/979fca5de8ce183c7d3efd1df00db688~tplv-tiktokx-cropcenter:100:100.jpg?dr=9640&refresh_token=95a6b47a&x-expires=1746259200&x-signature=YXubT5TggdhutPKdKhEWsB1ndVs%3D&t=4d5b0474&ps=13740610&shp=30310797&shcp=ff37627b&idc=useast5","7473455116721439493","1740049396","2025-02-20T11:03:16.000Z","3","https://vt.tiktok.com/ZSh8FQbqo/","false",,"7473455018097918725",,"https://vt.tiktok.com/ZSh8FQbqo/","@Aa.FLuxzY","6963153323508679682","ciki_koyo","https://www.tiktok.com/@hai_online/video/7473394493971074311"
"https://p16-common-sign-sg.tiktokcdn-us.com/tos-alisg-avt-0068/8310d29958300b78d597ab01a049679b~tplv-tiktokx-cropcenter:100:100.jpg?dr=9640&refresh_token=fc049f6d&x-expires=1746259200&x-signature=E2Y9hrapHTFBp0vUbtoDcsOUkBo%3D&t=4d5b0474&ps=13740610&shp=30310797&shcp=ff37627b&idc=useast5","7473441625184879368","1740046236","2025-02-20T10:10:36.000Z","11","https://vt.tiktok.com/ZSh8FQbqo/","false","false",,"4","https://vt.tiktok.com/ZSh8FQbqo/","lah lah lah lahhh???????","6665788426367877121","deniindraaa_","https://www.tiktok.com/@hai_online/video/7473394493971074311"
"https://p16-common-sign-va.tiktokcdn-us.com/tos-maliva-avt-0068/7359842232910675973~tplv-tiktokx-cropcenter:100:100.jpg?dr=9640&refresh_token=33fbe4a1&x-expires=1746259200&x-signature=lRHaw5v1uyWqzn5wHoYun%2BBcs9w%3D&t=4d5b0474&ps=13740610&shp=30310797&shcp=ff37627b&idc=useast5","7473413792363266823","1740039762","2025-02-20T08:22:42.000Z","12","https://vt.tiktok.com/ZSh8FQbqo/","false","false",,"3","https://vt.tiktok.com/ZSh8FQbqo/","ah elah ngapain juga kinta maaf sih","7060836804443407387","ramlyrajinibadah","https://www.tiktok.com/@hai_online/video/7473394493971074311"
"https://p16-common-sign-va.tiktokcdn-us.com/tos-maliva-avt-0068/fc252ce3ab6243f845d43997f5b5bda0~tplv-tiktokx-cropcenter:100:100.jpg?dr=9640&refresh_token=65631a91&x-expires=1746259200&x-signature=Jz1cItcGMeduH0Mghig89Lkow04%3D&t=4d5b0474&ps=13740610&shp=30310797&shcp=ff37627b&idc=useast5","7473411376464003848","1740039191","2025-02-20T08:13:11.000Z","12","https://vt.tiktok.com/ZSh8FQbqo/","false","false",,"0","https://vt.tiktok.com/ZSh8FQbqo/","akhirnya bisa liat muka sukatani","7412268376238490630","ardianto4917","https://www.tiktok.com/@hai_online/video/7473394493971074311"
"https://p16-common-sign-sg.tiktokcdn-us.com/tos-alisg-avt-0068/f06c2af9d513187d480a0f8acd9ea0bd~tplv-tiktokx-cropcenter:100:100.jpg?dr=9640&refresh_token=9accb90e&x-expires=1746259200&x-signature=Gf8%2Bu3RXBQXDXUdC2GJwcZryVkQ%3D&t=4d5b0474&ps=13740610&shp=30310797&shcp=ff37627b&idc=useast5","7473458117815091975","1740050077","2025-02-20T11:14:37.000Z","7","https://vt.tiktok.com/ZSh8FQbqo/","false","false",,"4","https://vt.tiktok.com/ZSh8FQbqo/","kan emang bayar didunia ini g ada yang gratis😹","6958660881040262149","iqbalj_2","https://www.tiktok.com/@hai_online/video/7473394493971074311"
"https://p16-common-sign-va.tiktokcdn-us.com/tos-maliva-avt-0068/3c62a559af878b3daef71ddd8c966cd9~tplv-tiktokx-cropcenter:100:100.jpg?dr=9640&refresh_token=b0956d55&x-expires=1746259200&x-signature=rBo%2FRsmaD5pkXudzQ%2F%2Fw7IjnFUM%3D&t=4d5b0474&ps=13740610&shp=30310797&shcp=ff37627b&idc=useast5","7473453560992088840","1740049017","2025-02-20T10:56:57.000Z","21","https://vt.tiktok.com/ZSh8FQbqo/","false","false",,"1","https://vt.tiktok.com/ZSh8FQbqo/","enak padahal lagune bayar bayar bayar","7291766769541825541","haris.rizqi","https://www.tiktok.com/@hai_online/video/7473394493971074311"
"https://p16-common-sign-va.tiktokcdn-us.com/tos-maliva-avt-0068/6768c205eee2acce20996bc974172aee~tplv-tiktokx-cropcenter:100:100.jpg?dr=9640&refresh_token=9ef4be6e&x-expires=1746259200&x-signature=s5RbRLlsvTzOzNtLcT2DPN7w3Pw%3D&t=4d5b0474&ps=13740610&shp=30310797&shcp=ff37627b&idc=useast5","7473427167842829063","1740042873","2025-02-20T09:14:33.000Z","31","https://vt.tiktok.com/ZSh8FQbqo/","false","false",,"1","https://vt.tiktok.com/ZSh8FQbqo/","baru tau mukanya sukatani","7341023628090508294","ress.kausar","https://www.tiktok.com/@hai_online/video/7473394493971074311"
"https://p16-common-sign-sg.tiktokcdn-us.com/tos-alisg-avt-0068/3c8990938c4defe85aa8fe566e9027b5~tplv-tiktokx-cropcenter:100:100.jpg?dr=9640&refresh_token=1842898f&x-expires=1746259200&x-signature=VqxpvSG0oLUTnspzdr6jTMzpaMg%3D&t=4d5b0474&ps=13740610&shp=30310797&shcp=ff37627b&idc=useast5","7473428905330230037","1740043289","2025-02-20T09:21:29.000Z","7","https://vt.tiktok.com/ZSh8FQbqo/","false","false",,"0","https://vt.tiktok.com/ZSh8FQbqo/","KAMI BERSAMA SUKATANI 🤘","6750390986595812353","magnumwild_19","https://www.tiktok.com/@hai_online/video/7473394493971074311"
"https://p16-common-sign-sg.tiktokcdn-us.com/tos-alisg-avt-0068/2adf05fa4c1bdc895af3dac41e23c735~tplv-tiktokx-cropcenter:100:100.jpg?dr=9640&refresh_token=c982d319&x-expires=1746259200&x-signature=aJQdujsTwBQYhKyMjO0NR7cZ6rc%3D&t=4d5b0474&ps=13740610&shp=30310797&shcp=ff37627b&idc=useast5","7473396999065584385","1740035850","2025-02-20T07:17:30.000Z","7","https://vt.tiktok.com/ZSh8FQbqo/","false","false",,"0","https://vt.tiktok.com/ZSh8FQbqo/","kocak polri","7048829961067037723","hannfruciante","https://www.tiktok.com/@hai_online/video/7473394493971074311"
"https://p16-common-sign-sg.tiktokcdn-us.com/tos-alisg-avt-0068/480109eef6b75fcdb166fd132b1a5973~tplv-tiktokx-cropcenter:100:100.jpg?dr=9640&refresh_token=f18dc86d&x-expires=1746259200&x-signature=aWdnok3R0CxE48hQp7zJ6J%2B1EqE%3D&t=4d5b0474&ps=13740610&shp=30310797&shcp=ff37627b&idc=useast5","7473405345563476752","1740037798","2025-02-20T07:49:58.000Z","6","https://vt.tiktok.com/ZSh8FQbqo/","false","false",,"0","https://vt.tiktok.com/ZSh8FQbqo/","karna merasa mereka laporkan, padahal cuma lagu loh, apa emang alasannya untuk di laporkan ? 🤣","6826982348148851713","bgmull8","https://www.tiktok.com/@hai_online/video/7473394493971074311"
"https://p16-common-sign-sg.tiktokcdn-us.com/tos-alisg-avt-0068/57e27b7376836ad8fd2473f38de82b19~tplv-tiktokx-cropcenter:100:100.jpg?dr=9640&refresh_token=8a75b6a7&x-expires=1746259200&x-signature=d1G72XUsDL8XhzlmEqBaPdLjqv8%3D&t=4d5b0474&ps=13740610&shp=30310797&shcp=ff37627b&idc=useast5","7473415138369225488","1740040075","2025-02-20T08:27:55.000Z","23","https://vt.tiktok.com/ZSh8FQbqo/","false","false",,"0","https://vt.tiktok.com/ZSh8FQbqo/","kami bersama sukatani ✊","6851898907317011458","dikakerdil1","https://www.tiktok.com/@hai_online/video/7473394493971074311"
"https://p16-common-sign-sg.tiktokcdn-us.com/tos-alisg-avt-0068/a7d9fdbbd2d46bac44854b40d39713c5~tplv-tiktokx-cropcenter:100:100.jpg?dr=9640&refresh_token=cb001a1c&x-expires=1746259200&x-signature=1XzN4HBiz%2BA9T%2FzkgREQJSgvKcQ%3D&t=4d5b0474&ps=13740610&shp=30310797&shcp=ff37627b&idc=useast5","7473473310891524872","1740053615","2025-02-20T12:13:35.000Z","36","https://vt.tiktok.com/ZSh8FQbqo/","false","false",,"2","https://vt.tiktok.com/ZSh8FQbqo/","coba aja tadi sukatani bayar dulu pasti di biarin","7444045765348328456","foreveryoungforeverfree_","https://www.tiktok.com/@hai_online/video/7473394493971074311"
"https://p16-common-sign-sg.tiktokcdn-us.com/tos-alisg-avt-0068/ebe15f9a835b76a1db91d505600b8469~tplv-tiktokx-cropcenter:100:100.jpg?dr=9640&refresh_token=9bfa0eb1&x-expires=1746259200&x-signature=%2FqbmFiCVhG0VHcRq%2FvEcU8t3ZBY%3D&t=4d5b0474&ps=13740610&shp=30310797&shcp=ff37627b&idc=useast5","7473458870189572872","1740050258","2025-02-20T11:17:38.000Z","14","https://vt.tiktok.com/ZSh8FQbqo/","false","false",,"10","https://vt.tiktok.com/ZSh8FQbqo/","tilang = bayar
buat laporan = bayar
minta tolong = bayar
ada lagi gak?","6978462462354916353","gafe.sa","https://www.tiktok.com/@hai_online/video/7473394493971074311"
"https://p16-common-sign-sg.tiktokcdn-us.com/tos-alisg-avt-0068/d3b99e52cb1cf8bd1f4b34e8c24645ea~tplv-tiktokx-cropcenter:100:100.jpg?dr=9640&refresh_token=b9efca7a&x-expires=1746259200&x-signature=CpUXr6OZprUS3oNbvo%2BK%2Fkm3YeU%3D&t=4d5b0474&ps=13740610&shp=30310797&shcp=ff37627b&idc=useast5","7473415364842586888","1740040138","2025-02-20T08:28:58.000Z","7","https://vt.tiktok.com/ZSh8FQbqo/","false","false",,"0","https://vt.tiktok.com/ZSh8FQbqo/","bayar polisi itu fakta bg🙏🙏🙏🙏🙏🙏","7427514811867890693","lemah33_","https://www.tiktok.com/@hai_online/video/7473394493971074311"
"https://p16-common-sign-useast2a.tiktokcdn-us.com/tos-useast2a-avt-0068-euttp/7370922572345442336~tplv-tiktokx-cropcenter:100:100.jpg?dr=9640&refresh_token=0a4eb534&x-expires=1746259200&x-signature=Jq8aUGxCv%2F1fH6M4JrI%2BjThPlVU%3D&t=4d5b0474&ps=13740610&shp=30310797&shcp=ff37627b&idc=useast5","7473467249530127122","1740052202","2025-02-20T11:50:02.000Z","6","https://vt.tiktok.com/ZSh8FQbqo/","false","false",,"4","https://vt.tiktok.com/ZSh8FQbqo/","gua pernah bikin surat kehilangan ATM ke Polsek kan nah terus udah mau beres suratnya oknumnya liatin gua seolah olah kode biar gua ngasih duit ke dia 🗿","7086786586553680898","pojokkanan123","https://www.tiktok.com/@hai_online/video/7473394493971074311"
"https://p16-common-sign-va.tiktokcdn-us.com/tos-maliva-avt-0068/7375214418034720773~tplv-tiktokx-cropcenter:100:100.jpg?dr=9640&refresh_token=93a769fa&x-expires=1746259200&x-signature=CBgeCblZsPBE3qzUu1mg9dai0E0%3D&t=4d5b0474&ps=13740610&shp=30310797&shcp=ff37627b&idc=useast5","7473398269977182984","1740036142","2025-02-20T07:22:22.000Z","17","https://vt.tiktok.com/ZSh8FQbqo/","false","false",,"27","https://vt.tiktok.com/ZSh8FQbqo/","Punk Klarifikasi 🗿","7375213837156811782","user74819461048392","https://www.tiktok.com/@hai_online/video/7473394493971074311"
"https://p16-common-sign-sg.tiktokcdn-us.com/tos-alisg-avt-0068/829d4b1669ed56706d7ecd8b4c3e7283~tplv-tiktokx-cropcenter:100:100.jpg?dr=9640&refresh_token=0e0f9789&x-expires=1746259200&x-signature=Qs8ZFnxgvY0jBsrzzGO3HuP1POY%3D&t=4d5b0474&ps=13740610&shp=30310797&shcp=ff37627b&idc=useast5","7473399145840591634","1740036349","2025-02-20T07:25:49.000Z","80","https://vt.tiktok.com/ZSh8FQbqo/","false","false","7473398269977182984",,"https://vt.tiktok.com/ZSh8FQbqo/","ini dipaksa soalnya😂","7189070380299584538","dikieezz","https://www.tiktok.com/@hai_online/video/7473394493971074311"
"https://p16-common-sign-sg.tiktokcdn-us.com/tos-alisg-avt-0068/df4069bb67bca12a7b680fcac0696f4d~tplv-tiktokx-cropcenter:100:100.jpg?dr=9640&refresh_token=a5772990&x-expires=1746259200&x-signature=eRvXGly37%2FwxDVgrCqylykJhkC8%3D&t=4d5b0474&ps=13740610&shp=30310797&shcp=ff37627b&idc=useast5","7482058683804025620","1742052552","2025-03-15T15:29:12.000Z","3","https://vt.tiktok.com/ZSh8FQbqo/","false","false",,"0","https://vt.tiktok.com/ZSh8FQbqo/","aku org Malaysia.....nama polis semua sama sahaja.....Ade uang ,,undang² bole dibeli...","7392111182368834577","afif_1030","https://www.tiktok.com/@hai_online/video/7473394493971074311"
"https://p16-common-sign-sg.tiktokcdn-us.com/tos-alisg-avt-0068/7ec9329dbf177b8b06c9c027cec14b1f~tplv-tiktokx-cropcenter:100:100.jpg?dr=9640&refresh_token=aba82ea6&x-expires=1746259200&x-signature=f%2F6tthMfX6z1V%2BDyZE4I%2F6J0e20%3D&t=4d5b0474&ps=13740610&shp=30310797&shcp=ff37627b&idc=useast5","7494956079987901200","1745055478","2025-04-19T09:37:58.000Z","1","https://vt.tiktok.com/ZSh8FQbqo/","false","false",,"0","https://vt.tiktok.com/ZSh8FQbqo/","ga ush minta maaf emng fakta nya kaya gitu","7493187205989483527","xyqhana","https://www.tiktok.com/@hai_online/video/7473394493971074311"
"https://p16-common-sign-sg.tiktokcdn-us.com/tos-alisg-avt-0068/3afc2ac887fbf19e36d83dc06ee2467a~tplv-tiktokx-cropcenter:100:100.jpg?dr=9640&refresh_token=1b4a9e61&x-expires=1746259200&x-signature=9SefS7FxXq2L88CU465dzBueTHA%3D&t=4d5b0474&ps=13740610&shp=30310797&shcp=ff37627b&idc=useast5","7483525278161961733","1742394029","2025-03-19T14:20:29.000Z","3","https://vt.tiktok.com/ZSh8FQbqo/","false","false",,"0","https://vt.tiktok.com/ZSh8FQbqo/","knpa harus minta maaf kan emang fakta nya udh banyak 👍👍🤣","7364058819058353157","heru8936","https://www.tiktok.com/@hai_online/video/7473394493971074311"
"https://p16-common-sign-va.tiktokcdn-us.com/tos-maliva-avt-0068/0816d8615c8bfafd2e35e9ee6072c6ff~tplv-tiktokx-cropcenter:100:100.jpg?dr=9640&refresh_token=b95a1e40&x-expires=1746259200&x-signature=MNbxSktBNnN8i%2BXd7nlJsGjswZM%3D&t=4d5b0474&ps=13740610&shp=30310797&shcp=ff37627b&idc=useast5","7488896342431302408","1743644590","2025-04-03T01:43:10.000Z","2","https://vt.tiktok.com/ZSh8FQbqo/","false","false",,"0","https://vt.tiktok.com/ZSh8FQbqo/","Wehh kenapa wehh yg harus klarifikasi itu polisi🗿","6820506919615497217","zokkenehsns","https://www.tiktok.com/@hai_online/video/7473394493971074311"
"https://p16-common-sign-va.tiktokcdn-us.com/tos-maliva-avt-0068/5e1e3e46e1022f025fc94f968dfefb07~tplv-tiktokx-cropcenter:100:100.jpg?dr=9640&refresh_token=486f2401&x-expires=1746259200&x-signature=PhI4PHsbOV5Kk6Gj7wnwQwnVtR8%3D&t=4d5b0474&ps=13740610&shp=30310797&shcp=ff37627b&idc=useast5","7491705297440244498","1744298584","2025-04-10T15:23:04.000Z","1","https://vt.tiktok.com/ZSh8FQbqo/","false","false",,"0","https://vt.tiktok.com/ZSh8FQbqo/","salahnya apa","7238858342214599686","grandong7882","https://www.tiktok.com/@hai_online/video/7473394493971074311"
"https://p16-common-sign-sg.tiktokcdn-us.com/tos-alisg-avt-0068/c849ec23ba6e57c11eb481565e166e13~tplv-tiktokx-cropcenter:100:100.jpg?dr=9640&refresh_token=0a199bdf&x-expires=1746259200&x-signature=p3YfY1hI6wKMbJuzssxqldOcVZ0%3D&t=4d5b0474&ps=13740610&shp=30310797&shcp=ff37627b&idc=useast5","7485731103656510216","1742907604","2025-03-25T13:00:04.000Z","2","https://vt.tiktok.com/ZSh8FQbqo/","false","false",,"0","https://vt.tiktok.com/ZSh8FQbqo/","Knpa minta maaf? Kan lagu nya emg berdasarkan kisah nyata😂🙏🏻","6526318596426268674","rsasstka_","https://www.tiktok.com/@hai_online/video/7473394493971074311"
"https://p16-common-sign-sg.tiktokcdn-us.com/tos-alisg-avt-0068/379f8e18486df1e908e95e5e6177e832~tplv-tiktokx-cropcenter:100:100.jpg?dr=9640&refresh_token=2bddf758&x-expires=1746259200&x-signature=llTd%2BSEzOLg41oq2O4Qze7muuSI%3D&t=4d5b0474&ps=13740610&shp=30310797&shcp=ff37627b&idc=useast5","7478211844965204753","1741175670","2025-03-05T11:54:30.000Z","2","https://vt.tiktok.com/ZSh8FQbqo/","false","false",,"0","https://vt.tiktok.com/ZSh8FQbqo/","ga perlu minta maaf emang kenyataan","7451002206192534533","peucang3795","https://www.tiktok.com/@hai_online/video/7473394493971074311"
"https://p16-common-sign-sg.tiktokcdn-us.com/tos-alisg-avt-0068/56f25b2c2b2e3001f373631f2829d0a3~tplv-tiktokx-cropcenter:100:100.jpg?dr=9640&refresh_token=da60b67c&x-expires=1746259200&x-signature=b9oIg8%2F2NMnQncJJ8socmr8INd4%3D&t=4d5b0474&ps=13740610&shp=30310797&shcp=ff37627b&idc=useast5","7496172392667955976","1745338660","2025-04-22T16:17:40.000Z","1","https://vt.tiktok.com/ZSh8FQbqo/","false","false",,"0","https://vt.tiktok.com/ZSh8FQbqo/","kayanya grup bend sukatani gak bisa bayar nih hingga minta maaf.. 😂","7221436019585074177","dadanabdurohman","https://www.tiktok.com/@hai_online/video/7473394493971074311"
"https://p16-common-sign-sg.tiktokcdn-us.com/tos-alisg-avt-0068/a9ef416de3a32261d06c57ee78e75fd4~tplv-tiktokx-cropcenter:100:100.jpg?dr=9640&refresh_token=396537e7&x-expires=1746259200&x-signature=JvpnoHFOtzEfEkNS5z8XATLhhB0%3D&t=4d5b0474&ps=13740610&shp=30310797&shcp=ff37627b&idc=useast5","7477496251790738231","1740990319","2025-03-03T08:25:19.000Z","1","https://vt.tiktok.com/ZSh8FQbqo/","false","false",,"0","https://vt.tiktok.com/ZSh8FQbqo/","jadi bingung gua ..
di TV katanya KAPOLRI bersama Sukatani .
disini malah klarifikasi","6951715313244701697","sablon.konveksi.batam","https://www.tiktok.com/@hai_online/video/7473394493971074311"
"https://p16-common-sign-va.tiktokcdn-us.com/tos-maliva-avt-0068/46b56fbfe273b17b42af847effde2f39~tplv-tiktokx-cropcenter:100:100.jpg?dr=9640&refresh_token=4ff8b29c&x-expires=1746259200&x-signature=KX%2Bys%2BepZTh0GLOfuN9FpaFEUR0%3D&t=4d5b0474&ps=13740610&shp=30310797&shcp=ff37627b&idc=useast5","7477221987355607816","1740926424","2025-03-02T14:40:24.000Z","1","https://vt.tiktok.com/ZSh8FQbqo/","false","false",,"0","https://vt.tiktok.com/ZSh8FQbqo/","#kamibersamaSUKATANI","6559506537693822978","wijaya2178021277","https://www.tiktok.com/@hai_online/video/7473394493971074311"
"https://p16-common-sign-sg.tiktokcdn-us.com/tos-alisg-avt-0068/ad03e17eaf418f36d1d55236f1e2dc91~tplv-tiktokx-cropcenter:100:100.jpg?dr=9640&refresh_token=64cf1480&x-expires=1746259200&x-signature=9DQh2ZB7NiXG5J9txsR5Nut%2FAPU%3D&t=4d5b0474&ps=13740610&shp=30310797&shcp=ff37627b&idc=useast5","7479347828910981896","1741421387","2025-03-08T08:09:47.000Z","1","https://vt.tiktok.com/ZSh8FQbqo/","false","false",,"0","https://vt.tiktok.com/ZSh8FQbqo/","Gua dukung kalian. Sukatani.","6857138835547128833","hotmanjayahook","https://www.tiktok.com/@hai_online/video/7473394493971074311"
"https://p16-common-sign-sg.tiktokcdn-us.com/tos-alisg-avt-0068/695bc013b5eaedf6c4159e4ffa9cba91~tplv-tiktokx-cropcenter:100:100.jpg?dr=9640&refresh_token=6a547bcf&x-expires=1746259200&x-signature=ZFjQvWvc3JSagoKjIMt15EKNQ7E%3D&t=4d5b0474&ps=13740610&shp=30310797&shcp=ff37627b&idc=useast5","7479000199718044434","1741351194","2025-03-07T12:39:54.000Z","1","https://vt.tiktok.com/ZSh8FQbqo/","false","false",,"0","https://vt.tiktok.com/ZSh8FQbqo/","Kapolri Jenderal Listyo Sigit Prabowo mengajak band Sukatani menjadi duta Polri! Ini langkah positif untuk memperbaiki citra institusi kita. Kritik","7283027424835781637","budiprayoga76","https://www.tiktok.com/@hai_online/video/7473394493971074311"
"https://p16-common-sign-va.tiktokcdn-us.com/tos-maliva-avt-0068/0e0392b0b780d911305f2fbb0fa898d9~tplv-tiktokx-cropcenter:100:100.jpg?dr=9640&refresh_token=12a2bb77&x-expires=1746259200&x-signature=nUDqkvRAbN5E%2B1EytWzilXBre90%3D&t=4d5b0474&ps=13740610&shp=30310797&shcp=ff37627b&idc=useast5","7478119471263433480","1741135399","2025-03-05T00:43:19.000Z","1","https://vt.tiktok.com/ZSh8FQbqo/","false","false",,"0","https://vt.tiktok.com/ZSh8FQbqo/","Kenapa harus mencabut lagunya bro, bayar aja polisinya 😂😂","7279078464166102022","potrekgraphy","https://www.tiktok.com/@hai_online/video/7473394493971074311"
"https://p19-common-sign-sg.tiktokcdn-us.com/tos-alisg-avt-0068/1bb07f0c62864bf6251901f8cb09e217~tplv-tiktokx-cropcenter:100:100.jpg?dr=9640&refresh_token=d87e53b2&x-expires=1746259200&x-signature=Ay7tWeYdNSXdJ3ZoJijQkMoztjc%3D&t=4d5b0474&ps=13740610&shp=30310797&shcp=ff37627b&idc=useast5","7477562966381740818","1741005811","2025-03-03T12:43:31.000Z","1","https://vt.tiktok.com/ZSh8FQbqo/","false","false",,"0","https://vt.tiktok.com/ZSh8FQbqo/","demokrasi hilang kalo gini sih🤟
ingat kata² andika pratama
demokrasi : ""yang demo di kerasi""","7111940910326219802","acalapatibf","https://www.tiktok.com/@hai_online/video/7473394493971074311"
"https://p19-common-sign-sg.tiktokcdn-us.com/tos-alisg-avt-0068/8310d29958300b78d597ab01a049679b~tplv-tiktokx-cropcenter:100:100.jpg?dr=9640&refresh_token=ec4a1dbd&x-expires=1746259200&x-signature=%2BlLXoUQz0UEPaYe8DPsMod9yPcg%3D&t=4d5b0474&ps=13740610&shp=30310797&shcp=ff37627b&idc=useast5","7473441778781651720","1740046291","2025-02-20T10:11:31.000Z","3","https://vt.tiktok.com/ZSh8FQbqo/","false",,"7473441625184879368",,"https://vt.tiktok.com/ZSh8FQbqo/","itu fakta kaliii, ngapain nyuruh orang klarifikasii","6665788426367877121","deniindraaa_","https://www.tiktok.com/@hai_online/video/7473394493971074311"
"https://p16-common-sign-va.tiktokcdn-us.com/tos-maliva-avt-0068/0333246375e565dcf7d5610229640894~tplv-tiktokx-cropcenter:100:100.jpg?dr=9640&refresh_token=ae4d212c&x-expires=1746259200&x-signature=%2B7x1ODtu%2F6Kao7Lq0mzktYqj3fM%3D&t=4d5b0474&ps=13740610&shp=30310797&shcp=ff37627b&idc=useast5","7473466388397982485","1740052004","2025-02-20T11:46:44.000Z","0","https://vt.tiktok.com/ZSh8FQbqo/","false",,"7473441625184879368",,"https://vt.tiktok.com/ZSh8FQbqo/","fr, sebesar itu ego mereka sampe nyuruh mereka hapus lagunya. bukannya memperbaiki diri malah tersindir","7011741299641992194","scawmon","https://www.tiktok.com/@hai_online/video/7473394493971074311"
"https://p19-common-sign-sg.tiktokcdn-us.com/tos-alisg-avt-0068/8310d29958300b78d597ab01a049679b~tplv-tiktokx-cropcenter:100:100.jpg?dr=9640&refresh_token=ec4a1dbd&x-expires=1746259200&x-signature=%2BlLXoUQz0UEPaYe8DPsMod9yPcg%3D&t=4d5b0474&ps=13740610&shp=30310797&shcp=ff37627b&idc=useast5","7473466636282249991","1740052077","2025-02-20T11:47:57.000Z","1","https://vt.tiktok.com/ZSh8FQbqo/","false",,"7473441625184879368",,"https://vt.tiktok.com/ZSh8FQbqo/","kan ga boleh kritik... ehh","6665788426367877121","deniindraaa_","https://www.tiktok.com/@hai_online/video/7473394493971074311"
"https://p16-common-sign-sg.tiktokcdn-us.com/tos-alisg-avt-0068/4904801465e4aa185016c3e526460386~tplv-tiktokx-cropcenter:100:100.jpg?dr=9640&refresh_token=5dee923c&x-expires=1746259200&x-signature=WGyZdBXN3wGiwnnWUNaB%2BNVyHoQ%3D&t=4d5b0474&ps=13740610&shp=30310797&shcp=ff37627b&idc=useast5","7485973940075545364","1742964149","2025-03-26T04:42:29.000Z","0","https://vt.tiktok.com/ZSh8FQbqo/","false",,"7473441625184879368",,"https://vt.tiktok.com/ZSh8FQbqo/","iya makanya kena jaguh seperti lagu nya .. lawan tetap lawan, iya ancaman datang lawan kok , bukan ikut apa yang pak lurah suruh .. nga connect sama lagu yang di perjuangkan","6958632682641605634","un1versa7meta7","https://www.tiktok.com/@hai_online/video/7473394493971074311"
"https://p16-common-sign-sg.tiktokcdn-us.com/tos-alisg-avt-0068/3748027b0d81015705793e53c5e66040~tplv-tiktokx-cropcenter:100:100.jpg?dr=9640&refresh_token=5f42b090&x-expires=1746259200&x-signature=0Iiafzj6NcyZvqCosY6%2B89IF7xo%3D&t=4d5b0474&ps=13740610&shp=30310797&shcp=ff37627b&idc=useast5","7473430558393336583","1740043668","2025-02-20T09:27:48.000Z","18","https://vt.tiktok.com/ZSh8FQbqo/","false",,"7473427167842829063",,"https://vt.tiktok.com/ZSh8FQbqo/","makanya kebayang kan itu intimidasinya kayak gmn sampe harus face reveal","6896030609153721346","thisisterehere","https://www.tiktok.com/@hai_online/video/7473394493971074311"
"https://p16-common-sign-sg.tiktokcdn-us.com/tos-alisg-avt-0068/a00e3fd362ac945b92b7d8b0dc803469~tplv-tiktokx-cropcenter:100:100.jpg?dr=9640&refresh_token=48c3eefa&x-expires=1746259200&x-signature=%2BXKuIEyVrsIb7dtnEWi42lvaIZA%3D&t=4d5b0474&ps=13740610&shp=30310797&shcp=ff37627b&idc=useast5","7473471853345194758","1740053293","2025-02-20T12:08:13.000Z","0","https://vt.tiktok.com/ZSh8FQbqo/","false",,"7473453560992088840",,"https://vt.tiktok.com/ZSh8FQbqo/","iya emng enak,cuma ada yg ga terima aib nya d nyanyiin🗿🗿","7051875441616389122","aeppitak2","https://www.tiktok.com/@hai_online/video/7473394493971074311"
"https://p16-common-sign-va.tiktokcdn-us.com/tos-maliva-avt-0068/bce1e0469ccbb77b8bde8d4f8e9444de~tplv-tiktokx-cropcenter:100:100.jpg?dr=9640&refresh_token=9dc42f35&x-expires=1746259200&x-signature=eagU1cvp6tKtB71JFX1odMR6yTg%3D&t=4d5b0474&ps=13740610&shp=30310797&shcp=ff37627b&idc=useast5","7473458799224652545","1740050242","2025-02-20T11:17:22.000Z","0","https://vt.tiktok.com/ZSh8FQbqo/","false",,"7473458117815091975",,"https://vt.tiktok.com/ZSh8FQbqo/","jadi maksudmu masuk polisi itu juga bayar? katanya gratis 😡","7064205961376433153","hydim_rskynt","https://www.tiktok.com/@hai_online/video/7473394493971074311"
"https://p19-common-sign-sg.tiktokcdn-us.com/tos-alisg-avt-0068/f06c2af9d513187d480a0f8acd9ea0bd~tplv-tiktokx-cropcenter:100:100.jpg?dr=9640&refresh_token=b57ee677&x-expires=1746259200&x-signature=K81LMxdQYKZp%2BXwycB5IJphMW%2FU%3D&t=4d5b0474&ps=13740610&shp=30310797&shcp=ff37627b&idc=useast5","7473459340109103880","1740050361","2025-02-20T11:19:21.000Z","0","https://vt.tiktok.com/ZSh8FQbqo/","false",,"7473458117815091975",,"https://vt.tiktok.com/ZSh8FQbqo/","lah bayar lah tes psikologi, tes kesehatan, operasi varises, persiapan berkas lu pikir kagak bayar","6958660881040262149","iqbalj_2","https://www.tiktok.com/@hai_online/video/7473394493971074311"
"https://p16-common-sign-va.tiktokcdn-us.com/tos-maliva-avt-0068/faabb80bd4acead2e76b59c0d01a6202~tplv-tiktokx-cropcenter:100:100.jpg?dr=9640&refresh_token=8f1d80be&x-expires=1746259200&x-signature=104aXqRpY0ve42Wes6pNtTglS0Q%3D&t=4d5b0474&ps=13740610&shp=30310797&shcp=ff37627b&idc=useast5","7473459608968987400","1740050429","2025-02-20T11:20:29.000Z","2","https://vt.tiktok.com/ZSh8FQbqo/","false",,"7473458117815091975",,"https://vt.tiktok.com/ZSh8FQbqo/","serius apa sarkas lu ngomong gini? polisi yg ktnya mengayomi masyarakat kok minta uang ke rakyat? anggarannya paling gede loh","7091804094876943386","dadang.konter","https://www.tiktok.com/@hai_online/video/7473394493971074311"
"https://p16-common-sign-va.tiktokcdn-us.com/tos-maliva-avt-0068/bce1e0469ccbb77b8bde8d4f8e9444de~tplv-tiktokx-cropcenter:100:100.jpg?dr=9640&refresh_token=9dc42f35&x-expires=1746259200&x-signature=eagU1cvp6tKtB71JFX1odMR6yTg%3D&t=4d5b0474&ps=13740610&shp=30310797&shcp=ff37627b&idc=useast5","7474042497551926037","1740186148","2025-02-22T01:02:28.000Z","0","https://vt.tiktok.com/ZSh8FQbqo/","false",,"7473458117815091975",,"https://vt.tiktok.com/ZSh8FQbqo/","biaya masuk yg ratusan juta ga disebutin?😡","7064205961376433153","hydim_rskynt","https://www.tiktok.com/@hai_online/video/7473394493971074311"
"https://p16-common-sign-useast2a.tiktokcdn-us.com/tos-useast2a-avt-0068-giso/3f77529f1391457c69703e87a2f8ac83~tplv-tiktokx-cropcenter:100:100.jpg?dr=9640&refresh_token=bc57f959&x-expires=1746259200&x-signature=IyIs1nkOzvWYXdC2Z2KtOJhtL3w%3D&t=4d5b0474&ps=13740610&shp=30310797&shcp=ff37627b&idc=useast5","7473406082531427090","1740040164","2025-02-20T08:29:24.000Z","1","https://vt.tiktok.com/ZSh8FQbqo/","false",,"7473413792363266823",,"https://vt.tiktok.com/ZSh8FQbqo/","dipaksa itu, baca teks.","6975745604874617857","pauzorca","https://www.tiktok.com/@hai_online/video/7473394493971074311"
"https://p16-common-sign-useast2a.tiktokcdn-us.com/tos-useast2a-avt-0068-euttp/67720d6657032bf1bcaaddc59b52c00c~tplv-tiktokx-cropcenter:100:100.jpg?dr=9640&refresh_token=4afc8ac2&x-expires=1746259200&x-signature=R1d0o3GFqgkBmeh0WXQ6q%2FTGYuA%3D&t=4d5b0474&ps=13740610&shp=30310797&shcp=ff37627b&idc=useast5","7473417229527712528","1740040565","2025-02-20T08:36:05.000Z","0","https://vt.tiktok.com/ZSh8FQbqo/","false",,"7473413792363266823",,"https://vt.tiktok.com/ZSh8FQbqo/","disuruh bang sama .....","6783342158344373249","timurtenggara21","https://www.tiktok.com/@hai_online/video/7473394493971074311"
"https://p19-common-sign-va.tiktokcdn-us.com/tos-maliva-avt-0068/b58d6e539f278ce5fecbb888bed8ca98~tplv-tiktokx-cropcenter:100:100.jpg?dr=9640&refresh_token=2c2d3959&x-expires=1746259200&x-signature=wKeGcO%2F02lrAMlRHIqYeRjA6hMA%3D&t=4d5b0474&ps=13740610&shp=30310797&shcp=ff37627b&idc=useast5","7473417922515419922","1740040727","2025-02-20T08:38:47.000Z","0","https://vt.tiktok.com/ZSh8FQbqo/","false",,"7473413792363266823",,"https://vt.tiktok.com/ZSh8FQbqo/","diancem pasti itu bang😂","7136747853887751170","paksuubai","https://www.tiktok.com/@hai_online/video/7473394493971074311"
"https://p16-common-sign-sg.tiktokcdn-us.com/tos-alisg-avt-0068/3c1134189aa5bee12da74c078a64456c~tplv-tiktokx-cropcenter:100:100.jpg?dr=9640&refresh_token=28f6064d&x-expires=1746259200&x-signature=xF2Hzq9nqiHc4wLr0G9xuSBqWz0%3D&t=4d5b0474&ps=13740610&shp=30310797&shcp=ff37627b&idc=useast5","7474652526802617095","1740328174","2025-02-23T16:29:34.000Z","1","https://vt.tiktok.com/ZSh8FQbqo/","false",,"7473473310891524872",,"https://vt.tiktok.com/ZSh8FQbqo/","dikritik koq jdi kek gini yak...","6520418386060869634","bang_top7","https://www.tiktok.com/@hai_online/video/7473394493971074311"
"https://p16-common-sign-sg.tiktokcdn-us.com/tos-alisg-avt-0068/49af4a89ad3a88b4151e2e2db4126040~tplv-tiktokx-cropcenter:100:100.jpg?dr=9640&refresh_token=b6a8c609&x-expires=1746259200&x-signature=6jWa80GifwVIm9wpiIoFtnDTDUo%3D&t=4d5b0474&ps=13740610&shp=30310797&shcp=ff37627b&idc=useast5","7477202239288574727","1740921829","2025-03-02T13:23:49.000Z","0","https://vt.tiktok.com/ZSh8FQbqo/","false",,"7473473310891524872",,"https://vt.tiktok.com/ZSh8FQbqo/","𝚜𝚊𝚖𝚊𝚊 𝚊𝚓𝚊 𝚊𝚗𝚊𝚔 𝚒𝚗𝚐","7466026310100993025","edenkris0507","https://www.tiktok.com/@hai_online/video/7473394493971074311"
"https://p16-common-sign-sg.tiktokcdn-us.com/tos-alisg-avt-0068/083afef0d9f635de7aeb4c8320be6117~tplv-tiktokx-cropcenter:100:100.jpg?dr=9640&refresh_token=5c76b208&x-expires=1746259200&x-signature=XaGcpdd%2FirCUWIGk37r9Gmp5DMo%3D&t=4d5b0474&ps=13740610&shp=30310797&shcp=ff37627b&idc=useast5","7473466551452304135","1740052043","2025-02-20T11:47:23.000Z","3","https://vt.tiktok.com/ZSh8FQbqo/","false",,"7473458870189572872",,"https://vt.tiktok.com/ZSh8FQbqo/","kecelakan d jalan ambil motor d kantor bayar
laporan bayar cabut laporan bayar.
ada yng lain nya....","6583623441621516289","odiwr77","https://www.tiktok.com/@hai_online/video/7473394493971074311"
"https://p16-common-sign-sg.tiktokcdn-us.com/tos-alisg-avt-0068/7e7f858e8918fa907a8bf50e87f48bb6~tplv-tiktokx-cropcenter:100:100.jpg?dr=9640&refresh_token=7c3c11c2&x-expires=1746259200&x-signature=YzeWnGxuFfC4CqXW3cSuGkhQbe4%3D&t=4d5b0474&ps=13740610&shp=30310797&shcp=ff37627b&idc=useast5","7473481279569953543","1740055470","2025-02-20T12:44:30.000Z","2","https://vt.tiktok.com/ZSh8FQbqo/","false",,"7473458870189572872",,"https://vt.tiktok.com/ZSh8FQbqo/","gua bkin surat keilangan ktp aja byr bro di polsek😁","7418123287286989829","sugihberas.sugihduit","https://www.tiktok.com/@hai_online/video/7473394493971074311"
"https://p16-common-sign-sg.tiktokcdn-us.com/tos-alisg-avt-0068/49af4a89ad3a88b4151e2e2db4126040~tplv-tiktokx-cropcenter:100:100.jpg?dr=9640&refresh_token=b6a8c609&x-expires=1746259200&x-signature=6jWa80GifwVIm9wpiIoFtnDTDUo%3D&t=4d5b0474&ps=13740610&shp=30310797&shcp=ff37627b&idc=useast5","7477202457782682386","1740921874","2025-03-02T13:24:34.000Z","0","https://vt.tiktok.com/ZSh8FQbqo/","false",,"7473458870189572872",,"https://vt.tiktok.com/ZSh8FQbqo/","𝚔𝚘𝚛𝚞𝚙𝚜𝚒= 𝚋𝚊𝚢𝚊𝚛","7466026310100993025","edenkris0507","https://www.tiktok.com/@hai_online/video/7473394493971074311"
"https://p16-common-sign-va.tiktokcdn-us.com/tos-maliva-avt-0068/644704c183db67cf6e32c1a8bc0cb446~tplv-tiktokx-cropcenter:100:100.jpg?dr=9640&refresh_token=e7d797e3&x-expires=1746259200&x-signature=fQYxd8uZJINno7kgeq7PRvrPqyc%3D&t=4d5b0474&ps=13740610&shp=30310797&shcp=ff37627b&idc=useast5","7475636275073794824","1740557225","2025-02-26T08:07:05.000Z","0","https://vt.tiktok.com/ZSh8FQbqo/","false",,"7473458870189572872",,"https://vt.tiktok.com/ZSh8FQbqo/","buuanyaaak... 😂","6644051591757856770","maia.meimei","https://www.tiktok.com/@hai_online/video/7473394493971074311"
"https://p16-common-sign-sg.tiktokcdn-us.com/tos-alisg-avt-0068/4a3a3d78205ade4de258161304001982~tplv-tiktokx-cropcenter:100:100.jpg?dr=9640&refresh_token=3cc3b9b7&x-expires=1746259200&x-signature=fREoNbTRSRhnJzUOvlTOtqdbhRE%3D&t=4d5b0474&ps=13740610&shp=30310797&shcp=ff37627b&idc=useast5","7474824632189993735","1740368246","2025-02-24T03:37:26.000Z","0","https://vt.tiktok.com/ZSh8FQbqo/","false",,"7473458870189572872",,"https://vt.tiktok.com/ZSh8FQbqo/","gua ambil BPKB aja bayar","7343827526776980485","rendy.alfiansyah69","https://www.tiktok.com/@hai_online/video/7473394493971074311"
"https://p16-common-sign-va.tiktokcdn-us.com/tos-maliva-avt-0068/7249231584132333574~tplv-tiktokx-cropcenter:100:100.jpg?dr=9640&refresh_token=1834f893&x-expires=1746259200&x-signature=m2hfua9rwwoAJXeYdbeecqDVX%2BI%3D&t=4d5b0474&ps=13740610&shp=30310797&shcp=ff37627b&idc=useast5","7474790859049927440","1740360387","2025-02-24T01:26:27.000Z","0","https://vt.tiktok.com/ZSh8FQbqo/","false",,"7473458870189572872",,"https://vt.tiktok.com/ZSh8FQbqo/","daftar polisi","7202772324624368642","zainuddinzainuddi6866","https://www.tiktok.com/@hai_online/video/7473394493971074311"
"https://p16-common-sign-va.tiktokcdn-us.com/tos-maliva-avt-0068/a92c67044944f1d489926f65bde166d1~tplv-tiktokx-cropcenter:100:100.jpg?dr=9640&refresh_token=773f171a&x-expires=1746259200&x-signature=rm6LabrEWXXU7mCdt1wzv5IydCU%3D&t=4d5b0474&ps=13740610&shp=30310797&shcp=ff37627b&idc=useast5","7474510727907869458","1740295157","2025-02-23T07:19:17.000Z","0","https://vt.tiktok.com/ZSh8FQbqo/","false",,"7473458870189572872",,"https://vt.tiktok.com/ZSh8FQbqo/","elu kencing d wc unum bayar g? palagi d tilang tah karuan lo salah. uang tilangnya juga d setorin ke negara kan d makan lg sm elu jd subsidi","7106528630377415682","tadjimalela25","https://www.tiktok.com/@hai_online/video/7473394493971074311"
"https://p16-common-sign-sg.tiktokcdn-us.com/tos-alisg-avt-0068/cbe968388523c9aefb957749faeba48a~tplv-tiktokx-cropcenter:100:100.jpg?dr=9640&refresh_token=96103a30&x-expires=1746259200&x-signature=f%2F6psEGpYy1LjMJ0Bd9u1OLN17Y%3D&t=4d5b0474&ps=13740610&shp=30310797&shcp=ff37627b&idc=useast5","7474471140866605840","1740285944","2025-02-23T04:45:44.000Z","0","https://vt.tiktok.com/ZSh8FQbqo/","false",,"7473458870189572872",,"https://vt.tiktok.com/ZSh8FQbqo/","masuk pol bayar🤣","7005704118983721985","madhil31","https://www.tiktok.com/@hai_online/video/7473394493971074311"
"https://p16-common-sign-sg.tiktokcdn-us.com/tos-alisg-avt-0068/f2f2391465282f89e5805644961f3e71~tplv-tiktokx-cropcenter:100:100.jpg?dr=9640&refresh_token=a3f4fc01&x-expires=1746259200&x-signature=3HSXQD3xq8b8Llcl8UQqX6bu1NE%3D&t=4d5b0474&ps=13740610&shp=30310797&shcp=ff37627b&idc=useast5","7473786847950209810","1740126620","2025-02-21T08:30:20.000Z","1","https://vt.tiktok.com/ZSh8FQbqo/","false",,"7473458870189572872",,"https://vt.tiktok.com/ZSh8FQbqo/","bikin skck","7061602876762997786","aldysyafutraaa","https://www.tiktok.com/@hai_online/video/7473394493971074311"
"https://p16-common-sign-va.tiktokcdn-us.com/tos-maliva-avt-0068/a7c35e3440c7a9f4ce57a24d3ea79456~tplv-tiktokx-cropcenter:100:100.jpg?dr=9640&refresh_token=c34fc827&x-expires=1746259200&x-signature=itpIWYjV6HwyVVzTBV57lL4BP%2BM%3D&t=4d5b0474&ps=13740610&shp=30310797&shcp=ff37627b&idc=useast5","7473478812458894098","1740054892","2025-02-20T12:34:52.000Z","0","https://vt.tiktok.com/ZSh8FQbqo/","false",,"7473458870189572872",,"https://vt.tiktok.com/ZSh8FQbqo/","harga pas tancap gas🤣","7054521304657593350","putradinanreynandy","https://www.tiktok.com/@hai_online/video/7473394493971074311"
"https://p16-common-sign-va.tiktokcdn-us.com/tos-maliva-avt-0068/5b94e3dd89b038d65f87db0a60659c76~tplv-tiktokx-cropcenter:100:100.jpg?dr=9640&refresh_token=bafc2ef8&x-expires=1746259200&x-signature=cJgq8vMLzaTxfKXFhnckQafGaRE%3D&t=4d5b0474&ps=13740610&shp=30310797&shcp=ff37627b&idc=useast5","7473469419424940816","1740052717","2025-02-20T11:58:37.000Z","0","https://vt.tiktok.com/ZSh8FQbqo/","false",,"7473467249530127122",,"https://vt.tiktok.com/ZSh8FQbqo/","kenapa gak ke bank langsung mas? saya pernah ke bank langsung bisa","7361276327533003781","neocroptes","https://www.tiktok.com/@hai_online/video/7473394493971074311"
"https://p16-common-sign-useast2a.tiktokcdn-us.com/tos-useast2a-avt-0068-euttp/7343809040541515809~tplv-tiktokx-cropcenter:100:100.jpg?dr=9640&refresh_token=0bea0f82&x-expires=1746259200&x-signature=bZ6KnY8Mjw078e1b2GPuV0rghc4%3D&t=4d5b0474&ps=13740610&shp=30310797&shcp=ff37627b&idc=useast5","7473471153852416788","1740053109","2025-02-20T12:05:09.000Z","0","https://vt.tiktok.com/ZSh8FQbqo/","false",,"7473467249530127122",,"https://vt.tiktok.com/ZSh8FQbqo/","saya pernah juga kehilangan ATM, disuruh buat laporan kehilangan di Polsek","6801781069076710402","_haikal666","https://www.tiktok.com/@hai_online/video/7473394493971074311"
"https://p16-common-sign-va.tiktokcdn-us.com/tos-maliva-avt-0068/5b94e3dd89b038d65f87db0a60659c76~tplv-tiktokx-cropcenter:100:100.jpg?dr=9640&refresh_token=bafc2ef8&x-expires=1746259200&x-signature=cJgq8vMLzaTxfKXFhnckQafGaRE%3D&t=4d5b0474&ps=13740610&shp=30310797&shcp=ff37627b&idc=useast5","7473471515637383953","1740053199","2025-02-20T12:06:39.000Z","0","https://vt.tiktok.com/ZSh8FQbqo/","false",,"7473467249530127122",,"https://vt.tiktok.com/ZSh8FQbqo/","oh gitu, udah beda mungkin skrg, saya 5 thn lalu","7361276327533003781","neocroptes","https://www.tiktok.com/@hai_online/video/7473394493971074311"
"https://p16-common-sign-sg.tiktokcdn-us.com/tos-alisg-avt-0068/e9197c55d71f6c29b45087f72d0a0b4d~tplv-tiktokx-cropcenter:100:100.jpg?dr=9640&refresh_token=f2fe9934&x-expires=1746259200&x-signature=y3hI5iYr2%2F67742wmCS6ztUlOUY%3D&t=4d5b0474&ps=13740610&shp=30310797&shcp=ff37627b&idc=useast5","7473847235459220232","1740140680","2025-02-21T12:24:40.000Z","0","https://vt.tiktok.com/ZSh8FQbqo/","false",,"7473467249530127122",,"https://vt.tiktok.com/ZSh8FQbqo/","padahal bilang saja kartunya ketelen. asal ingat kapan terakhir transaksi pake ATM nya ☺️","7458935433441149958","arrizky656","https://www.tiktok.com/@hai_online/video/7473394493971074311"
"https://p16-common-sign-va.tiktokcdn-us.com/tos-maliva-avt-0068/8f9c413bc93580496b178cb8d4059aee~tplv-tiktokx-cropcenter:100:100.jpg?dr=9640&refresh_token=a990c02f&x-expires=1746259200&x-signature=GQhGPsCUwflsXdXxfws%2Br5UYRic%3D&t=4d5b0474&ps=13740610&shp=30310797&shcp=ff37627b&idc=useast5","7473529497561088788","1740066697","2025-02-20T15:51:37.000Z","1","https://vt.tiktok.com/ZSh8FQbqo/","false",,"7473398269977182984",,"https://vt.tiktok.com/ZSh8FQbqo/","di intimidasi ya","6958479475823739910","epannzp","https://www.tiktok.com/@hai_online/video/7473394493971074311"
"https://p16-common-sign-va.tiktokcdn-us.com/musically-maliva-obj/1594805258216454~tplv-tiktokx-cropcenter:100:100.jpg?dr=9640&refresh_token=41ed5355&x-expires=1746259200&x-signature=34h6xQTWnsvzST54sikZy2CM07o%3D&t=4d5b0474&ps=13740610&shp=30310797&shcp=ff37627b&idc=useast5","7473625262338654983","1740089040","2025-02-20T22:04:00.000Z","0","https://vt.tiktok.com/ZSh8FQbqo/","false",,"7473398269977182984",,"https://vt.tiktok.com/ZSh8FQbqo/","kok jujur itu dilarang ya","7451625657463194631","bapak2randompadaumumnya","https://www.tiktok.com/@hai_online/video/7473394493971074311"
"https://p16-common-sign-va.tiktokcdn-us.com/tos-maliva-avt-0068/0f78718c103b75d1684a4d585fbaca8d~tplv-tiktokx-cropcenter:100:100.jpg?dr=9640&refresh_token=5c91a4cd&x-expires=1746259200&x-signature=RVBTiqRGaaaFAGwgmJ7LXyHoVow%3D&t=4d5b0474&ps=13740610&shp=30310797&shcp=ff37627b&idc=useast5","7473766805723644680","1740121948","2025-02-21T07:12:28.000Z","0","https://vt.tiktok.com/ZSh8FQbqo/","false",,"7473398269977182984",,"https://vt.tiktok.com/ZSh8FQbqo/","Jujur adalah aib -Pulici","6877280694092252162","nukeliquid","https://www.tiktok.com/@hai_online/video/7473394493971074311"
"https://p16-common-sign-va.tiktokcdn-us.com/tos-maliva-avt-0068/7300040375917608966~tplv-tiktokx-cropcenter:100:100.jpg?dr=9640&refresh_token=2bf9a72b&x-expires=1746259200&x-signature=J9GU%2BAMM8K4drkkCFgArCe9q9OM%3D&t=4d5b0474&ps=13740610&shp=30310797&shcp=ff37627b&idc=useast5","7473398336977666821","1740036202","2025-02-20T07:23:22.000Z","15","https://vt.tiktok.com/ZSh8FQbqo/","false",,"7473398269977182984",,"https://vt.tiktok.com/ZSh8FQbqo/","lu belum pernah di gebukin polisi yang pakek senjata ya bg","7299787706857571334","tkecang","https://www.tiktok.com/@hai_online/video/7473394493971074311"
"https://p16-common-sign-va.tiktokcdn-us.com/tos-maliva-avt-0068/572f1d4ffc16308ceff7b0af2eaff964~tplv-tiktokx-cropcenter:100:100.jpg?dr=9640&refresh_token=d085d385&x-expires=1746259200&x-signature=jeeDDH1X497IaTL6%2FMJEdF%2F8OGI%3D&t=4d5b0474&ps=13740610&shp=30310797&shcp=ff37627b&idc=useast5","7473494903017112327","1740058638","2025-02-20T13:37:18.000Z","0","https://vt.tiktok.com/ZSh8FQbqo/","false",,"7473398269977182984",,"https://vt.tiktok.com/ZSh8FQbqo/","Dari pada punk legislatif😆","6907625896274985985","pegawaiswastaa","https://www.tiktok.com/@hai_online/video/7473394493971074311"
"https://p16-common-sign-va.tiktokcdn-us.com/tos-maliva-avt-0068/c7c4619e420f66da744a4e3fdd3c95dc~tplv-tiktokx-cropcenter:100:100.jpg?dr=9640&refresh_token=76e37506&x-expires=1746259200&x-signature=KtmdB4SCNGHbZwuxYMHstlRH8y8%3D&t=4d5b0474&ps=13740610&shp=30310797&shcp=ff37627b&idc=useast5","7473485235209208584","1740056389","2025-02-20T12:59:49.000Z","0","https://vt.tiktok.com/ZSh8FQbqo/","false",,"7473398269977182984",,"https://vt.tiktok.com/ZSh8FQbqo/","yaelah polisi pake akun fake yahahha😹😹 culs lu bang","6812659006697473026","jekkirene","https://www.tiktok.com/@hai_online/video/7473394493971074311"
"https://p16-common-sign-va.tiktokcdn-us.com/tos-maliva-avt-0068/5523e9709e03c93803ecc149a259bd44~tplv-tiktokx-cropcenter:100:100.jpg?dr=9640&refresh_token=12ced00d&x-expires=1746259200&x-signature=n%2FgwYj69apPkHtGUxkz%2FM11J2Ik%3D&t=4d5b0474&ps=13740610&shp=30310797&shcp=ff37627b&idc=useast5","7473465796271948549","1740051895","2025-02-20T11:44:55.000Z","0","https://vt.tiktok.com/ZSh8FQbqo/","false",,"7473398269977182984",,"https://vt.tiktok.com/ZSh8FQbqo/","BCD !!!","7237142196309378049","tumisterasi","https://www.tiktok.com/@hai_online/video/7473394493971074311"
"https://p16-common-sign-sg.tiktokcdn-us.com/tos-alisg-avt-0068/6050c1d95c56cae6aff4a29e3740db21~tplv-tiktokx-cropcenter:100:100.jpg?dr=9640&refresh_token=a337952a&x-expires=1746259200&x-signature=XGl2Ai1rJudB8prTOwGx7vItKCk%3D&t=4d5b0474&ps=13740610&shp=30310797&shcp=ff37627b&idc=useast5","7473429041081680648","1740043305","2025-02-20T09:21:45.000Z","0","https://vt.tiktok.com/ZSh8FQbqo/","false",,"7473398269977182984",,"https://vt.tiktok.com/ZSh8FQbqo/","dari pada mati mending klarifikasi","6569611187428212737","sisirkiri","https://www.tiktok.com/@hai_online/video/7473394493971074311"
"https://p16-common-sign-sg.tiktokcdn-us.com/tos-alisg-avt-0068/e439ae581ac5cfd0455ebcbd064764cb~tplv-tiktokx-cropcenter:100:100.jpg?dr=9640&refresh_token=1c99840f&x-expires=1746259200&x-signature=SsGQWKoQcrpkSqNB2hQS%2BlMCQqg%3D&t=4d5b0474&ps=13740610&shp=30310797&shcp=ff37627b&idc=useast5","7473421267594609428","1740041505","2025-02-20T08:51:45.000Z","0","https://vt.tiktok.com/ZSh8FQbqo/","false",,"7473398269977182984",,"https://vt.tiktok.com/ZSh8FQbqo/","jangan ada komentar “PUNK KOK KLARIFIKASI” dengan dia berani menyuarakan lewat lagunya sudah mewakili keresahan kita semua.mungkin instansi yg dikritik melalui lagu tersbut,tidak menerima fakta fakta","6979806580536902657","14.avy","https://www.tiktok.com/@hai_online/video/7473394493971074311"
"https://p16-common-sign-sg.tiktokcdn-us.com/tos-alisg-avt-0068/2fe4973cfb25e286100cde60253f3c44~tplv-tiktokx-cropcenter:100:100.jpg?dr=9640&refresh_token=42b40424&x-expires=1746259200&x-signature=6qqxC2o%2FIxK6lpGfAsI3ZMlxNCY%3D&t=4d5b0474&ps=13740610&shp=30310797&shcp=ff37627b&idc=useast5","7473412270640579345","1740039403","2025-02-20T08:16:43.000Z","0","https://vt.tiktok.com/ZSh8FQbqo/","false",,"7473398269977182984",,"https://vt.tiktok.com/ZSh8FQbqo/","lu polisi ya","6985089092946101274","fearspreader","https://www.tiktok.com/@hai_online/video/7473394493971074311"
"https://p16-common-sign-sg.tiktokcdn-us.com/tos-alisg-avt-0068/b3a15c9548807ca43246ea599e2fcc7b~tplv-tiktokx-cropcenter:100:100.jpg?dr=9640&refresh_token=22a1db8a&x-expires=1746259200&x-signature=cg6bJkWZHK92qR8feG1OIDaojPc%3D&t=4d5b0474&ps=13740610&shp=30310797&shcp=ff37627b&idc=useast5","7473420296487142161","1740041277","2025-02-20T08:47:57.000Z","0","https://vt.tiktok.com/ZSh8FQbqo/","false",,"7473398269977182984",,"https://vt.tiktok.com/ZSh8FQbqo/","wkwkwkw","6927643202338014210","rizkiramadhani_69","https://www.tiktok.com/@hai_online/video/7473394493971074311"
"https://p16-common-sign-sg.tiktokcdn-us.com/tos-alisg-avt-0068/e729849b08c93d24ccd8b75c952a311f~tplv-tiktokx-cropcenter:100:100.jpg?dr=9640&refresh_token=86fa2d03&x-expires=1746259200&x-signature=xC6iifpfVod64EhBqxVw4Ie9xUA%3D&t=4d5b0474&ps=13740610&shp=30310797&shcp=ff37627b&idc=useast5","7473410727299547911","1740039043","2025-02-20T08:10:43.000Z","0","https://vt.tiktok.com/ZSh8FQbqo/","false",,"7473398269977182984",,"https://vt.tiktok.com/ZSh8FQbqo/","polisinya muncul","7024469749300560901","mochirock03","https://www.tiktok.com/@hai_online/video/7473394493971074311"
"https://p16-common-sign-sg.tiktokcdn-us.com/tos-alisg-avt-0068/e0fb27c2a0d4ce807e5938ad599d4fdb~tplv-tiktokx-cropcenter:100:100.jpg?dr=9640&refresh_token=d6581b22&x-expires=1746259200&x-signature=1aWhbUC7XeVvJknbr7xAUVxGwOI%3D&t=4d5b0474&ps=13740610&shp=30310797&shcp=ff37627b&idc=useast5","7473409663514739477","1740038797","2025-02-20T08:06:37.000Z","0","https://vt.tiktok.com/ZSh8FQbqo/","false",,"7473398269977182984",,"https://vt.tiktok.com/ZSh8FQbqo/","lolot","7115111964376204314","igeemmm","https://www.tiktok.com/@hai_online/video/7473394493971074311"
"https://p16-common-sign-va.tiktokcdn-us.com/tos-maliva-avt-0068/0b60b23163fdc038ba18104121b2ae5f~tplv-tiktokx-cropcenter:100:100.jpg?dr=9640&refresh_token=71ba8fb9&x-expires=1746259200&x-signature=LMWeK2e18iszua%2FegZ3SugQkC%2Fo%3D&t=4d5b0474&ps=13740610&shp=30310797&shcp=ff37627b&idc=useast5","7473409414733710087","1740038742","2025-02-20T08:05:42.000Z","0","https://vt.tiktok.com/ZSh8FQbqo/","false",,"7473398269977182984",,"https://vt.tiktok.com/ZSh8FQbqo/","lu tau ga seberapa berat ancaman mereka sampe buka topeng gini?","6822641533897491457","shuttershott","https://www.tiktok.com/@hai_online/video/7473394493971074311"
"https://p19-common-sign-sg.tiktokcdn-us.com/tos-alisg-avt-0068/a611b7483ab5ac0f2dd4e25f05bfe164~tplv-tiktokx-cropcenter:100:100.jpg?dr=9640&refresh_token=9809e728&x-expires=1746259200&x-signature=rVGGkky24I5tMtP3rYC0MJ3%2FamA%3D&t=4d5b0474&ps=13740610&shp=30310797&shcp=ff37627b&idc=useast5","7473403465018131207","1740037359","2025-02-20T07:42:39.000Z","0","https://vt.tiktok.com/ZSh8FQbqo/","false",,"7473398269977182984",,"https://vt.tiktok.com/ZSh8FQbqo/","PUNK bukan berarti kebal","7024727727866070017","user192529066","https://www.tiktok.com/@hai_online/video/7473394493971074311"
"https://p19-common-sign-sg.tiktokcdn-us.com/tos-alisg-avt-0068/9e96bad0efd01d95cb1bbde972309fe5~tplv-tiktokx-cropcenter:100:100.jpg?dr=9640&refresh_token=d9da9d31&x-expires=1746259200&x-signature=hvMXAFDjKoYYAgSXT%2FsGnfO5opw%3D&t=4d5b0474&ps=13740610&shp=30310797&shcp=ff37627b&idc=useast5","7473402340545872648","1740037096","2025-02-20T07:38:16.000Z","5","https://vt.tiktok.com/ZSh8FQbqo/","false",,"7473398269977182984",,"https://vt.tiktok.com/ZSh8FQbqo/","lu mikir ga kalo mereka di ancem??","6984846417584768001","sir55rrrr","https://www.tiktok.com/@hai_online/video/7473394493971074311"
"https://p16-common-sign-sg.tiktokcdn-us.com/tos-alisg-avt-0068/0c23be7cbea52e8f4944971e73594512~tplv-tiktokx-cropcenter:100:100.jpg?dr=9640&refresh_token=87d42879&x-expires=1746259200&x-signature=WrOoUu4Vkew094Rc9RoM27MXd6w%3D&t=4d5b0474&ps=13740610&shp=30310797&shcp=ff37627b&idc=useast5","7473403920908714759","1740037459","2025-02-20T07:44:19.000Z","3","https://vt.tiktok.com/ZSh8FQbqo/","false",,"7473398269977182984",,"https://vt.tiktok.com/ZSh8FQbqo/","yang ini klarifikasi karna ditindas, yang sebelah klarifikasi karna menindas🤭","7023205614277870619","jrigoodhuman","https://www.tiktok.com/@hai_online/video/7473394493971074311"
"https://p16-common-sign-va.tiktokcdn-us.com/tos-maliva-avt-0068/64f81438a0d7c78f0a5ad58018f1f062~tplv-tiktokx-cropcenter:100:100.jpg?dr=9640&refresh_token=2b99b237&x-expires=1746259200&x-signature=R7WR0W8ShVYNDpIPENF1YfdPzo0%3D&t=4d5b0474&ps=13740610&shp=30310797&shcp=ff37627b&idc=useast5","7473417446209716997","1740040638","2025-02-20T08:37:18.000Z","1","https://vt.tiktok.com/ZSh8FQbqo/","false",,"7473398269977182984",,"https://vt.tiktok.com/ZSh8FQbqo/","takut sama fakta lu?","6882640181603632130","voidbluee","https://www.tiktok.com/@hai_online/video/7473394493971074311"
"https://p19-common-sign-va.tiktokcdn-us.com/tos-maliva-avt-0068/7ebc18d87844565a442bf100aa0f4f3e~tplv-tiktokx-cropcenter:100:100.jpg?dr=9640&refresh_token=83148f49&x-expires=1746259200&x-signature=vAgYGAz7ajBFunrYFHwVsKrPFwE%3D&t=4d5b0474&ps=13740610&shp=30310797&shcp=ff37627b&idc=useast5","7473667198797628215","1740098780","2025-02-21T00:46:20.000Z","0","https://vt.tiktok.com/ZSh8FQbqo/","false",,"7473398269977182984",,"https://vt.tiktok.com/ZSh8FQbqo/","daripada mati co😂","7213478296565089285","cigarettesafterbreak11","https://www.tiktok.com/@hai_online/video/7473394493971074311"
"https://p16-common-sign-va.tiktokcdn-us.com/tos-maliva-avt-0068/7356905577756229638~tplv-tiktokx-cropcenter:100:100.jpg?dr=9640&refresh_token=a0b24169&x-expires=1746259200&x-signature=Fj3adaHi%2BFomvIZxWaxWBFBgIdw%3D&t=4d5b0474&ps=13740610&shp=30310797&shcp=ff37627b&idc=useast5","7479064510289068816","1741355417","2025-03-07T13:50:17.000Z","0","https://vt.tiktok.com/ZSh8FQbqo/","false","false",,"0","https://vt.tiktok.com/ZSh8FQbqo/","sukses sukatani","7337297789858481154","tuya_0834","https://www.tiktok.com/@hai_online/video/7473394493971074311"
"https://p16-common-sign-sg.tiktokcdn-us.com/tos-alisg-avt-0068/422277ce679dc4ddcc1627534dc7f18b~tplv-tiktokx-cropcenter:100:100.jpg?dr=9640&refresh_token=43aa1461&x-expires=1746259200&x-signature=3dJaBW2dAbFG2pcwWVhi4y8WyoI%3D&t=4d5b0474&ps=13740610&shp=30310797&shcp=ff37627b&idc=useast5","7478984299292558098","1741351200","2025-03-07T12:40:00.000Z","0","https://vt.tiktok.com/ZSh8FQbqo/","false","false",,"0","https://vt.tiktok.com/ZSh8FQbqo/","Kapolri Jaga Kita, Sukatani Jaga Hukum! 🇲🇨 #Sukatani #Polisi #Hukum","7283390900906296325","pranatardii2","https://www.tiktok.com/@hai_online/video/7473394493971074311"
"https://p16-common-sign-sg.tiktokcdn-us.com/tos-alisg-avt-0068/d83c166da5d28b932d2edaa0acc863e7~tplv-tiktokx-cropcenter:100:100.jpg?dr=9640&refresh_token=cac7bc2a&x-expires=1746259200&x-signature=ksCJvgMWK6ETp%2B2yiAYgdaeQb5Y%3D&t=4d5b0474&ps=13740610&shp=30310797&shcp=ff37627b&idc=useast5","7478977412869899063","1741343098","2025-03-07T10:24:58.000Z","0","https://vt.tiktok.com/ZSh8FQbqo/","false","false",,"0","https://vt.tiktok.com/ZSh8FQbqo/","Sukatani, band yang telah mengungkapkan kritik terhadap oknum polisi dengan cara yang konstruktif. Kini, Polri menawarkan dukungan dengan mengajak","7283395377381606406","aseepkrtiko95","https://www.tiktok.com/@hai_online/video/7473394493971074311"
"https://p16-common-sign-sg.tiktokcdn-us.com/tos-alisg-avt-0068/24d23e665fada3b7f4858d027bd8f4b0~tplv-tiktokx-cropcenter:100:100.jpg?dr=9640&refresh_token=64c1940d&x-expires=1746259200&x-signature=NwEAOIP4mQzoL3MLL8A49g5QeAc%3D&t=4d5b0474&ps=13740610&shp=30310797&shcp=ff37627b&idc=useast5","7478971345313841938","1741343095","2025-03-07T10:24:55.000Z","0","https://vt.tiktok.com/ZSh8FQbqo/","false","false",,"0","https://vt.tiktok.com/ZSh8FQbqo/","Selamat pagi, teman-teman! Kapolri Jenderal Listyo Sigit Prabowo mengajak band Sukatani sebagai duta Polri. Ini adalah positif untuk memperkuat","7283388665513657362","febryazahra26","https://www.tiktok.com/@hai_online/video/7473394493971074311"
"https://p16-common-sign-va.tiktokcdn-us.com/tos-maliva-avt-0068/dbfb43c6a9e6c7ca223d3575ff58bffd~tplv-tiktokx-cropcenter:100:100.jpg?dr=9640&refresh_token=f67369ee&x-expires=1746259200&x-signature=2olQoOJaUPHbNuawHmXz2mpNZGg%3D&t=4d5b0474&ps=13740610&shp=30310797&shcp=ff37627b&idc=useast5","7483361957232329479","1742355999","2025-03-19T03:46:39.000Z","0","https://vt.tiktok.com/ZSh8FQbqo/","false","false",,"0","https://vt.tiktok.com/ZSh8FQbqo/","udah terlanjur hafal lagu ny... bayar bayar bayar","6983210066174673922","rhaudhe","https://www.tiktok.com/@hai_online/video/7473394493971074311"
"https://p16-common-sign-va.tiktokcdn-us.com/tos-maliva-avt-0068/d2d562df9fc8745df41ca35e658e6790~tplv-tiktokx-cropcenter:100:100.jpg?dr=9640&refresh_token=c20d42df&x-expires=1746259200&x-signature=bsEzCGQ0hyfgDJJlYOrJ1uuyztE%3D&t=4d5b0474&ps=13740610&shp=30310797&shcp=ff37627b&idc=useast5","7477412196637967159","1740970728","2025-03-03T02:58:48.000Z","0","https://vt.tiktok.com/ZSh8FQbqo/","false","false",,"0","https://vt.tiktok.com/ZSh8FQbqo/","kebanyakan polisi emang bayar bayar bayar😁","6970174536767570946","lis717151","https://www.tiktok.com/@hai_online/video/7473394493971074311"
"https://p16-common-sign-sg.tiktokcdn-us.com/tos-alisg-avt-0068/2a4736a7f54a512c689becc3999e3558~tplv-tiktokx-cropcenter:100:100.jpg?dr=9640&refresh_token=0ba94b84&x-expires=1746259200&x-signature=tMU%2Fx6s9In1uaOU4FwXlCXpDsU8%3D&t=4d5b0474&ps=13740610&shp=30310797&shcp=ff37627b&idc=useast5","7477422674088755986","1740973148","2025-03-03T03:39:08.000Z","0","https://vt.tiktok.com/ZSh8FQbqo/","false","false",,"0","https://vt.tiktok.com/ZSh8FQbqo/","BAYAR POLISI, POLISI GAPUNYA DUIT, IYA POLISI🗿","7385680673409451013","yupi_stres","https://www.tiktok.com/@hai_online/video/7473394493971074311"
"https://p16-common-sign-va.tiktokcdn-us.com/tos-maliva-avt-0068/13ea2308cba1d99b98dcfe69b635b0bf~tplv-tiktokx-cropcenter:100:100.jpg?dr=9640&refresh_token=c56d8416&x-expires=1746259200&x-signature=Gj%2Fqc3YYdi6Zpi4ouQ0wkpLxXZA%3D&t=4d5b0474&ps=13740610&shp=30310797&shcp=ff37627b&idc=useast5","7477821151965004551","1741065925","2025-03-04T05:25:25.000Z","0","https://vt.tiktok.com/ZSh8FQbqo/","false","false",,"0","https://vt.tiktok.com/ZSh8FQbqo/","kok minta maaf gak kuat bayar polisi ya?","6721003602133664770","wahidspike","https://www.tiktok.com/@hai_online/video/7473394493971074311"
"https://p16-common-sign-va.tiktokcdn-us.com/tos-maliva-avt-0068/a62256ffce1c8c7b013f013b5b32cf6c~tplv-tiktokx-cropcenter:100:100.jpg?dr=9640&refresh_token=133451f0&x-expires=1746259200&x-signature=4aieTT3iJeFAlX3GfLYoSL9KiOg%3D&t=4d5b0474&ps=13740610&shp=30310797&shcp=ff37627b&idc=useast5","7477915577944851207","1741087907","2025-03-04T11:31:47.000Z","0","https://vt.tiktok.com/ZSh8FQbqo/","false","false",,"0","https://vt.tiktok.com/ZSh8FQbqo/","makan nya bang kalo mo bikin lagu bayar polisi dulu😂","7070093569335886854","mbjomantika","https://www.tiktok.com/@hai_online/video/7473394493971074311"
"https://p16-common-sign-sg.tiktokcdn-us.com/tos-alisg-avt-0068/f3779677880d7fa2965b0025a8e663be~tplv-tiktokx-cropcenter:100:100.jpg?dr=9640&refresh_token=25009975&x-expires=1746259200&x-signature=YqwLXTBHpaZeu8kqWFPfWh%2FliOU%3D&t=4d5b0474&ps=13740610&shp=30310797&shcp=ff37627b&idc=useast5","7477497937053647624","1740990678","2025-03-03T08:31:18.000Z","0","https://vt.tiktok.com/ZSh8FQbqo/","false","false",,"0","https://vt.tiktok.com/ZSh8FQbqo/","peenah dengar = yang mengkritik polisi ADALAH SAHABAT KAPOLRI.","7285595421899113478","alvaro_3560","https://www.tiktok.com/@hai_online/video/7473394493971074311"
"https://p16-common-sign-va.tiktokcdn-us.com/tos-maliva-avt-0068/dec84b069f1bf01b3a14fe418e4bb576~tplv-tiktokx-cropcenter:100:100.jpg?dr=9640&refresh_token=60aa0fcc&x-expires=1746259200&x-signature=X53TPoyBRDbhDRv8Po4lC5Kbgug%3D&t=4d5b0474&ps=13740610&shp=30310797&shcp=ff37627b&idc=useast5","7477391063096394502","1740965806","2025-03-03T01:36:46.000Z","0","https://vt.tiktok.com/ZSh8FQbqo/","false","false",,"0","https://vt.tiktok.com/ZSh8FQbqo/","kenapa harus minta maaf itu fakta memang polisi sikit"" bayar","7295753995318084614","grub_barongsai_mulia","https://www.tiktok.com/@hai_online/video/7473394493971074311"
